-- phpMyAdmin SQL Dump
-- version 4.9.7
-- https://www.phpmyadmin.net/
--
-- Host: localhost:3306
-- Generation Time: Aug 02, 2022 at 02:53 AM
-- Server version: 5.7.39
-- PHP Version: 7.4.30

SET SQL_MODE = "NO_AUTO_VALUE_ON_ZERO";
SET AUTOCOMMIT = 0;
START TRANSACTION;
SET time_zone = "+00:00";


/*!40101 SET @OLD_CHARACTER_SET_CLIENT=@@CHARACTER_SET_CLIENT */;
/*!40101 SET @OLD_CHARACTER_SET_RESULTS=@@CHARACTER_SET_RESULTS */;
/*!40101 SET @OLD_COLLATION_CONNECTION=@@COLLATION_CONNECTION */;
/*!40101 SET NAMES utf8mb4 */;

--
-- Database: `retrocub_realtytek_qa2`
--

-- --------------------------------------------------------

--
-- Table structure for table `application_setting`
--

CREATE TABLE `application_setting` (
  `id` bigint(20) UNSIGNED NOT NULL,
  `identifier` varchar(255) COLLATE utf8mb4_unicode_ci NOT NULL,
  `meta_key` varchar(255) COLLATE utf8mb4_unicode_ci NOT NULL,
  `value` varchar(255) COLLATE utf8mb4_unicode_ci NOT NULL,
  `created_at` timestamp NULL DEFAULT NULL,
  `updated_at` timestamp NULL DEFAULT NULL,
  `deleted_at` timestamp NULL DEFAULT NULL
) ENGINE=InnoDB DEFAULT CHARSET=utf8mb4 COLLATE=utf8mb4_unicode_ci;

--
-- Dumping data for table `application_setting`
--

INSERT INTO `application_setting` (`id`, `identifier`, `meta_key`, `value`, `created_at`, `updated_at`, `deleted_at`) VALUES
(1, 'application_setting', 'logo', '/storage/application_setting/KdbsmPoX5pZdzO62bC4sWQXDWG8Bf0QOms4Ch2Cj.jpg', '2021-12-02 11:46:55', NULL, NULL),
(2, 'application_setting', 'favicon', '/storage/application_setting/zw0QA3kxuAGkViBrT3qus4DAxozdpYvG5dY9O1JL.png', '2021-12-02 11:46:55', NULL, NULL),
(3, 'application_setting', 'application_name', 'RealtyTek', '2021-12-02 11:46:55', NULL, NULL);

-- --------------------------------------------------------

--
-- Table structure for table `appointments`
--

CREATE TABLE `appointments` (
  `id` bigint(20) UNSIGNED NOT NULL,
  `agent_id` bigint(20) UNSIGNED NOT NULL,
  `customer_id` bigint(20) UNSIGNED NOT NULL,
  `property_id` bigint(20) UNSIGNED NOT NULL,
  `buyer_id` bigint(20) UNSIGNED NOT NULL,
  `slug` varchar(100) COLLATE utf8mb4_unicode_ci NOT NULL,
  `appointment_date` date NOT NULL,
  `appointment_time` time NOT NULL,
  `status` enum('pending','accept','reject') COLLATE utf8mb4_unicode_ci NOT NULL DEFAULT 'pending',
  `created_at` timestamp NULL DEFAULT NULL,
  `updated_at` timestamp NULL DEFAULT NULL,
  `deleted_at` timestamp NULL DEFAULT NULL
) ENGINE=InnoDB DEFAULT CHARSET=utf8mb4 COLLATE=utf8mb4_unicode_ci;

--
-- Dumping data for table `appointments`
--

INSERT INTO `appointments` (`id`, `agent_id`, `customer_id`, `property_id`, `buyer_id`, `slug`, `appointment_date`, `appointment_time`, `status`, `created_at`, `updated_at`, `deleted_at`) VALUES
(1, 4, 5, 1, 1, '112165254061aa0a005efaf', '2021-12-03', '17:13:46', 'pending', '2021-12-03 12:13:52', '2021-12-03 12:13:52', NULL),
(2, 4, 5, 1, 1, '106522543261aa0af98e3b0', '2021-12-03', '17:17:56', 'accept', '2021-12-03 12:18:01', '2021-12-07 06:35:45', NULL),
(3, 4, 5, 1, 2, '113584793161adad9364090', '2021-12-06', '11:28:25', 'accept', '2021-12-06 06:28:35', '2021-12-06 06:28:42', NULL),
(4, 11, 12, 4, 3, '31845343561ae263a787d5', '2021-12-06', '20:04:23', 'accept', '2021-12-06 15:03:22', '2021-12-06 15:03:32', NULL),
(5, 11, 12, 3, 3, '7505067261ae26635f9bf', '2021-12-06', '20:04:01', 'reject', '2021-12-06 15:04:03', '2021-12-06 15:04:16', NULL),
(6, 11, 12, 4, 3, '89210195861ae290f70ddd', '2021-12-06', '20:15:24', 'reject', '2021-12-06 15:15:27', '2021-12-06 15:16:00', NULL),
(7, 11, 12, 4, 3, '159589285061ae2aa630d5e', '2021-12-06', '20:22:12', 'accept', '2021-12-06 15:22:14', '2021-12-06 15:25:47', NULL),
(8, 11, 12, 3, 3, '93592033961ae2b90d08f7', '2021-12-06', '20:26:07', 'accept', '2021-12-06 15:26:08', '2021-12-06 15:27:59', NULL),
(9, 4, 5, 2, 1, '155778549761aefaad70c26', '2021-12-07', '11:09:46', 'pending', '2021-12-07 06:09:49', '2021-12-07 06:09:49', NULL),
(10, 13, 14, 8, 6, '152013574261b8bc8d82332', '2021-12-14', '20:47:20', 'accept', '2021-12-14 15:47:25', '2021-12-14 15:48:28', NULL),
(11, 4, 5, 2, 9, '88006170661bb2f2108c11', '2021-12-16', '17:20:45', 'accept', '2021-12-16 12:20:49', '2021-12-16 12:52:04', NULL),
(12, 20, 21, 9, 15, '79309964661c0a7a3658b4', '2021-12-20', '20:56:14', 'accept', '2021-12-20 15:56:19', '2021-12-20 15:56:24', NULL),
(13, 4, 5, 7, 5, '174715923961c1a18364507', '2021-12-21', '14:42:24', 'pending', '2021-12-21 09:42:27', '2021-12-21 09:42:27', NULL),
(14, 4, 5, 7, 5, '114535366061c1a27625486', '2021-12-21', '14:46:26', 'accept', '2021-12-21 09:46:30', '2021-12-21 10:21:36', NULL),
(15, 47, 48, 13, 20, '4961221961cdd7cc59a87', '2021-12-30', '21:01:10', 'accept', '2021-12-30 16:01:16', '2021-12-30 11:01:22', NULL),
(16, 47, 48, 13, 20, '105917094761cf16c32883c', '2021-12-31', '19:42:08', 'accept', '2021-12-31 14:42:11', '2021-12-31 09:42:27', NULL),
(17, 47, 48, 13, 20, '46469720561cf189d57c99', '2021-12-31', '19:50:06', 'accept', '2021-12-31 14:50:05', '2021-12-31 09:50:13', NULL),
(18, 47, 48, 13, 20, '8582649061cf24b18f8b5', '2021-12-31', '20:41:35', 'accept', '2021-12-31 15:41:37', '2021-12-31 10:41:42', NULL),
(19, 47, 48, 13, 20, '43117011761cf259bde93e', '2021-12-31', '20:45:27', 'accept', '2021-12-31 15:45:31', '2021-12-31 10:45:36', NULL),
(20, 47, 48, 13, 20, '51803542061cf25c32a3c1', '2021-12-31', '20:46:09', 'accept', '2021-12-31 15:46:11', '2021-12-31 10:46:16', NULL),
(21, 47, 48, 13, 20, '136996763661cf2634d1ecf', '2021-12-31', '20:48:03', 'accept', '2021-12-31 15:48:04', '2021-12-31 10:48:09', NULL),
(22, 47, 48, 13, 20, '161890019361cf266924a1d', '2021-12-31', '20:48:55', 'accept', '2021-12-31 15:48:57', '2021-12-31 10:49:02', NULL),
(23, 47, 48, 13, 20, '109242854161cf26b98ec98', '2021-12-31', '20:50:14', 'accept', '2021-12-31 15:50:17', '2021-12-31 10:50:25', NULL),
(24, 27, 54, 17, 22, '126657277161d2e8884905d', '2022-01-03', '17:13:56', 'accept', '2022-01-03 12:14:00', '2022-01-03 07:14:05', NULL),
(25, 27, 54, 17, 22, '46156747661d2e8b00b3f3', '2022-01-03', '17:14:27', 'accept', '2022-01-03 12:14:40', '2022-01-03 07:15:10', NULL),
(26, 27, 54, 17, 22, '22679912361d2e8ba19c69', '2022-01-03', '17:14:45', 'accept', '2022-01-03 12:14:50', '2022-01-03 07:14:56', NULL),
(27, 27, 54, 17, 22, '167386015461d2ea0578755', '2022-01-03', '17:20:18', 'accept', '2022-01-03 12:20:21', '2022-01-03 07:20:52', NULL),
(28, 27, 54, 17, 22, '206635283361d2ea0b910f5', '2022-01-03', '17:20:25', 'accept', '2022-01-03 12:20:27', '2022-01-03 07:20:47', NULL),
(29, 27, 54, 17, 22, '167525061861d2ea1241152', '2022-01-03', '17:20:32', 'accept', '2022-01-03 12:20:34', '2022-01-03 07:20:39', NULL),
(30, 98, 100, 31, 44, '1789702380623869e1dc0c5', '2022-03-21', '17:04:12', 'accept', '2022-03-21 16:04:49', '2022-03-21 11:05:30', NULL),
(31, 98, 100, 40, 52, '4578869456238a44db2764', '2022-03-21', '22:14:01', 'accept', '2022-03-21 20:14:05', '2022-03-21 15:17:37', NULL),
(32, 98, 100, 40, 45, '21064461996238a45e9c5d2', '2022-03-21', '22:14:18', 'accept', '2022-03-21 20:14:22', '2022-03-21 15:17:33', NULL),
(33, 98, 100, 39, 51, '12231796966238a4703d8e4', '2022-03-21', '22:14:36', 'accept', '2022-03-21 20:14:40', '2022-03-21 15:17:27', NULL),
(34, 98, 100, 39, 51, '5760294526238a47f21b4e', '2022-03-21', '22:14:51', 'accept', '2022-03-21 20:14:55', '2022-03-21 15:17:23', NULL),
(35, 98, 100, 40, 52, '15088708776238a4991811f', '2022-03-21', '21:15:03', 'accept', '2022-03-21 20:15:21', '2022-03-21 15:17:20', NULL),
(36, 98, 100, 40, 52, '8592551046238a4ac3a6c0', '2022-03-21', '22:15:36', 'accept', '2022-03-21 20:15:40', '2022-03-21 15:17:17', NULL),
(37, 98, 100, 40, 52, '13411550126238a56bf0ca5', '2022-03-21', '22:15:36', 'accept', '2022-03-21 20:18:51', '2022-03-22 05:56:58', NULL),
(38, 98, 100, 39, 51, '13369292106238a580566df', '2022-03-21', '22:19:07', 'accept', '2022-03-21 20:19:12', '2022-03-22 05:56:54', NULL),
(39, 98, 100, 37, 49, '12925650076238a59261049', '2022-03-21', '22:20:25', 'accept', '2022-03-21 20:19:30', '2022-03-22 05:56:52', NULL),
(40, 98, 100, 37, 49, '1745942186238a59ecee30', '2022-03-21', '22:20:25', 'accept', '2022-03-21 20:19:42', '2022-03-22 05:56:43', NULL),
(41, 98, 100, 37, 49, '15361382146238a65398b0f', '2022-03-21', '22:22:39', 'accept', '2022-03-21 20:22:43', '2022-03-22 05:56:39', NULL),
(42, 98, 100, 38, 50, '7219908546238a6843d324', '2022-03-21', '22:25:24', 'accept', '2022-03-21 20:23:32', '2022-03-22 05:56:33', NULL),
(43, 98, 100, 38, 50, '13963875366238a6b0de506', '2022-03-21', '22:25:24', 'accept', '2022-03-21 20:24:16', '2022-03-22 05:56:29', NULL),
(44, 98, 100, 39, 51, '2389087696238a6bfa1bde', '2022-03-21', '22:24:27', 'accept', '2022-03-21 20:24:31', '2022-03-22 05:56:27', NULL),
(45, 98, 100, 39, 45, '18135876616238a6e056eed', '2022-03-21', '22:25:58', 'accept', '2022-03-21 20:25:04', '2022-03-22 05:56:23', NULL),
(46, 98, 100, 38, 45, '13895019436238a6ee0f2fc', '2022-03-21', '22:25:14', 'accept', '2022-03-21 20:25:18', '2022-03-22 05:56:17', NULL),
(47, 98, 100, 38, 45, '7910342386238a6fe835dd', '2022-03-21', '22:25:14', 'accept', '2022-03-21 20:25:34', '2022-03-22 05:56:13', NULL),
(48, 98, 100, 35, 48, '1174982316238a70f2d696', '2022-03-21', '22:25:46', 'accept', '2022-03-21 20:25:51', '2022-03-22 05:56:10', NULL),
(49, 98, 100, 35, 48, '4412072006238a82ae2ec5', '2022-03-21', '22:30:30', 'accept', '2022-03-21 20:30:34', '2022-03-22 05:56:07', NULL),
(50, 98, 100, 39, 52, '14852043596238a84bd4209', '2022-03-21', '22:31:04', 'accept', '2022-03-21 20:31:07', '2022-03-22 05:53:39', NULL),
(51, 94, 101, 42, 53, '19427339986239770602839', '2022-03-22', '12:13:00', 'accept', '2022-03-22 11:13:10', '2022-03-22 06:32:36', NULL),
(52, 94, 101, 42, 53, '87212252562397af81681f', '2022-03-22', '12:29:50', 'accept', '2022-03-22 11:30:00', '2022-03-22 06:32:31', NULL),
(53, 94, 101, 41, 53, '111718671762397b069addc', '2022-03-22', '12:30:08', 'accept', '2022-03-22 11:30:14', '2022-03-22 06:32:29', NULL),
(54, 105, 106, 52, 61, '532915006623b5072defa4', '2022-03-23', '22:53:02', 'accept', '2022-03-23 20:53:06', '2022-03-24 06:42:32', NULL),
(55, 105, 106, 53, 61, '252562991623b508504b68', '2022-03-23', '22:53:19', 'accept', '2022-03-23 20:53:25', '2022-03-24 06:42:30', NULL),
(56, 105, 106, 51, 60, '583237184623b50998f573', '2022-03-23', '21:55:42', 'accept', '2022-03-23 20:53:45', '2022-03-24 06:42:28', NULL),
(57, 105, 106, 51, 59, '1092659014623b50fe200a0', '2022-03-23', '22:55:21', 'accept', '2022-03-23 20:55:26', '2022-03-24 06:42:27', NULL),
(58, 105, 106, 52, 59, '300794793623b510c36a6f', '2022-03-24', '21:55:33', 'accept', '2022-03-23 20:55:40', '2022-03-24 06:42:25', NULL),
(59, 105, 106, 53, 59, '838349857623b51183c2c9', '2022-03-23', '22:55:48', 'accept', '2022-03-23 20:55:52', '2022-03-24 06:42:23', NULL),
(60, 105, 106, 49, 57, '1327399811623b512f76647', '2022-03-23', '21:56:08', 'accept', '2022-03-23 20:56:15', '2022-03-24 06:42:19', NULL),
(61, 102, 103, 54, 63, '495859435623c3bdcaf046', '2022-03-24', '14:37:24', 'accept', '2022-03-24 13:37:32', '2022-03-24 08:41:57', NULL),
(62, 102, 103, 55, 63, '1677450191623c3becca1c2', '2022-03-24', '14:37:41', 'accept', '2022-03-24 13:37:48', '2022-03-24 08:41:55', NULL),
(63, 105, 106, 56, 64, '1419553803623c48bfda155', '2022-03-24', '16:32:27', 'reject', '2022-03-24 14:32:31', '2022-03-24 09:34:14', NULL),
(64, 105, 106, 57, 64, '1964366340623c48cd51001', '2022-03-25', '15:32:37', 'accept', '2022-03-24 14:32:45', '2022-03-24 09:33:58', NULL),
(65, 105, 106, 51, 68, '656141141623c9db0885bd', '2022-03-24', '21:36:51', 'accept', '2022-03-24 20:34:56', '2022-03-24 15:36:24', NULL),
(66, 105, 106, 50, 67, '186931302623c9dc976d40', '2022-03-24', '22:35:16', 'accept', '2022-03-24 20:35:21', '2022-03-24 15:36:26', NULL),
(67, 105, 106, 57, 66, '1546292663623c9de0b4513', '2022-03-25', '21:35:34', 'accept', '2022-03-24 20:35:44', '2022-03-24 15:36:28', NULL),
(68, 105, 106, 56, 65, '216577701623c9df7a799d', '2022-03-24', '23:55:59', 'accept', '2022-03-24 20:36:07', '2022-03-24 15:36:31', NULL),
(69, 105, 106, 57, 69, '1894207098623da961f2f8c', '2022-03-25', '17:37:00', 'accept', '2022-03-25 15:37:05', '2022-03-25 11:12:55', NULL),
(70, 105, 107, 57, 70, '605135488623db1b4d48b5', '2022-03-25', '18:12:27', 'accept', '2022-03-25 16:12:36', '2022-03-25 11:12:53', NULL),
(71, 111, 112, 62, 79, '18896113866243b6c2538dc', '2022-03-30', '15:00:12', 'accept', '2022-03-30 05:47:46', '2022-03-30 00:52:57', NULL),
(72, 111, 112, 65, 79, '2429436596243b722c8b9c', '2022-03-30', '13:00:25', 'accept', '2022-03-30 05:49:22', '2022-03-30 00:54:49', NULL),
(73, 111, 112, 65, 79, '1832109196243b7597d1ec', '2022-03-30', '17:00:50', 'reject', '2022-03-30 05:50:17', '2022-03-30 00:54:46', NULL),
(74, 111, 112, 65, 79, '17318990526243d82c9088c', '2022-03-30', '00:15:32', 'accept', '2022-03-30 08:10:20', '2022-06-05 02:46:21', NULL),
(75, 111, 112, 65, 79, '192214481624746dff0bb1', '2022-04-04', '18:00:03', 'accept', '2022-04-01 22:39:27', '2022-06-05 02:46:17', NULL),
(76, 111, 112, 63, 79, '200979455762697a7e3c890', '2022-04-27', '13:20:06', 'accept', '2022-04-27 21:16:46', '2022-04-27 16:17:12', NULL);

-- --------------------------------------------------------

--
-- Table structure for table `app_content`
--

CREATE TABLE `app_content` (
  `id` bigint(20) UNSIGNED NOT NULL,
  `identifier` varchar(100) COLLATE utf8mb4_unicode_ci NOT NULL,
  `content` text COLLATE utf8mb4_unicode_ci NOT NULL,
  `slug` varchar(255) COLLATE utf8mb4_unicode_ci NOT NULL,
  `status` enum('1','0') COLLATE utf8mb4_unicode_ci NOT NULL DEFAULT '1',
  `created_at` timestamp NULL DEFAULT NULL,
  `updated_at` timestamp NULL DEFAULT NULL,
  `deleted_at` timestamp NULL DEFAULT NULL
) ENGINE=InnoDB DEFAULT CHARSET=utf8mb4 COLLATE=utf8mb4_unicode_ci;

--
-- Dumping data for table `app_content`
--

INSERT INTO `app_content` (`id`, `identifier`, `content`, `slug`, `status`, `created_at`, `updated_at`, `deleted_at`) VALUES
(1, 'term_and_condition', 'Lorem Ipsum is simply dummy text of the printing and typesetting industry. Lorem Ipsum has been the industry', 'term_and_condition', '1', '2021-12-02 06:29:29', '2021-12-02 06:29:29', NULL),
(2, 'privacy_policy', 'It is a long established fact that a reader will be distracted by the readable content of a page when looking at its layout. The point of using Lorem Ipsum is that it has a more-or-less normal distribution of letters, as opposed to usin', 'privacy_policy', '1', '2021-12-02 06:29:29', '2021-12-03 12:00:21', NULL);

-- --------------------------------------------------------

--
-- Table structure for table `app_faqs`
--

CREATE TABLE `app_faqs` (
  `id` bigint(20) UNSIGNED NOT NULL,
  `question` text COLLATE utf8mb4_unicode_ci NOT NULL,
  `answer` text COLLATE utf8mb4_unicode_ci NOT NULL,
  `slug` varchar(255) COLLATE utf8mb4_unicode_ci NOT NULL,
  `status` enum('1','0') COLLATE utf8mb4_unicode_ci NOT NULL DEFAULT '0',
  `created_at` timestamp NULL DEFAULT NULL,
  `updated_at` timestamp NULL DEFAULT NULL,
  `deleted_at` timestamp NULL DEFAULT NULL
) ENGINE=InnoDB DEFAULT CHARSET=utf8mb4 COLLATE=utf8mb4_unicode_ci;

--
-- Dumping data for table `app_faqs`
--

INSERT INTO `app_faqs` (`id`, `question`, `answer`, `slug`, `status`, `created_at`, `updated_at`, `deleted_at`) VALUES
(1, 'is simply dummy text of the printing and typesetting industry?', 'Lorem Ipsum is simply dummy text of the printing and typesetting industry. Lorem Ipsum has been the industry..', '11001', '1', '2021-12-02 06:29:29', '2021-12-02 06:29:29', NULL),
(2, 'It is a long established fact that a reader will be distracted by the readable content of a page when looking at its layout?', 'Lorem Ipsum is simply dummy text of the printing and typesetting industry. Lorem Ipsum has been the industry..', '11002', '1', '2021-12-02 06:29:29', '2021-12-02 06:29:29', NULL),
(3, 'It is distracted by the readable content of a page when looking at its layout?', 'Lorem Ipsum is simply dummy text of the printing and typesetting industry. Lorem Ipsum has been the industry..', '11003', '1', '2021-12-02 06:29:29', '2021-12-02 06:29:29', NULL),
(4, 'new question testing', 'no ans', '61aa065d236b5', '1', '2021-12-03 11:58:21', '2021-12-03 11:59:53', '2021-12-03 11:59:53');

-- --------------------------------------------------------

--
-- Table structure for table `buyers`
--

CREATE TABLE `buyers` (
  `id` bigint(20) UNSIGNED NOT NULL,
  `agent_id` bigint(20) UNSIGNED NOT NULL,
  `customer_id` bigint(20) UNSIGNED NOT NULL,
  `creator_id` bigint(20) UNSIGNED NOT NULL,
  `slug` varchar(100) COLLATE utf8mb4_unicode_ci NOT NULL,
  `requirements` text COLLATE utf8mb4_unicode_ci NOT NULL,
  `price` varchar(255) COLLATE utf8mb4_unicode_ci NOT NULL,
  `house_type` varchar(50) COLLATE utf8mb4_unicode_ci DEFAULT NULL,
  `move_date` varchar(50) COLLATE utf8mb4_unicode_ci DEFAULT NULL,
  `first_time_buyer` varchar(50) COLLATE utf8mb4_unicode_ci DEFAULT NULL,
  `pre_approved` varchar(50) COLLATE utf8mb4_unicode_ci DEFAULT NULL,
  `company_name` varchar(100) COLLATE utf8mb4_unicode_ci DEFAULT NULL,
  `amount` varchar(50) COLLATE utf8mb4_unicode_ci DEFAULT NULL,
  `status` enum('1','0') COLLATE utf8mb4_unicode_ci NOT NULL DEFAULT '1',
  `initiate_contract` enum('1','0') COLLATE utf8mb4_unicode_ci NOT NULL DEFAULT '0',
  `created_at` timestamp NULL DEFAULT NULL,
  `updated_at` timestamp NULL DEFAULT NULL,
  `deleted_at` timestamp NULL DEFAULT NULL
) ENGINE=InnoDB DEFAULT CHARSET=utf8mb4 COLLATE=utf8mb4_unicode_ci;

--
-- Dumping data for table `buyers`
--

INSERT INTO `buyers` (`id`, `agent_id`, `customer_id`, `creator_id`, `slug`, `requirements`, `price`, `house_type`, `move_date`, `first_time_buyer`, `pre_approved`, `company_name`, `amount`, `status`, `initiate_contract`, `created_at`, `updated_at`, `deleted_at`) VALUES
(1, 4, 5, 4, '55434016361a9bf8ad6548', 'vsbsb', '84546', 'TH', '2021-12-03', 'No', 'No', NULL, NULL, '1', '1', '2021-12-03 06:56:10', '2021-12-16 12:36:35', NULL),
(2, 4, 5, 5, '110011138961adad53223a4', 'fgg', '8599', 'TH', '2021-12-29', 'No', 'No', NULL, NULL, '1', '1', '2021-12-06 06:27:31', '2021-12-07 06:35:25', NULL),
(3, 11, 12, 12, '164393964561ae200d706a6', 'ncjcjhx', '5580', 'TH', '2022-12-06', 'No', 'No', NULL, NULL, '1', '1', '2021-12-06 14:37:01', '2021-12-07 15:52:52', NULL),
(4, 4, 5, 5, '139296513761aefa9e85e84', 'zcc', '8558', 'C', '2021-12-07', 'No', 'No', NULL, NULL, '1', '0', '2021-12-07 06:09:34', '2021-12-07 06:33:37', NULL),
(5, 4, 5, 4, '18656241861af0221b07ae', 'ffg', '5526', 'TH', '2021-12-07', 'No', 'No', NULL, NULL, '1', '0', '2021-12-07 06:41:37', '2021-12-16 05:50:42', NULL),
(6, 13, 14, 14, '126979429961b8bac134a0f', 'dfg', '255588', 'C', '2021-12-15', 'Yes', 'Yes', 'ihh', '66989', '1', '1', '2021-12-14 15:39:45', '2021-12-15 15:13:22', NULL),
(7, 13, 14, 14, '116395369361ba03d276611', 'hccj', '55585757', 'TH', '2021-12-15', 'Yes', 'No', NULL, NULL, '1', '0', '2021-12-15 15:03:46', '2021-12-15 15:10:55', NULL),
(8, 4, 5, 4, '160375937861bb2da312afe', 'cvb', '8556', 'TH', '2021-12-16', 'No', 'No', NULL, NULL, '1', '0', '2021-12-16 12:14:27', '2021-12-16 12:14:42', '2021-12-16 12:14:42'),
(9, 4, 5, 4, '38084986061bb2e3490d74', 'dhf', '5566', 'C', '2021-12-16', 'No', 'No', NULL, NULL, '1', '0', '2021-12-16 12:16:52', '2021-12-16 12:16:52', NULL),
(10, 4, 5, 4, '159788683061bb2e8dd8c9a', 'fgh', '5528', 'TH', '2021-12-16', 'No', 'No', NULL, NULL, '1', '0', '2021-12-16 12:18:21', '2021-12-16 12:49:12', NULL),
(11, 4, 5, 5, '94007015161bb35f5008b0', 'xhcjfj', '856', 'F', '2021-12-16', 'No', 'No', NULL, NULL, '1', '0', '2021-12-16 12:49:57', '2021-12-16 12:49:57', NULL),
(12, 4, 5, 4, '177837805361bb36b4ca622', 'dhhdp', '8566', 'TH', '2023-12-16', 'No', 'No', NULL, NULL, '1', '0', '2021-12-16 12:53:08', '2021-12-16 12:53:08', NULL),
(13, 18, 19, 18, '117762360061bb5da3f084f', 'kgit', '-224576565767', 'TH', '2021-12-16', 'No', 'No', NULL, NULL, '1', '0', '2021-12-16 15:39:15', '2021-12-16 15:39:15', NULL),
(14, 20, 21, 20, '4361663561c0a086dbea7', 'changes', '25800', 'TH', '2021-12-20', 'No', 'No', NULL, NULL, '1', '0', '2021-12-20 15:25:58', '2021-12-28 08:49:23', NULL),
(15, 20, 21, 21, '74682886161c0a5f3e946a', 'kxid', '55668800', 'C', '2021-12-20', 'Yes', 'Yes', 'kgkfkf', '67897', '1', '0', '2021-12-20 15:49:07', '2021-12-20 15:53:56', NULL),
(16, 4, 5, 5, '147352004161c1a20a3f901', 'vjd', '554', 'C', '2021-12-21', 'No', 'No', NULL, NULL, '1', '0', '2021-12-21 09:44:42', '2021-12-21 09:44:42', NULL),
(17, 4, 5, 4, '112350491661c1a6ffc6ac7', 'dhhfjfj', '8655', 'TH', '2021-12-21', 'No', 'No', NULL, NULL, '1', '0', '2021-12-21 10:05:51', '2021-12-21 10:22:12', NULL),
(18, 4, 5, 4, '170401520561c1ab3794d47', 'bcjf', '55566', 'C', '2021-12-21', 'No', 'No', NULL, NULL, '1', '0', '2021-12-21 10:23:51', '2021-12-21 10:23:51', NULL),
(19, 36, 37, 36, '65645037861cb0c6ee1889', 'yfcvg', '25800000', 'TH', '2021-12-28', 'Yes', 'Yes', 'gjhh', '2880856', '1', '0', '2021-12-28 13:09:02', '2021-12-28 08:09:02', NULL),
(20, 47, 48, 48, '149212889661cdd3435974d', 'vcg', '25866255', 'TH', '2021-12-30', 'Yes', 'No', NULL, NULL, '1', '0', '2021-12-30 15:41:55', '2021-12-30 10:59:05', NULL),
(21, 43, 49, 43, '134896901561cdd4b23f8c3', 'yggggh', '55368', 'TH', '2021-12-30', 'No', 'Yes', 'uhh', '696', '1', '0', '2021-12-30 15:48:02', '2021-12-30 10:48:02', NULL),
(22, 27, 54, 54, '62632582161d2df833c789', 'dhh', '2585', 'C', '2022-01-03', 'No', 'No', NULL, NULL, '1', '0', '2022-01-03 11:35:31', '2022-01-03 07:13:45', NULL),
(23, 27, 54, 54, '22905311961d2e847d936a', 'dhh\nfho', '898', 'C', '2022-01-03', 'No', 'No', NULL, NULL, '1', '0', '2022-01-03 12:12:55', '2022-01-03 07:12:55', NULL),
(28, 4, 5, 4, '1088618938620ccf1eb112a', 'yom', '96384', 'Single Family (SF)', '2022-02-16', 'No', 'No', NULL, NULL, '1', '0', '2022-02-16 10:17:02', '2022-04-19 05:40:47', NULL),
(29, 71, 74, 71, '674681620621335e3306bf', 'good health', '85200', 'Town House (TH)', '2022-03-21', 'No', 'No', NULL, NULL, '1', '0', '2022-02-21 06:49:07', '2022-02-21 01:49:50', NULL),
(30, 3, 73, 73, '36666084862133b642c056', 'needs', '8520003', 'Single Family (SF)', '2022-03-21', 'No', 'No', NULL, NULL, '1', '0', '2022-02-21 07:12:36', '2022-02-21 02:12:36', NULL),
(31, 3, 73, 73, '55582696562133bd6f005c', 'need', '852009', 'Condo (C)', '2022-03-21', 'No', 'No', NULL, NULL, '1', '0', '2022-02-21 07:14:30', '2022-02-21 02:14:30', NULL),
(32, 71, 76, 76, '171117820962133f279ad33', 'need', '852000', 'Condo (C)', '2022-03-21', 'No', 'No', NULL, NULL, '1', '0', '2022-02-21 07:28:39', '2022-02-22 00:54:33', NULL),
(33, 71, 76, 76, '148348631262147831abb7b', 'needs', '85200', 'Town House (TH)', '2022-03-22', 'Yes', 'No', NULL, NULL, '1', '0', '2022-02-22 05:44:17', '2022-02-22 00:46:52', NULL),
(34, 71, 75, 71, '199726543462147a036d712', 'need', '85200', 'Condo (C)', '2022-03-22', 'No', 'No', NULL, NULL, '1', '0', '2022-02-22 05:52:03', '2022-02-22 00:52:03', NULL),
(35, 71, 77, 71, '78979204662147c001abb1', 'need', '85200', 'Town House (TH)', '2022-03-22', 'No', 'Yes', 'custo4', '52300', '1', '0', '2022-02-22 06:00:32', '2022-02-22 01:00:32', NULL),
(36, 71, 77, 71, '208543777862147c4227bb4', 'needs', '85200', 'Land (L)', '2022-04-22', 'No', 'No', NULL, NULL, '1', '0', '2022-02-22 06:01:38', '2022-02-22 01:01:49', NULL),
(37, 71, 77, 71, '164473553762147c7c4b5d0', 'needa', '58230', 'Single Family (SF)', '2022-03-23', 'No', 'No', NULL, NULL, '1', '0', '2022-02-22 06:02:36', '2022-02-22 01:02:36', NULL),
(38, 71, 75, 71, '121692975162206a05c9ce1', 'bbss', '85200', 'Town House (TH)', '2022-03-03', 'Yes', 'No', NULL, NULL, '1', '0', '2022-03-03 07:11:01', '2022-03-03 02:11:01', NULL),
(39, 71, 75, 71, '97700456662206a18691b0', 'bbss', '85200', 'Single Family (SF)', '2022-03-03', 'Yes', 'No', NULL, NULL, '1', '0', '2022-03-03 07:11:20', '2022-03-03 02:11:20', NULL),
(40, 71, 80, 71, '180616633162206a300513f', 'bbss', '85200', 'Single Family (SF)', '2022-03-03', 'Yes', 'No', NULL, NULL, '1', '0', '2022-03-03 07:11:44', '2022-03-03 02:11:44', NULL),
(41, 71, 74, 71, '214701826862206a415ea9d', 'bbss', '85200', 'Single Family (SF)', '2022-03-03', 'Yes', 'Yes', 'jkl', '586', '1', '0', '2022-03-03 07:12:01', '2022-03-03 02:13:31', NULL),
(42, 71, 74, 71, '166215306562206b1ab2dde', 'bns', '58200', 'Single Family (SF)', '2022-03-03', 'No', 'No', NULL, NULL, '1', '0', '2022-03-03 07:15:38', '2022-03-03 02:15:38', NULL),
(43, 98, 100, 100, '32145211862386864b7956', 'test buy req', '500', 'Condo (C)', '2022-03-25', 'No', 'No', NULL, NULL, '1', '0', '2022-03-21 15:58:28', '2022-03-21 10:58:28', NULL),
(44, 98, 100, 100, '933582139623868dd6c3f4', 'Secon', '700', 'Town House (TH)', '2022-03-24', 'Yes', 'Yes', 'company', '1400', '1', '0', '2022-03-21 16:00:29', '2022-03-21 11:03:44', NULL),
(45, 98, 100, 100, '8448738606238945c01472', 'test query', '500', 'Condo (C)', '2022-03-21', 'Yes', 'Yes', 'abc', '560', '1', '0', '2022-03-21 19:06:04', '2022-03-21 15:12:15', NULL),
(46, 98, 100, 100, '367956588623894817dfc2', 'test 2', '250', 'Farm (F)', '2022-03-21', 'Yes', 'Yes', 'tags', '484', '1', '0', '2022-03-21 19:06:41', '2022-03-21 14:06:41', NULL),
(47, 98, 100, 100, '21138871036238949aa70f3', 'test', '900', 'Land (L)', '2022-03-21', 'No', 'No', NULL, NULL, '1', '0', '2022-03-21 19:07:06', '2022-03-21 14:07:06', NULL),
(48, 98, 100, 100, '743480126623894b235152', 'test', '750', 'Condo (C)', '2022-03-21', 'No', 'No', NULL, NULL, '1', '0', '2022-03-21 19:07:30', '2022-03-21 15:11:41', NULL),
(49, 98, 100, 100, '561444399623894cdb4b5b', 'test', '800', 'Town House (TH)', '2022-03-21', 'No', 'No', NULL, NULL, '1', '0', '2022-03-21 19:07:57', '2022-03-21 15:11:24', NULL),
(50, 98, 100, 100, '773283324623894e40a34a', 'testing', '850', 'Single Family (SF)', '2022-03-21', 'No', 'No', NULL, NULL, '1', '0', '2022-03-21 19:08:20', '2022-03-21 15:11:09', NULL),
(51, 98, 100, 100, '1203856128623894fce6346', 'teat', '750', 'Condo (C)', '2022-03-21', 'No', 'No', NULL, NULL, '1', '0', '2022-03-21 19:08:44', '2022-03-21 15:10:55', NULL),
(52, 98, 100, 100, '22528980962389519cbd2f', 'tsgsh', '850', 'Farm (F)', '2022-03-21', 'No', 'No', NULL, NULL, '1', '0', '2022-03-21 19:09:13', '2022-03-21 15:11:57', NULL),
(53, 94, 101, 101, '99963616762396ac18ac1a', 'hjk', '523688', 'Condo (C)', '2022-03-22', 'No', 'Yes', 'ghj', '853', '1', '1', '2022-03-22 10:20:49', '2022-06-13 05:13:25', NULL),
(54, 94, 101, 94, '2099827027623ad48a61949', 'edu', '5288', 'Town House (TH)', '2022-03-23', 'No', 'No', NULL, NULL, '1', '1', '2022-03-23 12:04:26', '2022-06-13 05:05:13', NULL),
(55, 102, 103, 102, '941630274623b0ba310594', 'mmm', '52300', 'Town House (TH)', '2022-03-23', 'No', 'No', NULL, NULL, '1', '0', '2022-03-23 15:59:31', '2022-03-23 11:01:06', NULL),
(56, 105, 106, 106, '1155716093623b4e58a7e34', 'query 1', '4854', 'Farm (F)', '2022-03-23', 'No', 'No', NULL, NULL, '1', '0', '2022-03-23 20:44:08', '2022-03-23 15:56:42', NULL),
(57, 105, 106, 106, '1518229218623b4e7da4d11', 'query 2', '845', 'Condo (C)', '2022-03-23', 'Yes', 'Yes', 'zbbzj', '500', '1', '0', '2022-03-23 20:44:45', '2022-03-23 15:54:46', NULL),
(58, 105, 106, 106, '838036660623b4e990ebaf', 'query 3', '640', 'Town House (TH)', '2022-03-23', 'No', 'No', NULL, NULL, '1', '0', '2022-03-23 20:45:13', '2022-03-23 15:54:33', NULL),
(59, 105, 106, 106, '1028582875623b4eae49819', 'query 4', '5445', 'Farm (F)', '2022-03-23', 'No', 'No', NULL, NULL, '1', '0', '2022-03-23 20:45:34', '2022-03-23 15:54:18', NULL),
(60, 105, 106, 106, '481955404623b4ec461e8c', 'query 5', '5454', 'Land (L)', '2022-03-23', 'No', 'No', NULL, NULL, '1', '0', '2022-03-23 20:45:56', '2022-03-23 15:51:27', NULL),
(61, 105, 106, 106, '386096918623b4ed9e2b0b', 'query 6', '5464', 'Farm (F)', '2022-03-23', 'No', 'No', NULL, NULL, '1', '0', '2022-03-23 20:46:17', '2022-03-23 15:51:02', NULL),
(62, 102, 103, 103, '884561009623c3a2dc7f3a', 'ghj', '52385', 'Town House (TH)', '2022-03-24', 'No', 'No', NULL, NULL, '1', '0', '2022-03-24 13:30:21', '2022-04-12 09:25:52', NULL),
(63, 102, 103, 103, '2047169566623c3bb1ca721', 'vjn', '5235', 'Condo (C)', '2022-03-24', 'No', 'No', NULL, NULL, '1', '1', '2022-03-24 13:36:49', '2022-03-24 10:19:15', NULL),
(64, 105, 106, 106, '462234871623c46156214f', 'test buying', '54543', 'Town House (TH)', '2022-03-24', 'No', 'No', NULL, NULL, '1', '1', '2022-03-24 14:21:09', '2022-03-25 12:00:31', NULL),
(65, 105, 106, 106, '581055890623c9c9c7892f', 'new query 1', '878', 'Condo (C)', '2022-03-24', 'No', 'No', NULL, NULL, '1', '0', '2022-03-24 20:30:20', '2022-03-24 15:32:48', NULL),
(66, 105, 106, 106, '1450255675623c9cbdc0f78', 'new query 2', '8787', 'Farm (F)', '2022-03-24', 'Yes', 'Yes', 'bzbz', '2500', '1', '0', '2022-03-24 20:30:53', '2022-03-24 15:33:08', NULL),
(67, 105, 106, 106, '1591603381623c9cda8de18', 'new 3', '8788', 'Farm (F)', '2022-03-24', 'Yes', 'No', NULL, NULL, '1', '1', '2022-03-24 20:31:22', '2022-03-25 11:20:57', NULL),
(68, 105, 106, 106, '2068815673623c9cfe74b2d', 'new 4', '848', 'Land (L)', '2022-03-24', 'No', 'No', NULL, NULL, '1', '1', '2022-03-24 20:31:58', '2022-03-25 11:05:12', NULL),
(69, 105, 106, 106, '279863492623da92e24e46', 'buy 1', '350', 'Farm (F)', '2022-03-25', 'No', 'No', NULL, NULL, '1', '0', '2022-03-25 15:36:14', '2022-03-25 10:36:45', NULL),
(70, 105, 107, 107, '126070558623dafc1c08be', 'test', '2500', 'Town House (TH)', '2022-03-25', 'No', 'No', NULL, NULL, '1', '0', '2022-03-25 16:04:17', '2022-03-25 11:12:12', NULL),
(79, 111, 112, 112, '1494248842624386c686323', '4 bds, 3.5 bths, 2 car garages, Harris County, Houston, Texas\n\nStudy, Pool, Fence, Community Amenities', '625000', 'Single Family (SF)', '2022-09-16', 'No', 'Yes', 'USAA', '750000', '1', '1', '2022-03-30 02:23:02', '2022-04-11 12:13:57', NULL),
(80, 111, 112, 112, '1422283416624744b02a3e2', '4beds, 3baths, 3 car garage, 1st bedroom', '850000', 'Condo (C)', '2024-05-24', 'No', 'Yes', 'USAA', '1400000', '1', '0', '2022-04-01 22:30:08', '2022-04-27 16:14:14', NULL),
(81, 105, 106, 106, '10380329266253ef2273264', 'new buying query', '750', 'Farm (F)', '2022-04-20', 'Yes', 'Yes', 'abc', '800', '1', '0', '2022-04-11 13:04:34', '2022-04-11 08:11:00', NULL),
(82, 105, 106, 106, '6633633646253f36e1f082', 'test', '1000', 'Town House (TH)', '2022-04-12', 'No', 'No', NULL, NULL, '1', '0', '2022-04-11 13:22:54', '2022-04-11 08:22:54', NULL),
(83, 71, 88, 88, '13199518676285e738edde7', 'looking for a peacefull place to live.', '5285', 'Town House (TH)', '2022-05-18', 'No', 'No', NULL, NULL, '1', '0', '2022-05-19 10:44:08', '2022-05-19 05:50:05', '2022-05-19 05:50:05'),
(84, 71, 88, 88, '7967401896285e8f97963d', 'looking for a peacefull place to live.', '52888', 'Town House (TH)', '2022-06-20', 'No', 'No', NULL, NULL, '1', '0', '2022-05-19 10:51:37', '2022-05-19 05:51:37', NULL),
(85, 94, 101, 101, '113206398262a6d6e82d58e', 'asd', '5285', 'Single Family (SF)', '2022-06-14', 'No', 'No', NULL, NULL, '1', '0', '2022-06-13 10:19:20', '2022-06-13 05:19:20', NULL),
(86, 111, 128, 128, '146625063162a7c4047dd94', '4 bdrms, 4 baths, 2 car garage, study and finished basement', '650000', 'Single Family (SF)', '2022-09-01', 'No', 'No', NULL, NULL, '1', '0', '2022-06-14 03:11:00', '2022-07-01 02:13:28', NULL),
(87, 111, 129, 129, '197965610662be65a216194', '3 bedroom, 2.5 baths, 1-2 car garage', '300000', 'Town House (TH)', '2023-06-30', 'Yes', 'No', NULL, NULL, '1', '0', '2022-07-01 07:10:26', '2022-07-01 02:10:26', NULL);

-- --------------------------------------------------------

--
-- Table structure for table `buyer_properties`
--

CREATE TABLE `buyer_properties` (
  `id` bigint(20) UNSIGNED NOT NULL,
  `agent_id` bigint(20) UNSIGNED NOT NULL,
  `customer_id` bigint(20) UNSIGNED NOT NULL,
  `buyer_id` bigint(20) UNSIGNED NOT NULL,
  `property_id` bigint(20) UNSIGNED NOT NULL,
  `slug` varchar(100) COLLATE utf8mb4_unicode_ci NOT NULL,
  `rating` int(11) NOT NULL DEFAULT '0',
  `review` text COLLATE utf8mb4_unicode_ci,
  `created_at` timestamp NULL DEFAULT NULL,
  `updated_at` timestamp NULL DEFAULT NULL,
  `deleted_at` timestamp NULL DEFAULT NULL,
  `is_tour` enum('1','0') COLLATE utf8mb4_unicode_ci NOT NULL DEFAULT '0',
  `initiate_contract` enum('1','0') COLLATE utf8mb4_unicode_ci NOT NULL DEFAULT '0'
) ENGINE=InnoDB DEFAULT CHARSET=utf8mb4 COLLATE=utf8mb4_unicode_ci;

--
-- Dumping data for table `buyer_properties`
--

INSERT INTO `buyer_properties` (`id`, `agent_id`, `customer_id`, `buyer_id`, `property_id`, `slug`, `rating`, `review`, `created_at`, `updated_at`, `deleted_at`, `is_tour`, `initiate_contract`) VALUES
(4, 4, 5, 1, 2, '5161aa0ae59790a', 3, 'To good', NULL, '2022-08-02 03:00:01', NULL, '1', '1'),
(5, 4, 5, 2, 1, '361adad65b81cc', 0, NULL, NULL, '2022-08-02 03:00:01', NULL, '1', '1'),
(8, 11, 12, 3, 3, '8361ae295468bcf', 4, 'Dd', NULL, '2022-08-02 03:00:01', NULL, '1', '1'),
(9, 11, 12, 3, 4, '2761ae295468f71', 4, 'Bzbz', NULL, '2022-08-02 03:00:01', NULL, '1', '0'),
(10, 4, 5, 4, 6, '4461af0041a92f8', 0, NULL, NULL, NULL, NULL, '0', '0'),
(12, 13, 14, 6, 8, '9961b8bc24be40e', 5, 'ludlud', NULL, '2022-08-02 03:00:01', NULL, '1', '1'),
(13, 13, 14, 7, 8, '8761ba057f70fcd', 0, NULL, NULL, '2022-08-02 03:00:01', NULL, '1', '0'),
(19, 4, 5, 5, 7, '7661bad3b2a168f', 0, NULL, NULL, '2022-08-02 03:00:01', NULL, '1', '0'),
(20, 4, 5, 8, 2, '7861bb2da323d48', 0, NULL, NULL, '2022-08-02 03:00:01', NULL, '1', '0'),
(21, 4, 5, 9, 2, '1361bb2e34a28df', 0, NULL, NULL, '2022-08-02 03:00:01', NULL, '1', '0'),
(23, 4, 5, 10, 2, '8761bb35c908490', 0, NULL, NULL, '2022-08-02 03:00:01', NULL, '1', '0'),
(24, 4, 5, 10, 7, '8861bb35c90886a', 0, NULL, NULL, '2022-08-02 03:00:01', NULL, '1', '0'),
(25, 4, 5, 12, 6, '6261bb36b4d9d34', 0, NULL, NULL, NULL, NULL, '0', '0'),
(26, 20, 21, 15, 9, '2761c0a714a7c76', 5, 'Fg', NULL, '2022-08-02 03:00:01', NULL, '1', '0'),
(29, 4, 5, 17, 10, '10061c1aad4a8c3b', 0, NULL, NULL, NULL, NULL, '0', '0'),
(30, 4, 5, 17, 11, '4661c1aad4a90bc', 0, NULL, NULL, NULL, NULL, '0', '0'),
(31, 4, 5, 18, 12, '10061c1ab37c5fe7', 0, NULL, NULL, NULL, NULL, '0', '0'),
(32, 47, 48, 20, 13, '3461cdd7495f8cd', 0, NULL, NULL, '2022-08-02 03:00:01', NULL, '1', '0'),
(33, 27, 54, 22, 17, '3961d2e879bfffe', 0, NULL, NULL, '2022-08-02 03:00:01', NULL, '1', '0'),
(37, 71, 76, 33, 22, '76621478cc9637e', 0, NULL, NULL, NULL, NULL, '0', '0'),
(38, 71, 75, 34, 22, '9662147a037cd56', 0, NULL, NULL, NULL, NULL, '0', '0'),
(39, 71, 76, 32, 21, '9062147a99130c8', 0, NULL, NULL, NULL, NULL, '0', '0'),
(40, 71, 77, 35, 22, '9362147c00272e1', 0, NULL, NULL, NULL, NULL, '0', '0'),
(41, 71, 77, 36, 21, '262147c4d4544a', 0, NULL, NULL, NULL, NULL, '0', '0'),
(42, 71, 77, 37, 23, '4762147c7c583f9', 0, NULL, NULL, NULL, NULL, '0', '0'),
(43, 71, 75, 38, 29, '1362206a05d883a', 0, NULL, NULL, NULL, NULL, '0', '0'),
(44, 71, 75, 39, 29, '3362206a1875cfd', 0, NULL, NULL, NULL, NULL, '0', '0'),
(45, 71, 80, 40, 21, '362206a30107e3', 0, NULL, NULL, NULL, NULL, '0', '0'),
(47, 71, 74, 41, 29, '1962206a9b75357', 0, NULL, NULL, NULL, NULL, '0', '0'),
(48, 71, 74, 42, 21, '6362206b1ac5476', 0, NULL, NULL, NULL, NULL, '0', '0'),
(52, 98, 100, 44, 30, '15623869a0d3d76', 0, NULL, NULL, NULL, NULL, '0', '0'),
(53, 98, 100, 44, 31, '48623869a0d402e', 0, NULL, NULL, '2022-08-02 03:00:01', NULL, '1', '0'),
(55, 98, 100, 51, 39, '226238a38f06e29', 0, NULL, NULL, '2022-08-02 03:00:01', NULL, '1', '0'),
(56, 98, 100, 50, 38, '116238a39d81bc6', 0, NULL, NULL, '2022-08-02 03:00:01', NULL, '1', '0'),
(57, 98, 100, 49, 37, '76238a3acdbdb3', 0, NULL, NULL, '2022-08-02 03:00:01', NULL, '1', '0'),
(58, 98, 100, 48, 35, '116238a3bdb847f', 0, NULL, NULL, '2022-08-02 03:00:01', NULL, '1', '0'),
(59, 98, 100, 52, 39, '586238a3cd64863', 0, NULL, NULL, '2022-08-02 03:00:01', NULL, '1', '0'),
(60, 98, 100, 52, 40, '386238a3cd64a6f', 0, NULL, NULL, '2022-08-02 03:00:01', NULL, '1', '0'),
(61, 98, 100, 45, 37, '36238a3df6bb49', 0, NULL, NULL, '2022-08-02 03:00:01', NULL, '1', '0'),
(62, 98, 100, 45, 38, '456238a3df6bd5b', 0, NULL, NULL, '2022-08-02 03:00:01', NULL, '1', '0'),
(63, 98, 100, 45, 39, '726238a3df6bf4a', 0, NULL, NULL, '2022-08-02 03:00:01', NULL, '1', '0'),
(64, 98, 100, 45, 40, '856238a3df6c13d', 0, NULL, NULL, '2022-08-02 03:00:01', NULL, '1', '0'),
(69, 94, 101, 53, 41, '20623ab2a6e3dac', 0, NULL, NULL, '2022-08-02 03:00:01', NULL, '1', '0'),
(70, 94, 101, 53, 42, '50623ad3bcb0c0f', 0, NULL, NULL, '2022-08-02 03:00:01', NULL, '1', '1'),
(71, 94, 101, 54, 41, '58623ad48a62ba4', 0, NULL, NULL, '2022-08-02 03:00:01', NULL, '1', '1'),
(72, 94, 101, 54, 42, '20623ad48a62bb3', 0, NULL, NULL, '2022-08-02 03:00:01', NULL, '1', '0'),
(75, 102, 103, 55, 46, '41623b0c022f6de', 0, NULL, NULL, NULL, NULL, '0', '0'),
(76, 102, 103, 55, 47, '6623b0c022f8ca', 0, NULL, NULL, NULL, NULL, '0', '0'),
(77, 105, 106, 61, 52, '67623b4ff63af27', 5, 'I like it', NULL, '2022-08-02 03:00:01', NULL, '1', '0'),
(78, 105, 106, 61, 53, '21623b4ff63b13b', 0, NULL, NULL, '2022-08-02 03:00:01', NULL, '1', '0'),
(79, 105, 106, 60, 51, '75623b500fcdf1f', 0, NULL, NULL, '2022-08-02 03:00:01', NULL, '1', '0'),
(80, 105, 106, 59, 51, '81623b50ba5ecc5', 0, NULL, NULL, '2022-08-02 03:00:01', NULL, '1', '0'),
(81, 105, 106, 59, 52, '44623b50ba5ef03', 0, NULL, NULL, '2022-08-02 03:00:01', NULL, '1', '0'),
(82, 105, 106, 59, 53, '51623b50ba5f0ee', 0, NULL, NULL, '2022-08-02 03:00:01', NULL, '1', '0'),
(83, 105, 106, 58, 50, '27623b50c9474c5', 0, NULL, NULL, '2022-08-02 03:00:01', NULL, '1', '0'),
(84, 105, 106, 57, 49, '17623b50d67442a', 0, NULL, NULL, '2022-08-02 03:00:01', NULL, '1', '0'),
(86, 105, 106, 56, 48, '93623b514ad0065', 0, NULL, NULL, NULL, NULL, '0', '0'),
(89, 102, 103, 63, 54, '34623c3bc777658', 0, NULL, NULL, '2022-08-02 03:00:01', NULL, '1', '1'),
(90, 102, 103, 63, 55, '33623c3bc777928', 0, NULL, NULL, '2022-08-02 03:00:01', NULL, '1', '1'),
(91, 105, 106, 64, 56, '78623c4707811ee', 0, NULL, NULL, '2022-08-02 03:00:01', NULL, '1', '1'),
(92, 105, 106, 64, 57, '81623c4707813f7', 0, NULL, NULL, '2022-08-02 03:00:01', NULL, '1', '0'),
(93, 105, 106, 65, 56, '100623c9d301514c', 0, NULL, NULL, '2022-08-02 03:00:01', NULL, '1', '0'),
(94, 105, 106, 66, 57, '40623c9d4421c4b', 0, NULL, NULL, '2022-08-02 03:00:01', NULL, '1', '0'),
(95, 105, 106, 67, 50, '85623c9d5505228', 0, NULL, NULL, '2022-08-02 03:00:01', NULL, '1', '1'),
(96, 105, 106, 68, 51, '10623c9d634e9ab', 5, 'Good', NULL, '2022-08-02 03:00:01', NULL, '1', '1'),
(97, 105, 106, 69, 57, '71623da94d8018a', 0, NULL, NULL, '2022-08-02 03:00:01', NULL, '1', '0'),
(99, 105, 107, 70, 57, '84623db19cbd55c', 0, NULL, NULL, '2022-08-02 03:00:01', NULL, '1', '0'),
(107, 111, 112, 79, 62, '836245aa8549c7a', 4, 'Love it', NULL, '2022-08-02 03:00:01', NULL, '1', '1'),
(110, 111, 112, 79, 65, '826245aa854a264', 0, NULL, NULL, '2022-08-02 03:00:01', NULL, '1', '0'),
(111, 111, 112, 79, 63, '44624746510560e', 0, NULL, NULL, '2022-08-02 03:00:01', NULL, '1', '0'),
(112, 111, 112, 79, 64, '646247465105824', 0, NULL, NULL, NULL, NULL, '0', '0'),
(113, 111, 112, 79, 65, '236247465105a27', 0, NULL, NULL, '2022-08-02 03:00:01', NULL, '1', '0'),
(114, 105, 106, 81, 57, '86253f0a431a18', 0, NULL, NULL, '2022-08-02 03:00:01', NULL, '1', '0'),
(115, 105, 106, 81, 59, '186253f0a431c13', 0, NULL, NULL, NULL, NULL, '0', '0'),
(116, 102, 103, 62, 46, '31625553b019482', 0, NULL, NULL, NULL, NULL, '0', '0'),
(117, 102, 103, 62, 47, '35625553b0197b4', 0, NULL, NULL, NULL, NULL, '0', '0'),
(118, 4, 5, 28, 12, '22625e596fc66e3', 0, NULL, NULL, NULL, NULL, '0', '0'),
(119, 4, 5, 28, 66, '90625e596fc68e3', 0, NULL, NULL, NULL, NULL, '0', '0'),
(120, 111, 112, 80, 61, '68626979e6c7897', 0, NULL, NULL, NULL, NULL, '0', '0'),
(121, 111, 112, 80, 64, '74626979e6c7a8e', 0, NULL, NULL, NULL, NULL, '0', '0'),
(122, 111, 128, 86, 65, '9462be66582c701', 0, NULL, NULL, '2022-08-02 03:00:01', NULL, '1', '0'),
(123, 111, 128, 86, 75, '8462be66582c8ea', 0, NULL, NULL, NULL, NULL, '0', '0');

-- --------------------------------------------------------

--
-- Table structure for table `cms_modules`
--

CREATE TABLE `cms_modules` (
  `id` bigint(20) UNSIGNED NOT NULL,
  `parent_id` int(11) NOT NULL DEFAULT '0',
  `name` varchar(50) COLLATE utf8mb4_unicode_ci NOT NULL,
  `route_name` varchar(50) COLLATE utf8mb4_unicode_ci NOT NULL,
  `icon` varchar(255) COLLATE utf8mb4_unicode_ci NOT NULL DEFAULT 'fa fa-list',
  `status` enum('1','0') COLLATE utf8mb4_unicode_ci NOT NULL DEFAULT '1',
  `sort_order` decimal(5,2) NOT NULL DEFAULT '0.00',
  `created_at` timestamp NULL DEFAULT NULL,
  `updated_at` timestamp NULL DEFAULT NULL,
  `deleted_at` timestamp NULL DEFAULT NULL
) ENGINE=InnoDB DEFAULT CHARSET=utf8mb4 COLLATE=utf8mb4_unicode_ci;

--
-- Dumping data for table `cms_modules`
--

INSERT INTO `cms_modules` (`id`, `parent_id`, `name`, `route_name`, `icon`, `status`, `sort_order`, `created_at`, `updated_at`, `deleted_at`) VALUES
(1, 0, 'Cms Roles Management', 'cms-roles-management.index', 'fa fa-key', '1', '1.00', '2021-12-02 06:29:29', NULL, NULL),
(2, 0, 'Cms Users Management', 'cms-users-management.index', 'fa fa-users', '1', '2.00', '2021-12-02 06:29:29', NULL, NULL),
(3, 0, 'Application Setting', 'admin.application-setting', 'fa fa-cog', '1', '3.00', '2021-12-02 06:29:29', NULL, NULL),
(4, 0, 'Users Management', 'app-users.index', 'fa fa-users', '1', '4.00', '2021-12-02 06:29:29', NULL, NULL),
(5, 0, 'Property Management', 'admin-property.index', 'fa fa-list', '1', '5.00', '2021-12-02 06:29:29', NULL, NULL),
(6, 0, 'Customer Management', 'admin-customer.index', 'fa fa-list', '1', '5.00', '2021-12-02 06:29:29', NULL, NULL),
(7, 0, 'Faqs Management', 'admin-faqs.index', 'fa fa-list', '1', '5.00', '2021-12-02 06:29:29', NULL, NULL),
(8, 0, 'App Content', 'admin-app-content.index', 'fa fa-list', '1', '6.00', '2021-12-02 06:29:29', NULL, NULL);

-- --------------------------------------------------------

--
-- Table structure for table `cms_module_permissions`
--

CREATE TABLE `cms_module_permissions` (
  `id` bigint(20) UNSIGNED NOT NULL,
  `cms_role_id` bigint(20) UNSIGNED NOT NULL,
  `cms_module_id` bigint(20) UNSIGNED NOT NULL,
  `is_add` enum('1','0') COLLATE utf8mb4_unicode_ci NOT NULL DEFAULT '0',
  `is_view` enum('1','0') COLLATE utf8mb4_unicode_ci NOT NULL DEFAULT '0',
  `is_update` enum('1','0') COLLATE utf8mb4_unicode_ci NOT NULL DEFAULT '0',
  `is_delete` enum('1','0') COLLATE utf8mb4_unicode_ci NOT NULL DEFAULT '0',
  `created_at` timestamp NULL DEFAULT NULL,
  `updated_at` timestamp NULL DEFAULT NULL,
  `deleted_at` timestamp NULL DEFAULT NULL
) ENGINE=InnoDB DEFAULT CHARSET=utf8mb4 COLLATE=utf8mb4_unicode_ci;

--
-- Dumping data for table `cms_module_permissions`
--

INSERT INTO `cms_module_permissions` (`id`, `cms_role_id`, `cms_module_id`, `is_add`, `is_view`, `is_update`, `is_delete`, `created_at`, `updated_at`, `deleted_at`) VALUES
(25, 3, 1, '0', '0', '0', '0', '2021-12-07 05:57:06', NULL, NULL),
(26, 3, 2, '0', '0', '0', '0', '2021-12-07 05:57:06', NULL, NULL),
(27, 3, 3, '0', '0', '0', '0', '2021-12-07 05:57:06', NULL, NULL),
(28, 3, 4, '0', '1', '1', '0', '2021-12-07 05:57:06', NULL, NULL),
(29, 3, 5, '0', '1', '1', '0', '2021-12-07 05:57:06', NULL, NULL),
(30, 3, 6, '0', '1', '1', '0', '2021-12-07 05:57:06', NULL, NULL),
(31, 3, 7, '1', '1', '1', '1', '2021-12-07 05:57:06', NULL, NULL),
(32, 3, 8, '0', '1', '1', '0', '2021-12-07 05:57:06', NULL, NULL),
(41, 2, 1, '0', '0', '0', '0', '2022-02-01 01:55:12', NULL, NULL),
(42, 2, 2, '0', '0', '0', '0', '2022-02-01 01:55:12', NULL, NULL),
(43, 2, 3, '0', '0', '0', '0', '2022-02-01 01:55:12', NULL, NULL),
(44, 2, 4, '0', '0', '0', '0', '2022-02-01 01:55:12', NULL, NULL),
(45, 2, 5, '1', '1', '1', '0', '2022-02-01 01:55:12', NULL, NULL),
(46, 2, 6, '0', '1', '1', '0', '2022-02-01 01:55:12', NULL, NULL),
(47, 2, 7, '0', '0', '0', '0', '2022-02-01 01:55:12', NULL, NULL),
(48, 2, 8, '0', '0', '0', '0', '2022-02-01 01:55:12', NULL, NULL);

-- --------------------------------------------------------

--
-- Table structure for table `cms_roles`
--

CREATE TABLE `cms_roles` (
  `id` bigint(20) UNSIGNED NOT NULL,
  `name` varchar(50) COLLATE utf8mb4_unicode_ci NOT NULL,
  `slug` varchar(50) COLLATE utf8mb4_unicode_ci NOT NULL,
  `is_super_admin` enum('1','0') COLLATE utf8mb4_unicode_ci NOT NULL DEFAULT '0',
  `created_at` timestamp NULL DEFAULT NULL,
  `updated_at` timestamp NULL DEFAULT NULL,
  `deleted_at` timestamp NULL DEFAULT NULL
) ENGINE=InnoDB DEFAULT CHARSET=utf8mb4 COLLATE=utf8mb4_unicode_ci;

--
-- Dumping data for table `cms_roles`
--

INSERT INTO `cms_roles` (`id`, `name`, `slug`, `is_super_admin`, `created_at`, `updated_at`, `deleted_at`) VALUES
(1, 'Super Admin', 'super-admin', '1', '2021-12-02 06:29:28', NULL, NULL),
(2, 'agent', 'agent', '0', '2021-12-02 06:29:28', '2022-02-01 01:55:12', NULL),
(3, 'admin', 'admin', '0', '2021-12-02 06:29:28', '2021-12-07 05:57:05', NULL);

-- --------------------------------------------------------

--
-- Table structure for table `cms_users`
--

CREATE TABLE `cms_users` (
  `id` bigint(20) UNSIGNED NOT NULL,
  `cms_role_id` bigint(20) UNSIGNED NOT NULL,
  `user_ref_id` int(11) NOT NULL DEFAULT '0',
  `name` varchar(50) COLLATE utf8mb4_unicode_ci NOT NULL,
  `username` varchar(50) COLLATE utf8mb4_unicode_ci NOT NULL,
  `slug` varchar(50) COLLATE utf8mb4_unicode_ci NOT NULL,
  `email` varchar(50) COLLATE utf8mb4_unicode_ci NOT NULL,
  `mobile_no` varchar(50) COLLATE utf8mb4_unicode_ci DEFAULT NULL,
  `password` varchar(255) COLLATE utf8mb4_unicode_ci NOT NULL,
  `image_url` text COLLATE utf8mb4_unicode_ci,
  `share_profile_image` text COLLATE utf8mb4_unicode_ci,
  `status` enum('1','0') COLLATE utf8mb4_unicode_ci NOT NULL DEFAULT '1',
  `is_email_verify` enum('0','1') COLLATE utf8mb4_unicode_ci NOT NULL DEFAULT '0',
  `remember_token` varchar(100) COLLATE utf8mb4_unicode_ci DEFAULT NULL,
  `created_at` timestamp NULL DEFAULT NULL,
  `updated_at` timestamp NULL DEFAULT NULL,
  `deleted_at` timestamp NULL DEFAULT NULL
) ENGINE=InnoDB DEFAULT CHARSET=utf8mb4 COLLATE=utf8mb4_unicode_ci;

--
-- Dumping data for table `cms_users`
--

INSERT INTO `cms_users` (`id`, `cms_role_id`, `user_ref_id`, `name`, `username`, `slug`, `email`, `mobile_no`, `password`, `image_url`, `share_profile_image`, `status`, `is_email_verify`, `remember_token`, `created_at`, `updated_at`, `deleted_at`) VALUES
(1, 1, 0, 'RetroCube', 'retrocube', 'retrocube', 'admin@retrocube.com', '1-8882051816', '$2y$10$y3WBrmoYPLQ2NkqvcyUKAurHJ2sq.H1LeUx6PZsu61/NVzm2U9Y9q', NULL, NULL, '1', '1', NULL, '2021-12-02 06:29:28', NULL, NULL),
(2, 3, 0, 'super admin', 'superadmin', 'super-admin', 'realtyadmin@retrocube.com', '1-8882051817', '$2y$10$udBD8YLWgPf1Cq.BvHJQY.ewuYgpUB5QOwJSePeuNt0l0clNIy.ka', NULL, NULL, '1', '1', NULL, '2021-12-02 06:29:28', NULL, NULL),
(3, 2, 1, 'DeLinda Armstrong', 'delinda-armstrong', 'delinda-armstrong', 'delindak@realtytek.net', '+1-5713960700', '$2y$10$c3uF4fmJ7FhbE1hRIwpe1u34wfnlYEiGxMvoJVWmt5YNBoBYTexbK', NULL, NULL, '1', '0', NULL, '2021-12-02 16:03:43', '2021-12-02 16:03:43', NULL),
(4, 2, 3, 'abc', 'abc', 'abc', 'abc@yopmail.com', '+1-8454329585', '$2y$10$Lf9v4.xifmlsjAmEJsjbtufN8Nxh57mz/yRAgvQs4yG.mGJg8bX.6', NULL, NULL, '1', '0', NULL, '2021-12-03 04:56:50', '2021-12-03 04:56:50', NULL),
(5, 2, 4, 'zxc', 'zxc', 'zxc', 'zxc@yopmail.com', '+1-5464646646', '$2y$10$xnBlYJ2icsGWpS1p/JKGkeMrS3cHs47/B/rhHKcvT03LfbxsI6/5m', NULL, NULL, '1', '0', NULL, '2021-12-03 05:59:57', '2021-12-03 05:59:57', NULL),
(6, 2, 6, 'jordanw', 'jordanw', 'jordanw', 'jhone@yopmail.comw', '+1-1121886351', '$2y$10$wqq.9XIZoXqwMr6SLWBZZeV8tCcOKwusjKEtQoFhvLLINmvMslysG', NULL, NULL, '1', '0', NULL, '2021-12-03 11:51:48', '2021-12-03 11:51:48', NULL),
(7, 2, 7, 'jordanw', 'jordanw1668', 'jordanw1668', 'issac@yopmail.com', '+1-1121886350', '$2y$10$vIIMlltuVRI5PHbSEXnc3uu3KRrPMTOswBN07fZsNvoFJpuap8mU6', NULL, NULL, '1', '1', NULL, '2021-12-03 11:52:14', '2021-12-03 11:53:42', NULL),
(8, 2, 9, 'mnb', 'mnb', 'mnb', 'mnb@yopmail.com', '+1-9865649499', '$2y$10$DS6Zt2e9nfgrB92CNc5KBe1ft9F7w6X9iIKgpbYHgyrAeCzgiCKOS', NULL, NULL, '1', '0', NULL, '2021-12-03 11:56:08', '2021-12-03 11:56:08', NULL),
(9, 2, 10, 'issac 001', 'issac0001', 'jordanw1267', 'issac1@yopmail.com', '+1-1121886354', '$2y$10$SG53mxU50caXorKKThJZHOXtgokkPRacQAzV2sJhQ.zbwx5X.arPS', NULL, NULL, '1', '1', NULL, '2021-12-03 12:09:33', '2021-12-03 12:09:33', NULL),
(10, 2, 11, 'test6', 'test6', 'test6', 'a@yopmail.com', '+1-2409036568', '$2y$10$w97rAej.LiBTTDf.O8cZwelhLnxBRp8OIHxoiArRymcuN0TmtUvuW', NULL, NULL, '1', '0', NULL, '2021-12-06 10:34:07', '2021-12-06 10:34:07', NULL),
(11, 2, 13, 'test14', 'test14', 'test14', 't@yopmail.com', '+1-5012536688', '$2y$10$37cNtFKs6brW0KjzC79rWO9CXofPbHlYdseLUAGmcyyoy1BCcmuOS', NULL, NULL, '1', '1', NULL, '2021-12-14 15:33:40', '2021-12-14 15:34:15', NULL),
(12, 2, 16, 'test15', 'test15', 'test15', 'te@yopmail.com', '+1-258096314', '$2y$10$Bh6pOsSPXF4XhTsYWJAeuuEXk7qxdyIOyOnz2036.siKIwG9J4AxS', NULL, NULL, '1', '0', NULL, '2021-12-15 15:40:18', '2021-12-15 15:40:18', NULL),
(13, 2, 17, 'test1', 'test1', 'test1', 'tt@yopmail.com', '+1-2580963311', '$2y$10$QY6Ak8oFU7Zc5yfFuxoYzOBDcmyjkf5gRX6CKuGcOJ5pH2LqNdeT.', NULL, NULL, '1', '1', NULL, '2021-12-16 14:54:56', '2021-12-16 14:55:28', NULL),
(14, 2, 18, 'test2', 'test2', 'test2', 'br2@yopmail.com', '+1-2580963114', '$2y$10$Q/Qwz7Xe1OjLNjDtLH7H9.tzUa.RBS/KUfjuzdGqrf3YdnAbVf392', NULL, NULL, '1', '1', NULL, '2021-12-16 15:16:48', '2021-12-16 15:17:28', NULL),
(15, 2, 20, 'test16', 'test16', 'test16', 'br@yopmail.com', '+1-2588003536', '$2y$10$HGBG83Xi71cHUtsW2xqP6unGzLlHi.t9cw4wKMbH05wmLeAYkNDE6', NULL, NULL, '1', '1', NULL, '2021-12-20 14:25:06', '2021-12-20 14:25:43', NULL),
(16, 2, 22, 'fgh', 'fgh', 'fgh', 'fgh@yopmail.com', '+1-9632588458', '$2y$10$dHdKzs6gEUnA02HKNbxjXOtrkR6uhNoC5WRkxsUEYv/TjWmrwi/uq', NULL, NULL, '1', '1', NULL, '2021-12-21 05:08:49', '2021-12-21 05:09:08', NULL),
(17, 2, 23, 'cvb', 'cvb', 'cvb', 'cvb@yopmail.com', '+1-5823552585', '$2y$10$DmfgBKUJQplntHvwapZPneH3AH3UIJnyWoAb8JxzFsuoF8njQeyqq', NULL, NULL, '1', '1', NULL, '2021-12-21 05:25:55', '2021-12-21 05:26:20', NULL),
(18, 2, 24, 'iop', 'iop', 'iop', 'iop@yopmail.com', '+1-5235668668', '$2y$10$c7TJmc.dKIt/XZEFcjmuB.TXDFsRz2rKBPxuK5gBRC32vWe68FpB2', NULL, NULL, '1', '1', NULL, '2021-12-21 06:32:10', '2021-12-21 06:32:55', NULL),
(19, 2, 25, 'test22', 'test22', 'test22', 'e@yopmail.com', '+1-2588085664', '$2y$10$7D4CTLwVhvSyYu8gcUo7xe0eBhuCfwnwGU/YUfKhNE5/5ZPKA5t/G', NULL, NULL, '1', '1', NULL, '2021-12-22 09:51:20', '2021-12-22 09:51:45', NULL),
(20, 2, 26, 'tyu', 'tyu', 'tyu', 'tyu@yopmail.com', '+1-5235555466', '$2y$10$ofatrsNE7QMx6vebflmbw.oTQLN9lfZrXY7Q/FIZTXXPygFBejaCm', NULL, NULL, '1', '1', NULL, '2021-12-22 10:52:45', '2021-12-22 10:52:52', NULL),
(21, 2, 27, 'realty11', 'realty11', 'realty11', 'realty11@yopmail.com', '+1-5268655745', '$2y$10$eLrONYBtv9kAgTUi/626CeYA3Q.88/LFYX9wzk5oSaHTf4LkU2msK', NULL, NULL, '1', '1', NULL, '2021-12-22 12:35:43', '2021-12-22 12:36:00', NULL),
(22, 2, 28, 'tes', 'tes', 'tes', 'tester@yopmail.com', '+1-5698685588', '$2y$10$nzq/XOHgBfWZgnwODZJd5uiXkIatjPkG1VKzG7WBDWBcOOzJN8.OS', NULL, NULL, '1', '1', NULL, '2021-12-23 05:12:20', '2021-12-23 05:12:43', NULL),
(23, 2, 29, 'jordanw', 'jordanw1570', 'jordanw1570', 'mudasir011@yopmail.com', '+1-1121886352', '$2y$10$RFvAR1BNel1ElgwWwoEffOGx/HpvSzW4DwqhMlfF1dHBwmWfy3.VO', NULL, NULL, '1', '0', NULL, '2021-12-24 04:58:55', '2021-12-24 04:58:55', NULL),
(24, 2, 30, 'realty', 'realty', 'realty', 'realty12@yopmail.com', '+1-5235422585', '$2y$10$/P0fBkapFKqj01H4m.68e.89MSEM6LxPelzgvYqQnV4QHEqXBoKgK', NULL, NULL, '1', '1', NULL, '2021-12-24 06:07:32', '2021-12-24 06:07:58', NULL),
(25, 2, 31, 'dhh', 'dhh', 'dhh', 'realty14@yopmail.com', '+1-5236855365', '$2y$10$EdkSAOtTFTiG5HrJXg4MPOnuVecMtjg/.ad47l6BR2FwzhlHRTWAK', NULL, NULL, '1', '1', NULL, '2021-12-24 06:18:40', '2021-12-24 06:18:48', NULL),
(26, 2, 32, 'sddf', 'sddf', 'sddf', 'realty15@yopmail.com', '+1-8454246484', '$2y$10$1rjV/vyxvI6NwqbPuIU6..Sebrf0zLCISIb2Hyk1pCp9jTeayyQi6', NULL, NULL, '1', '1', NULL, '2021-12-24 07:29:17', '2021-12-24 07:29:24', NULL),
(27, 2, 33, 'yfug', 'yfug', 'yfug', 'tester1@yopmail.com', '+1-8666986588', '$2y$10$c3RW8mfws0eFjkYJP9F3i.89umB468fpXtuUlfC4v.KBu841tUCHe', NULL, NULL, '1', '1', NULL, '2021-12-24 07:37:33', '2021-12-24 07:37:51', NULL),
(28, 2, 34, 'fghh', 'fghh', 'fghh', 'realty16@yopmail.com', '+1-5535955565', '$2y$10$iEaoSrSGHQBh88/QgI5f2.Jg.gqhLR1o6OphK2.iBJQWCXEscoTEu', NULL, NULL, '1', '1', NULL, '2021-12-27 01:57:18', '2021-12-27 01:57:28', NULL),
(29, 2, 35, 'test28', 'test28', 'test28', 'we@yopmail.com', '+1-2580369147', '$2y$10$fE215EWjis39L3JcysNrg.MdcwOBtwa5L0O0beVCP8h4Q/tqEIqjq', NULL, NULL, '1', '1', NULL, '2021-12-28 07:05:07', '2021-12-28 07:07:26', NULL),
(30, 2, 36, 'tds', 'tds', 'tds', 'ab@yopmail.com', '+1-2588633444', '$2y$10$NrQqb7z7CpEiA37j/444Y.a2KJ2LIkzX7pb5PfKr5fBoIYNJQLtTC', NULL, NULL, '1', '1', NULL, '2021-12-28 07:23:31', '2021-12-28 07:23:55', NULL),
(31, 2, 38, 'jordanw', 'jordanw1237', 'jordanw1237', 'jhondoe1@yopmail.com', '+1-1221886352', '$2y$10$C2AzpqNcBS8CLlDipCaiPeipitwugh44KRfg2Cwpgnag25Pcswxfq', NULL, NULL, '1', '0', NULL, '2021-12-29 06:32:16', '2021-12-29 06:32:16', NULL),
(32, 2, 39, 'tst29', 'tst29', 'tst29', 'tc@yopmail.com', '+1-2509331447', '$2y$10$CtR/AlNHPp47fCIen3atFeyHB.SsOipNaRkmzGpZV4OdELxbpG0dq', NULL, NULL, '1', '1', NULL, '2021-12-29 08:14:50', '2021-12-29 08:15:40', NULL),
(33, 2, 40, 'test ming', 'test-ming', 'test-ming', 'tm@yopmail.com', '+1-5856685445', '$2y$10$r.kAHs4EcTGxK64ala5pluqnwcvCJLFovdb2q3KYgWIkI5RUexsDm', NULL, NULL, '1', '1', NULL, '2021-12-29 08:22:59', '2021-12-29 08:23:31', NULL),
(34, 2, 41, 'tsts', 'tsts', 'tsts', 'mn@yopmail.com', '+1-5486484884', '$2y$10$XHGtGgS6SqsQRdmZbHfue.kWf2zSf0kSWkxDF4h5.wRou8aBRd6CS', NULL, NULL, '1', '1', NULL, '2021-12-29 09:00:51', '2021-12-29 09:01:41', NULL),
(35, 2, 42, 'tested', 'tested', 'tested', 'ssd@yopmail.com', '+1-5888969666', '$2y$10$uApkOHC8oqvG4ouxJMl2B.D/wnNJD5nzOWWyzascX1tmuedNBBfuS', NULL, NULL, '1', '1', NULL, '2021-12-29 09:20:35', '2021-12-29 09:20:43', NULL),
(36, 2, 43, 'testings', 'testings', 'testings', 'en@yopmail.com', '+1-5545466788', '$2y$10$iZqPO7Mwc1OJBTYOzZCftuMDeg4lBZwghC4mSJxVECXD8pWcGWfk6', NULL, NULL, '1', '1', NULL, '2021-12-29 09:24:33', '2021-12-29 09:27:38', NULL),
(37, 2, 44, 'hhh', 'hhh', 'hhh', 'cc@yopmail.com', '+1-8004444444', '$2y$10$FqAYDWrxHj7lhjp9xDezh.135qaLPn66GfOMv3W5zU2UKFoj.M6Vi', NULL, NULL, '1', '1', NULL, '2021-12-29 09:35:08', '2021-12-29 09:35:24', NULL),
(38, 2, 45, 'usertest', 'usertest', 'usertest', 'us@yopmail.com', '+1-2884645848', '$2y$10$1zAWv7N1wIKHHZY4ROuZquD5JwkRtqU415TFuIKQJY3.9s.o1S7q6', NULL, NULL, '1', '1', NULL, '2021-12-30 03:55:39', '2021-12-30 03:55:52', NULL),
(39, 2, 46, 'test user', 'test-user', 'test-user', 'ts@yopmail.com', '+1-5758464684', '$2y$10$JvyuJnE5RsmU7yboqlRb3O4J0wYnF/cq3GfhecW0kOvgzMimrUzKi', NULL, NULL, '1', '1', NULL, '2021-12-30 07:23:31', '2021-12-30 07:23:55', NULL),
(40, 2, 47, 'tst user', 'tst-user', 'tst-user', 'tusr@yopmail.com', '+1-2586633114', '$2y$10$0zhvI685/QSzf1hk1EqMeek2o1p/IA6S8WsRfWLrVAEi3wwIpdcoC', NULL, NULL, '1', '1', NULL, '2021-12-30 07:32:58', '2021-12-30 07:36:25', NULL),
(41, 2, 52, 'fgy', 'fgy', 'fgy', 'tester3@yopmail.com', '+1-5623556557', '$2y$10$xGXQvXIZFTuC2LyjBQI0WOQfiMTNxm1fRWe.FFOStx.uz3xxprJ82', NULL, NULL, '1', '1', NULL, '2021-12-31 04:50:54', '2021-12-31 04:51:22', NULL),
(42, 2, 55, 'tat', 'tat', 'tat', 'tat@gmail.com', '+1-800555555', '$2y$10$EzV3exGqvR5Zvo.jiAi5v.ebzyDh5ycrDA0cPI8vnfAT03AY7RnR2', NULL, NULL, '1', '0', NULL, '2022-01-13 09:23:42', '2022-01-13 09:23:42', NULL),
(43, 2, 56, 'tst', 'tst', 'tst', 'testemail@yopmail.com', '+1-8002222222', '$2y$10$nfoxdLITh.Ygce.lsvnEaOVRPsQzu6drO7JYiLSjUFsuXPh.tXShq', NULL, NULL, '1', '0', NULL, '2022-01-13 09:28:57', '2022-01-13 09:28:57', NULL),
(44, 2, 57, 'test', 'test', 'test', 'tat@mailinator.com', '+1-8006666666', '$2y$10$N4Q1fXoL2BOX6e1AWCOwW.oSitjRQZBiSOtraOKXmjsfhyLb8pn5m', NULL, NULL, '1', '1', NULL, '2022-01-13 09:30:19', '2022-01-13 09:36:27', NULL),
(45, 2, 58, 'arkne', 'arkne', 'arkne', 'arkane303@gmail.com', '+1-6526595595', '$2y$10$gQFXiWyFM0ofvWSSiksmeubYq5cbCcqYB7BT0NT7dkCttXoCktCyO', NULL, NULL, '1', '1', NULL, '2022-01-14 07:42:16', '2022-01-14 07:42:49', NULL),
(46, 2, 59, 'DeLinda Armstrong', 'delinda-armstrong1338', 'delinda-armstrong1338', 'dlndakarmstrong@gmail.com', '+1-7033600696', '$2y$10$vijiMPx1T8j3GtxtcLBR5.UYSijQhnAZd6Umm5thwEEHqfp/L/4s2', NULL, NULL, '1', '1', NULL, '2022-01-14 19:53:58', '2022-01-14 19:55:24', NULL),
(47, 2, 60, 'jordanw', 'jordanw1942', 'jordanw1942', 'jhondoehokan@yopmail.com', '+1-1221886358', '$2y$10$LG7PcP4ulZ9uswqK8Pmg2O0wZZB0MrhWrUONty0PAvXxL/h9LoRoC', NULL, NULL, '1', '1', NULL, '2022-01-31 05:33:44', '2022-01-31 05:34:18', NULL),
(48, 2, 63, 'jordanw1', 'jordanw1', 'jordanw1', 'jhondoehokan1@yopmail.com', '+1-1221886398', '$2y$10$d9Lk3I.0LzW9e9Zg0fWlp.F7Vbj2BZlG9K5Lq11SPLVJAIvQojwLm', NULL, NULL, '1', '0', NULL, '2022-02-03 00:23:47', '2022-02-03 00:23:47', NULL),
(49, 2, 64, 'Andrew', 'andrew', 'andrew', 'andrew@retrocubellc.com', '+1-4698096608', '$2y$10$FECwHieHTo6OxTNmBWcKeecJxM8mFG8nIqcmv.5a2i9rXgpWLNpzq', NULL, NULL, '1', '1', NULL, '2022-02-03 15:30:32', '2022-02-03 15:30:58', NULL),
(50, 2, 69, 'cca', 'cca', 'cca', 'cc10@yopmail.com', '+1-800444444', '$2y$10$2rMi533K6CZp8sTOwFwWU.4KrEX7SUl5Au4mhC0vgKYl555ZrujNm', NULL, NULL, '1', '1', NULL, '2022-02-15 00:23:31', '2022-02-15 00:23:47', NULL),
(51, 2, 70, 'rty', 'rty', 'rty', 'rty@yopmail.com', '+1-8524345454', '$2y$10$/j1klqsAdFljxG2J0LcAzutZKwc9VAxapoiN72zgalgCOKjJh0bG.', NULL, NULL, '1', '1', NULL, '2022-02-15 06:49:14', '2022-02-15 06:49:41', NULL),
(52, 2, 71, 'agent', 'agent', 'agent', 'agent@yopmail.com', '+1-8536523655', '$2y$10$TrsxI1G0QHX1VFDK2M4dNuIfPAMjy1b5wUIzUOGPfDoLOoetziLMa', NULL, NULL, '1', '1', NULL, '2022-02-16 05:29:33', '2022-02-16 05:30:29', NULL),
(53, 2, 72, 'jordanw1', 'jordanw11272', 'jordanw11272', 'jhondoehok@yopmail.com', '+1-1221886391', '$2y$10$8xuPO.Rb3bsp6Yi4x4O8c.h9y5PAK0k.o0y.92Gcb.Tpdt8nNXA8W', NULL, NULL, '1', '1', NULL, '2022-02-16 06:24:09', '2022-02-16 06:24:26', NULL),
(54, 2, 81, 'johnson', 'johnson', 'johnson', 'johnson@yopmail.com', '+1-5412345678', '$2y$10$hfLc20g0inv1HszhC60RcehDJ/NUnlYpqNc8hRl/oPp7sP93fYzI6', NULL, NULL, '1', '1', NULL, '2022-02-28 03:06:12', '2022-02-28 03:06:41', NULL),
(55, 2, 86, 'agent1', 'agent1', 'agent1', 'agent1@yopmail.com', '+1-8563256553', '$2y$10$fv0FBvjWON/6Zr.8ALTl8eOnwsIU1NtOXcyR8rZ3/3ZVnVwQYVlOG', NULL, NULL, '1', '1', NULL, '2022-03-04 02:16:37', '2022-03-04 02:16:52', NULL),
(56, 2, 87, 'jordanw1', 'jordanw11543', 'jordanw11543', 'jhondoehok11@yopmail.com', '+1-1221886392', '$2y$10$FBhMhZ4bjKUFfW6eJu1OtuJvWRN0QpAOE70.rnTcv2SfoJ5FuzD.C', NULL, NULL, '1', '0', NULL, '2022-03-07 07:29:28', '2022-03-07 07:29:28', NULL),
(57, 2, 89, 'james', 'james', 'james', 'james@yopmail.com', '+1-2025550139', '$2y$10$stiyRdXuQXzRtrCPJiYDgO4Lt9TAs9YGD3gFf4AWW9LKqpClbQsHm', NULL, NULL, '1', '0', NULL, '2022-03-11 07:57:58', '2022-03-11 07:57:58', NULL),
(58, 2, 91, 'paul', 'paul', 'paul', 'paul@yopmail.com', '+1-5412345674', '$2y$10$xA5phi1kEQvMBhGhi.8Mee30tKJbCe7.ovE0Aekvby/7UOWJVvP76', NULL, NULL, '1', '1', NULL, '2022-03-13 11:11:40', '2022-03-13 11:12:03', NULL),
(59, 2, 92, 'realty17', 'realty17', 'realty17', 'realty17@yopmail.com', '+1-8523956569', '$2y$10$ZxbJBRGAaixVAENSGWpOSOL1scqnWFBTCwvobkKmcCVY2w2w4UwwG', NULL, NULL, '1', '1', NULL, '2022-03-16 10:32:37', '2022-03-16 10:33:04', NULL),
(60, 2, 93, 'collin', 'collin', 'collin', 'collin@yopmail.com', '+1-5412345670', '$2y$10$.sUkbxPRl0jh/C8kFOE8peNjo8kgUMkxqOneeagcNDKC.Ov/A065m', NULL, NULL, '1', '1', NULL, '2022-03-16 15:20:35', '2022-03-16 15:23:02', NULL),
(61, 2, 94, 'realty19', 'realty19', 'realty19', 'realty19@yopmail.com', '+1-8535466556', '$2y$10$5zH597PeKwoUC2NGH3OBXOjGOI3OIrtWIRi.CLZVpNdePUjRkuUmq', NULL, NULL, '1', '1', NULL, '2022-03-18 10:21:03', '2022-03-18 10:21:22', NULL),
(62, 2, 96, 'tealty29', 'tealty29', 'tealty29', 'realty20@yopmail.com', '+1-5412369878', '$2y$10$1zo6v/Ds72215ii2xwTYsuAb9FAAdf8dRXL8LbuAN9FtVyYWLMwmW', NULL, NULL, '1', '1', NULL, '2022-03-18 10:44:06', '2022-03-18 10:44:14', NULL),
(63, 2, 97, 'tom', 'tom', 'tom', 'tom@yopmail.com', '+1-5412345677', '$2y$10$IYlKnOkFdZ2Yy3LENlKTOer/nhqo9l.rEIDP1O7zb7zoW7.h0J8Ba', NULL, NULL, '1', '1', NULL, '2022-03-20 18:09:54', '2022-03-20 18:10:51', NULL),
(64, 2, 98, 'shaun', 'shaun', 'shaun', 'shaun@yopmail.com', '+1-5412347560', '$2y$10$V3Lg5KVLWTe5OaSzpdcDwucg/r/9MkZ30JOh3JLj50x5z1XXfZRPO', NULL, NULL, '1', '1', NULL, '2022-03-21 10:25:51', '2022-03-21 10:26:02', NULL),
(65, 2, 102, 'realty22', 'realty22', 'realty22', 'realty22@yopmail.com', '+1-8523484546', '$2y$10$ktiF29jz1/mWA0lc7l0fluUWzJP2RcRbTsQmJ3Ifok3cZjEzy89a6', NULL, NULL, '1', '1', NULL, '2022-03-23 08:47:02', '2022-03-23 08:47:26', NULL),
(66, 2, 105, 'agar', 'agar', 'agar', 'agar@yopmail.com', '+1-541236548', '$2y$10$mUf55ZVDTTPIPOjvZY93/OOtNv9SArDr/5lq6uytraUmXoFBrVIcW', NULL, NULL, '1', '1', NULL, '2022-03-23 12:46:19', '2022-03-23 12:46:38', NULL),
(67, 2, 110, 'Test Build', 'test-build', 'test-build', 'realty_client3@gmail.com', '+1-7033829097', '$2y$10$XcBymBNXdiDkzY4X2pQ/seAdHp4RvwjQLiFcsQPVYpDZDDAJnVbKW', NULL, NULL, '1', '0', NULL, '2022-03-25 21:57:17', '2022-03-25 21:57:17', NULL),
(68, 2, 111, 'Carolyn Washington', 'carolyn-washington', 'carolyn-washington', 'dollbaby1052@gmail.com', '+1-7034598669', '$2y$10$yK5RzqZzzZw6XjEtWxVP2OxTHnsa12tSdCgWXW4Ch3P00ksm8Kjhm', '/storage/cms_user/WkV2wkRSlkhFQfzg2APIhzqqRbk4zTgfMWqDLzEo.jpg', NULL, '1', '1', NULL, '2022-03-29 20:04:31', '2022-03-29 22:12:50', NULL),
(69, 2, 115, 'jhoneissac', 'jhoneissac', 'jhoneissac', 'jhoneissac@yopmail.com', '+1-2085550139', '$2y$10$MIqJDP/Zo/Qhy/8nikLPtOsOExPWGqO/ZTNfb/NYBuGudRs26f4Oe', NULL, NULL, '1', '1', NULL, '2022-04-14 11:39:07', '2022-04-14 11:39:24', NULL),
(70, 2, 118, 'Karl Armstrong', 'karl-armstrong', 'karl-armstrong', 'karl-armstrong@outlook.com', '+1-7033600636', '$2y$10$Y8MHTC0mUXwtAI03AT7HROVIiGRTx2OCZKsMXCTCD7zW6Bew5Jws6', NULL, NULL, '1', '1', NULL, '2022-05-07 03:33:56', '2022-05-07 03:34:48', NULL),
(71, 2, 119, 'Sample Agent', 'sample-agent', 'sample-agent', 'rebrokerapp0508@gmail.com', '+1-3013829097', '$2y$10$MgbKEHQztF5ln5LQFwRci.BIWmLL56p3FM8wNACVVZnNGssGGNkxG', NULL, NULL, '1', '1', NULL, '2022-05-08 20:27:49', '2022-06-12 18:49:54', NULL),
(72, 2, 120, 'allan', 'allan', 'allan', 'allan@yopmail.com', '+1-5412345680', '$2y$10$kqBdDHXV2UsJSRvLs8Uh7OXWymZNdE8MmFlOluvDevENpt/Vc5dfu', NULL, NULL, '1', '1', NULL, '2022-05-09 12:02:08', '2022-05-09 12:03:05', NULL),
(73, 2, 123, 'johnson', 'johnson1539', 'johnson1539', 'johnson@yomil.com', '+1-5412582589', '$2y$10$r8O.fIpRrX0ARa3SB55mA.iuNSd.7YGXtKzluo.wxCPVGKGv89xJW', NULL, NULL, '1', '0', NULL, '2022-06-09 13:56:56', '2022-06-09 13:56:56', NULL),
(74, 2, 124, 'johnson bell', 'johnson-bell', 'johnson-bell', 'bell@yopmail.com', '+1-541258258', '$2y$10$Q.n3Bv3OpYyADFYpNwpHqurkhqkhdrVGYcO0MYF6NqPeoBovaTzhO', NULL, NULL, '1', '1', NULL, '2022-06-09 14:06:51', '2022-06-09 14:07:33', NULL),
(75, 2, 126, 'Karl Armstrong', 'karl-armstrong1621', 'karl-armstrong1621', 'karl.armstrong@outlook.con', '+1-7739969603', '$2y$10$ddvbPgb7m/DwUa7pMIMf6uOy5ztq5zvQc3BnkvdJW.JAM3svV17I2', NULL, NULL, '1', '0', NULL, '2022-06-09 21:02:45', '2022-06-09 21:02:45', NULL),
(76, 2, 127, 'Charlee Armstrong', 'charlee-armstrong1436', 'charlee-armstrong1436', 'charleealu713@gmail.com', '+1-5717019238', '$2y$10$mZLmmvpyJiVS1g1G7UG7c.LVw20S/elU6Ifn8Pqf6k5jauQEhk/di', NULL, NULL, '1', '1', NULL, '2022-06-09 22:43:36', '2022-06-12 18:50:43', NULL);

-- --------------------------------------------------------

--
-- Table structure for table `cms_widgets`
--

CREATE TABLE `cms_widgets` (
  `id` bigint(20) UNSIGNED NOT NULL,
  `slug` varchar(50) COLLATE utf8mb4_unicode_ci NOT NULL,
  `title` varchar(200) COLLATE utf8mb4_unicode_ci NOT NULL,
  `description` varchar(255) COLLATE utf8mb4_unicode_ci DEFAULT NULL,
  `icon` varchar(200) COLLATE utf8mb4_unicode_ci NOT NULL,
  `color` varchar(200) COLLATE utf8mb4_unicode_ci NOT NULL,
  `div_column_class` varchar(200) COLLATE utf8mb4_unicode_ci NOT NULL,
  `link` text COLLATE utf8mb4_unicode_ci NOT NULL,
  `widget_type` enum('small_box','line_chart','bar_chat','pie_chart','map_chart') COLLATE utf8mb4_unicode_ci NOT NULL,
  `sql` text COLLATE utf8mb4_unicode_ci NOT NULL,
  `config` text COLLATE utf8mb4_unicode_ci NOT NULL,
  `status` enum('1','0') COLLATE utf8mb4_unicode_ci NOT NULL DEFAULT '0',
  `created_at` timestamp NULL DEFAULT NULL,
  `updated_at` timestamp NULL DEFAULT NULL,
  `deleted_at` timestamp NULL DEFAULT NULL
) ENGINE=InnoDB DEFAULT CHARSET=utf8mb4 COLLATE=utf8mb4_unicode_ci;

--
-- Dumping data for table `cms_widgets`
--

INSERT INTO `cms_widgets` (`id`, `slug`, `title`, `description`, `icon`, `color`, `div_column_class`, `link`, `widget_type`, `sql`, `config`, `status`, `created_at`, `updated_at`, `deleted_at`) VALUES
(1, 'total-customer', 'Total Customer', NULL, 'icon-user', '#4b71fa', 'col-md-3', '/admin/app-users', 'small_box', 'Select count(*) from users WHERE `user_group_id`=2', '', '1', NULL, NULL, NULL),
(2, 'total-property', 'Total Property', NULL, 'icon-people', '#7bcb4d', 'col-md-3', '/admin/app-users', 'small_box', 'Select count(*) from properties', '', '1', NULL, NULL, NULL),
(3, '', 'Total User', NULL, 'icon-user', '#4b71fa', 'col-md-3', '/admin/app-users', 'small_box', 'Select count(*) from users limit 1', '', '0', NULL, NULL, NULL),
(4, '', 'Total Roles', NULL, 'icon-people', '#7bcb4d ', 'col-md-3', '/admin/app-users', 'small_box', 'Select count(*) from users limit 1', '', '0', NULL, NULL, NULL),
(5, 'users_graph', 'Users', NULL, 'icon-user', '#fff', 'col-md-12', '/admin/app-users', 'line_chart', 'SELECT count(id) AS value, MONTHNAME(created_at) AS label FROM users', '', '1', NULL, NULL, NULL);

-- --------------------------------------------------------

--
-- Table structure for table `cms_widget_role`
--

CREATE TABLE `cms_widget_role` (
  `id` bigint(20) UNSIGNED NOT NULL,
  `cms_widget_id` bigint(20) UNSIGNED NOT NULL,
  `cms_role_id` bigint(20) UNSIGNED NOT NULL,
  `created_at` timestamp NULL DEFAULT NULL,
  `updated_at` timestamp NULL DEFAULT NULL,
  `deleted_at` timestamp NULL DEFAULT NULL
) ENGINE=InnoDB DEFAULT CHARSET=utf8mb4 COLLATE=utf8mb4_unicode_ci;

--
-- Dumping data for table `cms_widget_role`
--

INSERT INTO `cms_widget_role` (`id`, `cms_widget_id`, `cms_role_id`, `created_at`, `updated_at`, `deleted_at`) VALUES
(1, 1, 2, NULL, NULL, NULL),
(2, 2, 2, NULL, NULL, NULL),
(3, 1, 3, NULL, NULL, NULL),
(4, 2, 3, NULL, NULL, NULL),
(5, 5, 2, NULL, NULL, NULL),
(6, 5, 3, NULL, NULL, NULL);

-- --------------------------------------------------------

--
-- Table structure for table `failed_jobs`
--

CREATE TABLE `failed_jobs` (
  `id` bigint(20) UNSIGNED NOT NULL,
  `uuid` varchar(255) COLLATE utf8mb4_unicode_ci NOT NULL,
  `connection` text COLLATE utf8mb4_unicode_ci NOT NULL,
  `queue` text COLLATE utf8mb4_unicode_ci NOT NULL,
  `payload` longtext COLLATE utf8mb4_unicode_ci NOT NULL,
  `exception` longtext COLLATE utf8mb4_unicode_ci NOT NULL,
  `failed_at` timestamp NOT NULL DEFAULT CURRENT_TIMESTAMP
) ENGINE=InnoDB DEFAULT CHARSET=utf8mb4 COLLATE=utf8mb4_unicode_ci;

-- --------------------------------------------------------

--
-- Table structure for table `lenders_state_disclosure`
--

CREATE TABLE `lenders_state_disclosure` (
  `id` bigint(20) UNSIGNED NOT NULL,
  `user_id` bigint(20) UNSIGNED NOT NULL,
  `title` varchar(255) COLLATE utf8mb4_unicode_ci DEFAULT NULL,
  `link` varchar(255) COLLATE utf8mb4_unicode_ci NOT NULL,
  `created_at` timestamp NULL DEFAULT NULL,
  `updated_at` timestamp NULL DEFAULT NULL,
  `deleted_at` timestamp NULL DEFAULT NULL
) ENGINE=InnoDB DEFAULT CHARSET=utf8mb4 COLLATE=utf8mb4_unicode_ci;

--
-- Dumping data for table `lenders_state_disclosure`
--

INSERT INTO `lenders_state_disclosure` (`id`, `user_id`, `title`, `link`, `created_at`, `updated_at`, `deleted_at`) VALUES
(1, 59, 'Open House Lending', 'https://www.openhouselending.us/', '2022-02-07 19:50:40', '2022-02-07 19:50:40', NULL),
(2, 64, 'Open House Lending', 'https://www.openhouselending.us/', '2022-02-07 20:23:52', '2022-02-07 20:23:52', NULL),
(4, 71, 'toko', 'https://realtytek.qa.retrocubedev.com/storage/users/27aAhcOWbJxq0NSVO1FeCg9zatWTZh7pPhjmdZ6U.pdf', '2022-02-23 04:50:47', '2022-02-23 04:50:47', NULL),
(5, 111, 'US Steel FCU', 'https://www.usaa.com', '2022-03-29 20:57:14', '2022-03-29 20:57:14', NULL);

-- --------------------------------------------------------

--
-- Table structure for table `mail_templates`
--

CREATE TABLE `mail_templates` (
  `id` bigint(20) UNSIGNED NOT NULL,
  `identifier` varchar(100) COLLATE utf8mb4_unicode_ci NOT NULL,
  `subject` varchar(255) COLLATE utf8mb4_unicode_ci NOT NULL,
  `body` text COLLATE utf8mb4_unicode_ci NOT NULL,
  `wildcard` text COLLATE utf8mb4_unicode_ci NOT NULL,
  `created_at` timestamp NULL DEFAULT NULL,
  `updated_at` timestamp NULL DEFAULT NULL,
  `deleted_at` timestamp NULL DEFAULT NULL
) ENGINE=InnoDB DEFAULT CHARSET=utf8mb4 COLLATE=utf8mb4_unicode_ci;

--
-- Dumping data for table `mail_templates`
--

INSERT INTO `mail_templates` (`id`, `identifier`, `subject`, `body`, `wildcard`, `created_at`, `updated_at`, `deleted_at`) VALUES
(1, 'forgot-password', 'Forgot Password Confirmation', '<table class=\"main\" style=\"border-collapse: separate; mso-table-lspace: 0pt; mso-table-rspace: 0pt; width: 100%; background: #ffffff; border-radius: 3px;\">\r\n    <tr>\r\n        <td class=\"wrapper\" style=\"font-family: sans-serif; font-size: 14px; vertical-align: top; box-sizing: border-box; padding: 20px;\">\r\n            <table border=\"0\" cellpadding=\"0\" cellspacing=\"0\" style=\"border-collapse: separate; mso-table-lspace: 0pt; mso-table-rspace: 0pt; width: 100%;\">\r\n                <tr>\r\n                    <td style=\"font-family: sans-serif; font-size: 14px; vertical-align: top;\">\r\n                        <p style=\"font-family: sans-serif; font-size: 14px; font-weight: normal; margin: 0; Margin-bottom: 15px;\">Hi [USERNAME],</p>\r\n                        <p style=\"font-family: sans-serif; font-size: 14px; font-weight: normal; margin: 0; Margin-bottom: 15px;\">A request has been made to recover password for your account. Please follow below link to generate new password for your account :</p>\r\n                        <p><a href=\"[LINK]\">Reset Password</a></p>\r\n                        <br>\r\n                        <br>\r\n                        <p style=\"font-family: sans-serif; font-size: 14px; font-weight: normal; margin: 0; Margin-bottom: 15px;\">Regards,</p>\r\n                        <p style=\"font-family: sans-serif; font-size: 14px; font-weight: normal; margin: 0; Margin-bottom: 15px;\"> [YEAR] [APP_NAME] All Rights reserved.</p>\r\n                    </td>\r\n                </tr>\r\n            </table>\r\n        </td>\r\n    </tr>\r\n</table>\r\n', '[USERNAME],[LINK],[YEAR],[APP_NAME]', '2021-12-02 06:29:29', NULL, NULL),
(2, 'user_registration', 'Welcome to [APP_NAME]', '<table class=\"main\" style=\"border-collapse: separate; mso-table-lspace: 0pt; mso-table-rspace: 0pt; width: 100%; background: #ffffff; border-radius: 3px;\">\r\n    <tr>\r\n        <td class=\"wrapper\" style=\"font-family: sans-serif; font-size: 14px; vertical-align: top; box-sizing: border-box; padding: 20px;\">\r\n            <table border=\"0\" cellpadding=\"0\" cellspacing=\"0\" style=\"border-collapse: separate; mso-table-lspace: 0pt; mso-table-rspace: 0pt; width: 100%;\">\r\n                <tr>\r\n                    <td style=\"font-family: sans-serif; font-size: 14px; vertical-align: top;\">\r\n                        <p style=\"font-family: sans-serif; font-size: 14px; font-weight: normal; margin: 0; Margin-bottom: 15px;\">Hi [USERNAME],</p>\r\n                        <p style=\"font-family: sans-serif; font-size: 14px; font-weight: normal; margin: 0; Margin-bottom: 15px;\">Your account has been created successfully. First, you need to confirm your account. Just click the below link</p>\r\n                        <p><a href=\"[LINK]\">Verify Now</a></p>\r\n                        <br>\r\n                        <br>\r\n                        <p style=\"font-family: sans-serif; font-size: 14px; font-weight: normal; margin: 0; Margin-bottom: 15px;\">Regards,</p>\r\n                        <p style=\"font-family: sans-serif; font-size: 14px; font-weight: normal; margin: 0; Margin-bottom: 15px;\"> [YEAR] [APP_NAME] All Rights reserved.</p>\r\n                    </td>\r\n                </tr>\r\n            </table>\r\n        </td>\r\n    </tr>\r\n</table>\r\n', '[USERNAME],[LINK],[YEAR],[APP_NAME]', '2021-12-02 06:29:29', NULL, NULL),
(3, 'customer_invite', 'Welcome to [APP_NAME]', '<table class=\"main\" style=\"border-collapse: separate; mso-table-lspace: 0pt; mso-table-rspace: 0pt; width: 100%; background: #ffffff; border-radius: 3px;\">\r\n   <tr>\r\n      <td class=\"wrapper\" style=\"font-family: sans-serif; font-size: 14px; vertical-align: top; box-sizing: border-box; padding: 20px;\">\r\n         <table border=\"0\" cellpadding=\"0\" cellspacing=\"0\" style=\"border-collapse: separate; mso-table-lspace: 0pt; mso-table-rspace: 0pt; width: 100%;\">\r\n            <tr>\r\n               <td style=\"font-family: sans-serif; font-size: 14px; vertical-align: top;\">\r\n                  <p style=\"font-family: sans-serif; font-size: 14px; font-weight: normal; margin: 0; Margin-bottom: 15px;\">Hi [NAME],</p>\r\n                  <p style=\"font-family: sans-serif; font-size: 14px; font-weight: normal; margin: 0; Margin-bottom: 15px;\">Your account has been created by [AGENT_NAME]. First, you need to verify your email through the following link.</p>\r\n                   <p><a href=\"[VERIFY_LINK]\">Verify Account</a></p>\r\n                   <p style=\"font-family: sans-serif; font-size: 14px; font-weight: normal; margin: 0;\"><b>Admin Panel Credential</b></p>\r\n                   <br />\r\n                  <p style=\"font-family: sans-serif; font-size: 14px; font-weight: normal; margin: 0;\">Email: [EMAIL]</p>\r\n                  <p style=\"font-family: sans-serif; font-size: 14px; font-weight: normal; margin: 0;\">Password: [PASSWORD]</p>\r\n                  <br />\r\n                  <br />\r\n                  <p style=\"font-family: sans-serif; font-size: 14px; font-weight: normal; margin: 0; Margin-bottom: 15px;\">Regards,</p>\r\n                  <p style=\"font-family: sans-serif; font-size: 14px; font-weight: normal; margin: 0; Margin-bottom: 15px;\">The [APP_NAME] team,</p>\r\n               </td>\r\n            </tr>\r\n         </table>\r\n      </td>\r\n   </tr>\r\n</table>', '[NAME],[AGENT_NAME],[EMAIL],[PASSWORD],[APP_NAME],[VERIFY_LINK]', '2021-12-02 06:29:29', NULL, NULL);

-- --------------------------------------------------------

--
-- Table structure for table `media`
--

CREATE TABLE `media` (
  `id` bigint(20) UNSIGNED NOT NULL,
  `module` varchar(255) COLLATE utf8mb4_unicode_ci NOT NULL,
  `module_id` int(11) NOT NULL,
  `filename` varchar(255) COLLATE utf8mb4_unicode_ci DEFAULT NULL,
  `file_url` text COLLATE utf8mb4_unicode_ci,
  `thumbnail_url` text COLLATE utf8mb4_unicode_ci,
  `mime_type` varchar(255) COLLATE utf8mb4_unicode_ci DEFAULT NULL,
  `meta_data` text COLLATE utf8mb4_unicode_ci,
  `status` int(11) NOT NULL DEFAULT '0',
  `created_at` timestamp NULL DEFAULT NULL,
  `updated_at` timestamp NULL DEFAULT NULL,
  `deleted_at` timestamp NULL DEFAULT NULL
) ENGINE=InnoDB DEFAULT CHARSET=utf8mb4 COLLATE=utf8mb4_unicode_ci;

--
-- Dumping data for table `media`
--

INSERT INTO `media` (`id`, `module`, `module_id`, `filename`, `file_url`, `thumbnail_url`, `mime_type`, `meta_data`, `status`, `created_at`, `updated_at`, `deleted_at`) VALUES
(1, 'lenders_state_disclosure', 27, 'Travelers_Commercial_General_Liability_Coverage_Form_(Occurrence)_GL1070CF.PDF', '/storage/customer/np0PcjWNHUmAJfRe5HNd99kKsjPQkVU9mWFel0Xh.pdf', NULL, NULL, NULL, 0, '2022-01-25 04:11:52', '2022-01-25 04:11:52', NULL),
(2, 'lenders_state_disclosure', 27, 'Project_Proposal_.pdf', '/storage/customer/aMn0mMlBXsSWCoAxXVBW2v4OeS3wxkuDZhggwFYf.pdf', NULL, NULL, NULL, 0, '2022-01-25 04:16:03', '2022-01-25 04:16:03', NULL),
(3, 'lenders_state_disclosure', 59, 'Preferred_Lender_List_Jan_2018(2).pdf', '/storage/customer/xBbnn2rTEbVFvJ5fa2eG6uI2WEek4nHP92uDabdq.pdf', NULL, NULL, NULL, 0, '2022-02-07 19:47:45', '2022-02-07 19:47:45', NULL),
(4, 'lenders_state_disclosure', 64, 'Preferred_Lender_List_Jan_2018(2).pdf', '/storage/customer/MnINtPfdSQ0m14CxHjlBKgYWGRe7ru4IZqyUNLdF.pdf', NULL, NULL, NULL, 0, '2022-02-07 20:21:11', '2022-02-07 20:21:11', NULL),
(7, 'lenders_state_disclosure', 3, '16023.pdf', '/storage/customer/iX5FpVw3BpKtmMyVwK3ojhoD3QycQEfPbcZzGSlI.pdf', NULL, NULL, NULL, 0, '2022-02-16 06:45:40', '2022-02-16 06:45:40', NULL),
(9, 'lenders_state_disclosure', 111, 'Preferred_Lender_List_Jan_2018(2).pdf', '/storage/customer/or0Lsx2VKeoda8nKnItRZ38M8zGOiQgV3enX8YQR.pdf', NULL, NULL, NULL, 0, '2022-03-29 20:23:44', '2022-03-29 20:23:44', NULL),
(11, 'lenders_state_disclosure', 71, 'assignment1.pdf', '/storage/customer/h9s51j68zhPDxr4OdHAEZjVwIgiIUsT8PBJ1n8i1.pdf', NULL, NULL, NULL, 0, '2022-07-08 11:29:12', '2022-07-08 11:29:12', NULL);

-- --------------------------------------------------------

--
-- Table structure for table `migrations`
--

CREATE TABLE `migrations` (
  `id` int(10) UNSIGNED NOT NULL,
  `migration` varchar(255) COLLATE utf8mb4_unicode_ci NOT NULL,
  `batch` int(11) NOT NULL
) ENGINE=InnoDB DEFAULT CHARSET=utf8mb4 COLLATE=utf8mb4_unicode_ci;

--
-- Dumping data for table `migrations`
--

INSERT INTO `migrations` (`id`, `migration`, `batch`) VALUES
(1, '2019_08_19_000000_create_failed_jobs_table', 1),
(2, '2021_03_05_000000_create_cms_roles_table', 1),
(3, '2021_03_05_172240_create_cms_users_table', 1),
(4, '2021_03_05_174918_create_cms_modules_table', 1),
(5, '2021_03_05_175415_create_cms_module_permissions_table', 1),
(6, '2021_03_06_185651_create_mail_templates_table', 1),
(7, '2021_03_08_191839_create_reset_password_table', 1),
(8, '2021_03_13_121206_create_application_setting_table', 1),
(9, '2021_04_20_200223_create_user_groups_table', 1),
(10, '2021_04_20_200451_create_users_table', 1),
(11, '2021_04_20_202053_create_user_api_token_table', 1),
(12, '2021_06_04_181436_create_notification_table', 1),
(13, '2021_06_06_130550_create_notification_setting_table', 1),
(14, '2021_08_02_162534_create_properties_table', 1),
(15, '2021_08_02_165657_create_buyers_table', 1),
(16, '2021_08_02_171133_create_buyer_properties_table', 1),
(17, '2021_08_02_171643_create_property_contract_status_table', 1),
(18, '2021_08_02_172406_create_property_loan_info_table', 1),
(19, '2021_08_02_172922_create_appointments_table', 1),
(20, '2021_08_02_174021_create_subscription_packages_table', 1),
(21, '2021_08_02_174220_create_app_content_table', 1),
(22, '2021_08_02_174235_create_app_faqs_table', 1),
(23, '2021_08_02_174321_create_user_subscriptions_table', 1),
(24, '2021_08_02_205522_create_transactions_table', 1),
(25, '2021_08_12_081800_create_property_contract_status_history_table', 1),
(26, '2021_08_31_073711_create_media_table', 1),
(27, '2021_08_31_074907_create_lenders_state_disclosure_table', 1),
(28, '2021_08_31_104207_create_user_review_table', 1);

-- --------------------------------------------------------

--
-- Table structure for table `notification`
--

CREATE TABLE `notification` (
  `id` bigint(20) UNSIGNED NOT NULL,
  `unique_id` varchar(255) COLLATE utf8mb4_unicode_ci NOT NULL,
  `identifier` varchar(255) COLLATE utf8mb4_unicode_ci NOT NULL,
  `actor_id` int(11) NOT NULL,
  `actor_type` enum('users','cms_users') COLLATE utf8mb4_unicode_ci NOT NULL DEFAULT 'users',
  `target_id` int(11) NOT NULL,
  `target_type` enum('users','cms_users') COLLATE utf8mb4_unicode_ci NOT NULL DEFAULT 'users',
  `reference_id` int(11) NOT NULL,
  `reference_slug` varchar(255) COLLATE utf8mb4_unicode_ci NOT NULL,
  `custom_data` text COLLATE utf8mb4_unicode_ci,
  `reference_module` varchar(255) COLLATE utf8mb4_unicode_ci NOT NULL,
  `title` varchar(255) COLLATE utf8mb4_unicode_ci NOT NULL,
  `description` text COLLATE utf8mb4_unicode_ci NOT NULL,
  `web_redirect_link` text COLLATE utf8mb4_unicode_ci,
  `is_read` enum('0','1') COLLATE utf8mb4_unicode_ci NOT NULL DEFAULT '0',
  `is_view` enum('0','1') COLLATE utf8mb4_unicode_ci NOT NULL DEFAULT '0',
  `created_at` timestamp NULL DEFAULT NULL,
  `updated_at` timestamp NULL DEFAULT NULL
) ENGINE=InnoDB DEFAULT CHARSET=utf8mb4 COLLATE=utf8mb4_unicode_ci;

--
-- Dumping data for table `notification`
--

INSERT INTO `notification` (`id`, `unique_id`, `identifier`, `actor_id`, `actor_type`, `target_id`, `target_type`, `reference_id`, `reference_slug`, `custom_data`, `reference_module`, `title`, `description`, `web_redirect_link`, `is_read`, `is_view`, `created_at`, `updated_at`) VALUES
(1, '61ae200d7f919', 'create_buying_query', 12, 'users', 11, 'users', 0, '164393964561ae200d706a6', NULL, 'buyers', 'Realtytek', 'testc has added a buying query', NULL, '0', '0', '2021-12-06 14:37:01', NULL),
(2, '61ae208ce63d6', 'property_create', 11, 'users', 12, 'users', 0, '1881613203', NULL, 'properties', 'Realtytek', 'test6 has added a property', NULL, '0', '0', '2021-12-06 14:39:09', NULL),
(3, '61ae22660fe4a', 'property_create', 11, 'users', 12, 'users', 0, '481900555', NULL, 'properties', 'Realtytek', 'test6 has added a property', NULL, '0', '0', '2021-12-06 14:47:02', NULL),
(4, '61ae22f44420e', 'property_create', 12, 'users', 11, 'users', 0, '235452003', NULL, 'properties', 'Realtytek', 'testc has added a property', NULL, '0', '0', '2021-12-06 14:49:24', NULL),
(5, '61ae2371b220b', 'update_buying_query', 11, 'users', 12, 'users', 0, '164393964561ae200d706a6', NULL, 'buyers', 'Realtytek', 'test6 has updated buying query', NULL, '0', '0', '2021-12-06 14:51:29', NULL),
(6, '61ae263a8840f', 'create_appointment', 12, 'users', 11, 'users', 0, '31845343561ae263a787d5', NULL, 'appointments', 'Realtytek', 'testc create an appointment request', NULL, '0', '0', '2021-12-06 15:03:23', NULL),
(7, '61ae26449d2e2', 'accept_appointment', 11, 'users', 12, 'users', 0, '31845343561ae263a787d5', NULL, 'appointment', 'Realtytek', 'test6 has accept Your appointment', NULL, '0', '0', '2021-12-06 15:03:32', NULL),
(8, '61ae26636da93', 'create_appointment', 12, 'users', 11, 'users', 0, '7505067261ae26635f9bf', NULL, 'appointments', 'Realtytek', 'testc create an appointment request', NULL, '0', '0', '2021-12-06 15:04:03', NULL),
(9, '61ae290f7d3b6', 'create_appointment', 12, 'users', 11, 'users', 0, '89210195861ae290f70ddd', NULL, 'appointments', 'Realtytek', 'testc create an appointment request', NULL, '0', '0', '2021-12-06 15:15:28', NULL),
(10, '61ae2954847f4', 'update_buying_query', 11, 'users', 12, 'users', 0, '164393964561ae200d706a6', NULL, 'buyers', 'Realtytek', 'test6 has updated buying query', NULL, '0', '0', '2021-12-06 15:16:36', NULL),
(11, '61ae2aa63f960', 'create_appointment', 12, 'users', 11, 'users', 0, '159589285061ae2aa630d5e', NULL, 'appointments', 'Realtytek', 'testc create an appointment request', NULL, '0', '0', '2021-12-06 15:22:14', NULL),
(12, '61ae2b7b95899', 'accept_appointment', 11, 'users', 12, 'users', 0, '159589285061ae2aa630d5e', NULL, 'appointment', 'Realtytek', 'test6 has accept Your appointment', NULL, '0', '0', '2021-12-06 15:25:47', NULL),
(13, '61ae2b90e2bfe', 'create_appointment', 12, 'users', 11, 'users', 0, '93592033961ae2b90d08f7', NULL, 'appointments', 'Realtytek', 'testc create an appointment request', NULL, '0', '0', '2021-12-06 15:26:09', NULL),
(14, '61ae2bff42b8a', 'accept_appointment', 11, 'users', 12, 'users', 0, '93592033961ae2b90d08f7', NULL, 'appointment', 'Realtytek', 'test6 has accept Your appointment', NULL, '0', '0', '2021-12-06 15:27:59', NULL),
(15, '61aefa859e3c7', 'property_create', 5, 'users', 4, 'users', 0, '1582607895', NULL, 'properties', 'Realtytek', 'asd has added a property', NULL, '1', '0', '2021-12-07 06:09:09', '2021-12-07 11:01:54'),
(16, '61aefa9e969c9', 'create_buying_query', 5, 'users', 4, 'users', 0, '139296513761aefa9e85e84', NULL, 'buyers', 'Realtytek', 'asd has added a buying query', NULL, '1', '0', '2021-12-07 06:09:34', '2021-12-07 11:01:54'),
(17, '61aefaad85197', 'create_appointment', 5, 'users', 4, 'users', 0, '155778549761aefaad70c26', NULL, 'appointments', 'Realtytek', 'asd create an appointment request', NULL, '1', '0', '2021-12-07 06:09:49', '2021-12-07 11:01:54'),
(18, '61af0041b3590', 'update_buying_query', 4, 'users', 5, 'users', 0, '139296513761aefa9e85e84', NULL, 'buyers', 'Realtytek', 'zxc has updated buying query', NULL, '1', '0', '2021-12-07 06:33:38', '2021-12-16 13:04:50'),
(19, '61af00ad9223b', 'initiate_contract', 4, 'users', 5, 'users', 0, '110011138961adad53223a4', NULL, 'buyers', 'Realtytek', 'zxc initiated your contract', NULL, '1', '0', '2021-12-07 06:35:25', '2021-12-16 13:04:50'),
(20, '61af00c1a90aa', 'accept_appointment', 4, 'users', 5, 'users', 0, '106522543261aa0af98e3b0', NULL, 'appointment', 'Realtytek', 'zxc has accept Your appointment', NULL, '1', '0', '2021-12-07 06:35:46', '2021-12-16 13:04:50'),
(21, '61af0200d5960', 'property_create', 4, 'users', 5, 'users', 0, '983311639', NULL, 'properties', 'Realtytek', 'zxc has added a property', NULL, '1', '0', '2021-12-07 06:41:05', '2021-12-16 13:04:50'),
(22, '61af0221e95e9', 'create_buying_query', 4, 'users', 5, 'users', 0, '18656241861af0221b07ae', NULL, 'buyers', 'Realtytek', 'zxc has added a buying query', NULL, '1', '0', '2021-12-07 06:41:38', '2021-12-16 13:04:50'),
(23, '61b8bac14b43a', 'create_buying_query', 14, 'users', 13, 'users', 6, '126979429961b8bac134a0f', '{\"record_id\":0,\"redirect_link\":null,\"identifier\":\"create_buying_query\",\"data\":{\"id\":6,\"slug\":\"126979429961b8bac134a0f\"}}', 'buyers', 'Buying query created', 'lead1 has added a buying query', NULL, '0', '0', '2021-12-14 15:39:45', NULL),
(24, '61b8bc24d29dd', 'update_buying_query', 13, 'users', 14, 'users', 6, '126979429961b8bac134a0f', '{\"record_id\":0,\"redirect_link\":null,\"identifier\":\"home_recommended\",\"data\":{\"id\":6,\"slug\":\"126979429961b8bac134a0f\"}}', 'buyers', 'Home Recommended', 'test14 recommended home on your buying query', NULL, '1', '0', '2021-12-14 15:45:41', '2021-12-15 15:11:25'),
(25, '61b8bc8d9b652', 'create_appointment', 14, 'users', 13, 'users', 10, '152013574261b8bc8d82332', '{\"record_id\":0,\"redirect_link\":null,\"identifier\":\"create_appointment\",\"data\":{\"id\":10,\"slug\":\"152013574261b8bc8d82332\"}}', 'appointments', 'Appointment request', 'lead1 create an appointment request', NULL, '0', '0', '2021-12-14 15:47:25', NULL),
(26, '61b8bcccdbf6c', 'accept_appointment', 13, 'users', 14, 'users', 10, '152013574261b8bc8d82332', '{\"record_id\":0,\"redirect_link\":null,\"identifier\":\"accept_appointment\",\"data\":{\"id\":10,\"slug\":\"152013574261b8bc8d82332\"}}', 'appointment', 'Appointment request accepted', 'test14 has accept Your appointment', NULL, '1', '0', '2021-12-14 15:48:29', '2021-12-15 15:11:25'),
(27, '61ba03d289874', 'create_buying_query', 14, 'users', 13, 'users', 7, '116395369361ba03d276611', '{\"record_id\":0,\"redirect_link\":null,\"identifier\":\"create_buying_query\",\"data\":{\"id\":7,\"slug\":\"116395369361ba03d276611\"}}', 'buyers', 'Buying query created', 'lead1 has added a buying query', NULL, '0', '0', '2021-12-15 15:03:46', NULL),
(28, '61ba057f7e126', 'update_buying_query', 13, 'users', 14, 'users', 7, '116395369361ba03d276611', '{\"record_id\":0,\"redirect_link\":null,\"identifier\":\"home_recommended\",\"data\":{\"id\":7,\"slug\":\"116395369361ba03d276611\"}}', 'buyers', 'Home Recommended', 'test14 recommended home on your buying query', NULL, '1', '0', '2021-12-15 15:10:55', '2021-12-15 15:11:25'),
(29, '61ba05ab46f1f', 'initiate_contract', 13, 'users', 14, 'users', 6, '126979429961b8bac134a0f', '{\"record_id\":0,\"redirect_link\":null,\"identifier\":\"initiate_contract\",\"data\":{\"id\":6,\"slug\":\"126979429961b8bac134a0f\"}}', 'buyers', 'Contract initiated', 'test14 initiated your contract', NULL, '0', '0', '2021-12-15 15:11:39', NULL),
(30, '61bad256251ab', 'update_buying_query', 4, 'users', 5, 'users', 5, '18656241861af0221b07ae', '{\"record_id\":0,\"redirect_link\":null,\"identifier\":\"update_buying_query\",\"data\":{\"id\":5,\"slug\":\"18656241861af0221b07ae\"}}', 'buyers', 'Buying query updated', 'zxc has updated buying query', NULL, '1', '0', '2021-12-16 05:44:54', '2021-12-16 13:04:50'),
(31, '61bad2609fbf0', 'update_buying_query', 4, 'users', 5, 'users', 5, '18656241861af0221b07ae', '{\"record_id\":0,\"redirect_link\":null,\"identifier\":\"update_buying_query\",\"data\":{\"id\":5,\"slug\":\"18656241861af0221b07ae\"}}', 'buyers', 'Buying query updated', 'zxc has updated buying query', NULL, '1', '0', '2021-12-16 05:45:04', '2021-12-16 13:04:50'),
(32, '61bad26822bee', 'update_buying_query', 4, 'users', 5, 'users', 5, '18656241861af0221b07ae', '{\"record_id\":0,\"redirect_link\":null,\"identifier\":\"home_recommended\",\"data\":{\"id\":5,\"slug\":\"18656241861af0221b07ae\"}}', 'buyers', 'Home Recommended', 'zxc recommended home on your buying query', NULL, '1', '0', '2021-12-16 05:45:12', '2021-12-16 13:04:50'),
(33, '61bad36326098', 'update_buying_query', 4, 'users', 5, 'users', 5, '18656241861af0221b07ae', '{\"record_id\":0,\"redirect_link\":null,\"identifier\":\"home_recommended\",\"data\":{\"id\":5,\"slug\":\"18656241861af0221b07ae\"}}', 'buyers', 'Home Recommended', 'zxc recommended home on your buying query', NULL, '1', '0', '2021-12-16 05:49:23', '2021-12-16 13:04:50'),
(34, '61bad3b2c0b27', 'update_buying_query', 4, 'users', 5, 'users', 5, '18656241861af0221b07ae', '{\"record_id\":0,\"redirect_link\":null,\"identifier\":\"update_buying_query\",\"data\":{\"id\":5,\"slug\":\"18656241861af0221b07ae\"}}', 'buyers', 'Buying query updated', 'zxc has updated buying query', NULL, '1', '0', '2021-12-16 05:50:43', '2021-12-16 13:04:50'),
(35, '61bb2da330c2f', 'create_buying_query', 4, 'users', 5, 'users', 8, '160375937861bb2da312afe', '{\"record_id\":0,\"redirect_link\":null,\"identifier\":\"create_buying_query\",\"data\":{\"id\":8,\"slug\":\"160375937861bb2da312afe\"}}', 'buyers', 'Buying query created', 'zxc has added a buying query', NULL, '1', '0', '2021-12-16 12:14:27', '2021-12-16 13:04:50'),
(36, '61bb2e34c215e', 'create_buying_query', 4, 'users', 5, 'users', 9, '38084986061bb2e3490d74', '{\"record_id\":0,\"redirect_link\":null,\"identifier\":\"create_buying_query\",\"data\":{\"id\":9,\"slug\":\"38084986061bb2e3490d74\"}}', 'buyers', 'Buying query created', 'zxc has added a buying query', NULL, '1', '0', '2021-12-16 12:16:53', '2021-12-16 13:04:50'),
(37, '61bb2e8df13e9', 'create_buying_query', 4, 'users', 5, 'users', 10, '159788683061bb2e8dd8c9a', '{\"record_id\":0,\"redirect_link\":null,\"identifier\":\"create_buying_query\",\"data\":{\"id\":10,\"slug\":\"159788683061bb2e8dd8c9a\"}}', 'buyers', 'Buying query created', 'zxc has added a buying query', NULL, '1', '0', '2021-12-16 12:18:22', '2021-12-16 13:04:50'),
(38, '61bb2f211d753', 'create_appointment', 5, 'users', 4, 'users', 11, '88006170661bb2f2108c11', '{\"record_id\":0,\"redirect_link\":null,\"identifier\":\"create_appointment\",\"data\":{\"id\":11,\"slug\":\"88006170661bb2f2108c11\"}}', 'appointments', 'Appointment request', 'asd create an appointment request', NULL, '0', '0', '2021-12-16 12:20:49', NULL),
(39, '61bb32d40ce9b', 'initiate_contract', 4, 'users', 5, 'users', 1, '55434016361a9bf8ad6548', '{\"record_id\":0,\"redirect_link\":null,\"identifier\":\"initiate_contract\",\"data\":{\"id\":1,\"slug\":\"55434016361a9bf8ad6548\"}}', 'buyers', 'Contract initiated', 'zxc initiated your contract', NULL, '1', '0', '2021-12-16 12:36:36', '2021-12-16 13:04:50'),
(40, '61bb35c912e20', 'update_buying_query', 4, 'users', 5, 'users', 10, '159788683061bb2e8dd8c9a', '{\"record_id\":0,\"redirect_link\":null,\"identifier\":\"home_recommended\",\"data\":{\"id\":10,\"slug\":\"159788683061bb2e8dd8c9a\"}}', 'buyers', 'Home Recommended', 'zxc recommended home on your buying query', NULL, '1', '0', '2021-12-16 12:49:13', '2021-12-16 13:04:50'),
(41, '61bb35f544bef', 'create_buying_query', 5, 'users', 4, 'users', 11, '94007015161bb35f5008b0', '{\"record_id\":0,\"redirect_link\":null,\"identifier\":\"create_buying_query\",\"data\":{\"id\":11,\"slug\":\"94007015161bb35f5008b0\"}}', 'buyers', 'Buying query created', 'asd has added a buying query', NULL, '0', '0', '2021-12-16 12:49:57', NULL),
(42, '61bb3674ad4cd', 'accept_appointment', 4, 'users', 5, 'users', 11, '88006170661bb2f2108c11', '{\"record_id\":0,\"redirect_link\":null,\"identifier\":\"accept_appointment\",\"data\":{\"id\":11,\"slug\":\"88006170661bb2f2108c11\"}}', 'appointment', 'Appointment request accepted', 'zxc has accept Your appointment', NULL, '1', '0', '2021-12-16 12:52:05', '2021-12-16 13:04:50'),
(43, '61bb36b505360', 'create_buying_query', 4, 'users', 5, 'users', 12, '177837805361bb36b4ca622', '{\"record_id\":0,\"redirect_link\":null,\"identifier\":\"create_buying_query\",\"data\":{\"id\":12,\"slug\":\"177837805361bb36b4ca622\"}}', 'buyers', 'Buying query created', 'zxc has added a buying query', NULL, '1', '0', '2021-12-16 12:53:09', '2021-12-16 13:04:50'),
(44, '61bb5da40aa80', 'create_buying_query', 18, 'users', 19, 'users', 13, '117762360061bb5da3f084f', '{\"record_id\":0,\"redirect_link\":null,\"identifier\":\"create_buying_query\",\"data\":{\"id\":13,\"slug\":\"117762360061bb5da3f084f\"}}', 'buyers', 'Buying query created', 'test2 has added a buying query', NULL, '0', '0', '2021-12-16 15:39:16', NULL),
(45, '61c0a5f406d35', 'create_buying_query', 21, 'users', 20, 'users', 15, '74682886161c0a5f3e946a', '{\"record_id\":0,\"redirect_link\":null,\"identifier\":\"create_buying_query\",\"data\":{\"id\":15,\"slug\":\"74682886161c0a5f3e946a\"}}', 'buyers', 'Buying query created', 'test16 has added a buying query', NULL, '1', '0', '2021-12-20 15:49:08', '2021-12-28 08:57:36'),
(46, '61c0a6eb2f122', 'property_create', 21, 'users', 20, 'users', 9, '1057196041', '{\"record_id\":0,\"redirect_link\":null,\"identifier\":\"property_create\",\"data\":{\"id\":9,\"slug\":1057196041}}', 'properties', 'Property created', 'test16 has added a property', NULL, '1', '0', '2021-12-20 15:53:15', '2021-12-28 08:57:36'),
(47, '61c0a714b7fe5', 'update_buying_query', 20, 'users', 21, 'users', 15, '74682886161c0a5f3e946a', '{\"record_id\":0,\"redirect_link\":null,\"identifier\":\"home_recommended\",\"data\":{\"id\":15,\"slug\":\"74682886161c0a5f3e946a\"}}', 'buyers', 'Home Recommended', 'test16 recommended home on your buying query', NULL, '0', '0', '2021-12-20 15:53:57', NULL),
(48, '61c0a7a381c0f', 'create_appointment', 21, 'users', 20, 'users', 12, '79309964661c0a7a3658b4', '{\"record_id\":0,\"redirect_link\":null,\"identifier\":\"create_appointment\",\"data\":{\"id\":12,\"slug\":\"79309964661c0a7a3658b4\"}}', 'appointments', 'Appointment request', 'test16 create an appointment request', NULL, '1', '0', '2021-12-20 15:56:19', '2021-12-28 08:57:36'),
(49, '61c0a7a8af38c', 'accept_appointment', 20, 'users', 21, 'users', 12, '79309964661c0a7a3658b4', '{\"record_id\":0,\"redirect_link\":null,\"identifier\":\"accept_appointment\",\"data\":{\"id\":12,\"slug\":\"79309964661c0a7a3658b4\"}}', 'appointment', 'Appointment request accepted', 'test16 has accept Your appointment', NULL, '0', '0', '2021-12-20 15:56:24', NULL),
(50, '61c1a18371e79', 'create_appointment', 5, 'users', 4, 'users', 13, '174715923961c1a18364507', '{\"record_id\":0,\"redirect_link\":null,\"identifier\":\"create_appointment\",\"data\":{\"id\":13,\"slug\":\"174715923961c1a18364507\"}}', 'appointments', 'Appointment request', 'asd create an appointment request', NULL, '0', '0', '2021-12-21 09:42:27', NULL),
(51, '61c1a1e4b676b', 'property_create', 5, 'users', 4, 'users', 10, '952601560', '{\"record_id\":0,\"redirect_link\":null,\"identifier\":\"property_create\",\"data\":{\"id\":10,\"slug\":952601560}}', 'properties', 'Property created', 'asd has added a property', NULL, '0', '0', '2021-12-21 09:44:05', NULL),
(52, '61c1a20a5a35d', 'create_buying_query', 5, 'users', 4, 'users', 16, '147352004161c1a20a3f901', '{\"record_id\":0,\"redirect_link\":null,\"identifier\":\"create_buying_query\",\"data\":{\"id\":16,\"slug\":\"147352004161c1a20a3f901\"}}', 'buyers', 'Buying query created', 'asd has added a buying query', NULL, '0', '0', '2021-12-21 09:44:42', NULL),
(53, '61c1a27634705', 'create_appointment', 5, 'users', 4, 'users', 14, '114535366061c1a27625486', '{\"record_id\":0,\"redirect_link\":null,\"identifier\":\"create_appointment\",\"data\":{\"id\":14,\"slug\":\"114535366061c1a27625486\"}}', 'appointments', 'Appointment request', 'asd create an appointment request', NULL, '0', '0', '2021-12-21 09:46:30', NULL),
(54, '61c1a617e7e65', 'property_create', 4, 'users', 5, 'users', 11, '826712978', '{\"record_id\":0,\"redirect_link\":null,\"identifier\":\"property_create\",\"data\":{\"id\":11,\"slug\":826712978}}', 'properties', 'Property created', 'zxc has added a property', NULL, '0', '0', '2021-12-21 10:02:00', NULL),
(55, '61c1a6ffdebf3', 'create_buying_query', 4, 'users', 5, 'users', 17, '112350491661c1a6ffc6ac7', '{\"record_id\":0,\"redirect_link\":null,\"identifier\":\"create_buying_query\",\"data\":{\"id\":17,\"slug\":\"112350491661c1a6ffc6ac7\"}}', 'buyers', 'Buying query created', 'zxc has added a buying query', NULL, '0', '0', '2021-12-21 10:05:52', NULL),
(56, '61c1aab043cb2', 'accept_appointment', 4, 'users', 5, 'users', 14, '114535366061c1a27625486', '{\"record_id\":0,\"redirect_link\":null,\"identifier\":\"accept_appointment\",\"data\":{\"id\":14,\"slug\":\"114535366061c1a27625486\"}}', 'appointment', 'Appointment request accepted', 'zxc has accept Your appointment', NULL, '0', '0', '2021-12-21 10:21:36', NULL),
(57, '61c1aac5da35a', 'update_buying_query', 4, 'users', 5, 'users', 17, '112350491661c1a6ffc6ac7', '{\"record_id\":0,\"redirect_link\":null,\"identifier\":\"update_buying_query\",\"data\":{\"id\":17,\"slug\":\"112350491661c1a6ffc6ac7\"}}', 'buyers', 'Buying query updated', 'zxc has updated buying query', NULL, '0', '0', '2021-12-21 10:21:58', NULL),
(58, '61c1aad4b3c61', 'update_buying_query', 4, 'users', 5, 'users', 17, '112350491661c1a6ffc6ac7', '{\"record_id\":0,\"redirect_link\":null,\"identifier\":\"home_recommended\",\"data\":{\"id\":17,\"slug\":\"112350491661c1a6ffc6ac7\"}}', 'buyers', 'Home Recommended', 'zxc recommended home on your buying query', NULL, '0', '0', '2021-12-21 10:22:12', NULL),
(59, '61c1ab1740ec0', 'property_create', 4, 'users', 5, 'users', 12, '1626420015', '{\"record_id\":0,\"redirect_link\":null,\"identifier\":\"property_create\",\"data\":{\"id\":12,\"slug\":1626420015}}', 'properties', 'Property created', 'zxc has added a property', NULL, '0', '0', '2021-12-21 10:23:19', NULL),
(60, '61c1ab37cf16f', 'create_buying_query', 4, 'users', 5, 'users', 18, '170401520561c1ab3794d47', '{\"record_id\":0,\"redirect_link\":null,\"identifier\":\"create_buying_query\",\"data\":{\"id\":18,\"slug\":\"170401520561c1ab3794d47\"}}', 'buyers', 'Buying query created', 'zxc has added a buying query', NULL, '0', '0', '2021-12-21 10:23:52', NULL),
(61, '61cb15e37656d', 'update_buying_query', 20, 'users', 21, 'users', 14, '4361663561c0a086dbea7', '{\"record_id\":0,\"redirect_link\":null,\"identifier\":\"update_buying_query\",\"data\":{\"id\":14,\"slug\":\"4361663561c0a086dbea7\"}}', 'buyers', 'Buying query updated', 'test16 has updated buying query', NULL, '0', '0', '2021-12-28 08:49:23', NULL),
(62, '61cdd3436bcab', 'create_buying_query', 48, 'users', 47, 'users', 20, '149212889661cdd3435974d', '{\"record_id\":0,\"redirect_link\":null,\"identifier\":\"create_buying_query\",\"data\":{\"id\":20,\"slug\":\"149212889661cdd3435974d\"}}', 'buyers', 'Buying query created', 'testlead has added a buying query', NULL, '1', '0', '2021-12-30 10:41:55', '2022-02-11 11:05:37'),
(63, '61cdd70aa8988', 'property_create', 47, 'users', 51, 'users', 13, '1409437604', '{\"record_id\":0,\"redirect_link\":null,\"identifier\":\"property_create\",\"data\":{\"id\":13,\"slug\":1409437604}}', 'properties', 'Property created', 'tst user has added a property', NULL, '0', '0', '2021-12-30 10:58:03', NULL),
(64, '61cdd7cc6cda0', 'create_appointment', 48, 'users', 47, 'users', 15, '4961221961cdd7cc59a87', '{\"record_id\":0,\"redirect_link\":null,\"identifier\":\"create_appointment\",\"data\":{\"id\":15,\"slug\":\"4961221961cdd7cc59a87\"}}', 'appointments', 'Appointment request', 'testlead create an appointment request', NULL, '1', '0', '2021-12-30 11:01:16', '2022-02-11 11:05:37'),
(65, '61cdd7d27597a', 'accept_appointment', 47, 'users', 48, 'users', 15, '4961221961cdd7cc59a87', '{\"record_id\":0,\"redirect_link\":null,\"identifier\":\"accept_appointment\",\"data\":{\"id\":15,\"slug\":\"4961221961cdd7cc59a87\"}}', 'appointment', 'Appointment request accepted', 'tst user has accept Your appointment', NULL, '0', '0', '2021-12-30 11:01:22', NULL),
(66, '61cedf2811994', 'property_create', 48, 'users', 47, 'users', 15, '113608113', '{\"record_id\":0,\"redirect_link\":null,\"identifier\":\"property_create\",\"data\":{\"id\":15,\"slug\":113608113}}', 'properties', 'Property created', 'testlead has added a property', NULL, '1', '0', '2021-12-31 05:44:56', '2022-02-11 11:05:37'),
(67, '61cedfe90e288', 'property_create', 48, 'users', 47, 'users', 16, '1083098632', '{\"record_id\":0,\"redirect_link\":null,\"identifier\":\"property_create\",\"data\":{\"id\":16,\"slug\":1083098632}}', 'properties', 'Property created', 'testlead has added a property', NULL, '1', '0', '2021-12-31 05:48:09', '2022-02-11 11:05:37'),
(68, '61cf16c366cd5', 'create_appointment', 48, 'users', 47, 'users', 16, '105917094761cf16c32883c', '{\"record_id\":0,\"redirect_link\":null,\"identifier\":\"create_appointment\",\"data\":{\"id\":16,\"slug\":\"105917094761cf16c32883c\"}}', 'appointments', 'Appointment request', 'testlead create an appointment request', NULL, '1', '0', '2021-12-31 09:42:11', '2022-02-11 11:05:37'),
(69, '61cf16d31d20d', 'accept_appointment', 47, 'users', 48, 'users', 16, '105917094761cf16c32883c', '{\"record_id\":0,\"redirect_link\":null,\"identifier\":\"accept_appointment\",\"data\":{\"id\":16,\"slug\":\"105917094761cf16c32883c\"}}', 'appointment', 'Appointment request accepted', 'tst user has accept Your appointment', NULL, '0', '0', '2021-12-31 09:42:27', NULL),
(70, '61cf189d6668b', 'create_appointment', 48, 'users', 47, 'users', 17, '46469720561cf189d57c99', '{\"record_id\":0,\"redirect_link\":null,\"identifier\":\"create_appointment\",\"data\":{\"id\":17,\"slug\":\"46469720561cf189d57c99\"}}', 'appointments', 'Appointment request', 'testlead create an appointment request', NULL, '1', '0', '2021-12-31 09:50:05', '2022-02-11 11:05:37'),
(71, '61cf18a5c8796', 'accept_appointment', 47, 'users', 48, 'users', 17, '46469720561cf189d57c99', '{\"record_id\":0,\"redirect_link\":null,\"identifier\":\"accept_appointment\",\"data\":{\"id\":17,\"slug\":\"46469720561cf189d57c99\"}}', 'appointment', 'Appointment request accepted', 'tst user has accept Your appointment', NULL, '0', '0', '2021-12-31 09:50:14', NULL),
(72, '61cf24b19d9a6', 'create_appointment', 48, 'users', 47, 'users', 18, '8582649061cf24b18f8b5', '{\"record_id\":0,\"redirect_link\":null,\"identifier\":\"create_appointment\",\"data\":{\"id\":18,\"slug\":\"8582649061cf24b18f8b5\"}}', 'appointments', 'Appointment request', 'testlead create an appointment request', NULL, '1', '0', '2021-12-31 10:41:37', '2022-02-11 11:05:37'),
(73, '61cf24b7097f1', 'accept_appointment', 47, 'users', 48, 'users', 18, '8582649061cf24b18f8b5', '{\"record_id\":0,\"redirect_link\":null,\"identifier\":\"accept_appointment\",\"data\":{\"id\":18,\"slug\":\"8582649061cf24b18f8b5\"}}', 'appointment', 'Appointment request accepted', 'tst user has accept Your appointment', NULL, '0', '0', '2021-12-31 10:41:43', NULL),
(74, '61cf259beb3dc', 'create_appointment', 48, 'users', 47, 'users', 19, '43117011761cf259bde93e', '{\"record_id\":0,\"redirect_link\":null,\"identifier\":\"create_appointment\",\"data\":{\"id\":19,\"slug\":\"43117011761cf259bde93e\"}}', 'appointments', 'Appointment request', 'testlead create an appointment request', NULL, '1', '0', '2021-12-31 10:45:32', '2022-02-11 11:05:37'),
(75, '61cf25a059c70', 'accept_appointment', 47, 'users', 48, 'users', 19, '43117011761cf259bde93e', '{\"record_id\":0,\"redirect_link\":null,\"identifier\":\"accept_appointment\",\"data\":{\"id\":19,\"slug\":\"43117011761cf259bde93e\"}}', 'appointment', 'Appointment request accepted', 'tst user has accept Your appointment', NULL, '0', '0', '2021-12-31 10:45:36', NULL),
(76, '61cf25c33b005', 'create_appointment', 48, 'users', 47, 'users', 20, '51803542061cf25c32a3c1', '{\"record_id\":0,\"redirect_link\":null,\"identifier\":\"create_appointment\",\"data\":{\"id\":20,\"slug\":\"51803542061cf25c32a3c1\"}}', 'appointments', 'Appointment request', 'testlead create an appointment request', NULL, '1', '0', '2021-12-31 10:46:11', '2022-02-11 11:05:37'),
(77, '61cf25c8e821a', 'accept_appointment', 47, 'users', 48, 'users', 20, '51803542061cf25c32a3c1', '{\"record_id\":0,\"redirect_link\":null,\"identifier\":\"accept_appointment\",\"data\":{\"id\":20,\"slug\":\"51803542061cf25c32a3c1\"}}', 'appointment', 'Appointment request accepted', 'tst user has accept Your appointment', NULL, '0', '0', '2021-12-31 10:46:17', NULL),
(78, '61cf2634e0929', 'create_appointment', 48, 'users', 47, 'users', 21, '136996763661cf2634d1ecf', '{\"record_id\":0,\"redirect_link\":null,\"identifier\":\"create_appointment\",\"data\":{\"id\":21,\"slug\":\"136996763661cf2634d1ecf\"}}', 'appointments', 'Appointment request', 'testlead create an appointment request', NULL, '1', '0', '2021-12-31 10:48:05', '2022-02-11 11:05:37'),
(79, '61cf2639e9cc0', 'accept_appointment', 47, 'users', 48, 'users', 21, '136996763661cf2634d1ecf', '{\"record_id\":0,\"redirect_link\":null,\"identifier\":\"accept_appointment\",\"data\":{\"id\":21,\"slug\":\"136996763661cf2634d1ecf\"}}', 'appointment', 'Appointment request accepted', 'tst user has accept Your appointment', NULL, '0', '0', '2021-12-31 10:48:10', NULL),
(80, '61cf2669326a2', 'create_appointment', 48, 'users', 47, 'users', 22, '161890019361cf266924a1d', '{\"record_id\":0,\"redirect_link\":null,\"identifier\":\"create_appointment\",\"data\":{\"id\":22,\"slug\":\"161890019361cf266924a1d\"}}', 'appointments', 'Appointment request', 'testlead create an appointment request', NULL, '1', '0', '2021-12-31 10:48:57', '2022-02-11 11:05:37'),
(81, '61cf266ea7efc', 'accept_appointment', 47, 'users', 48, 'users', 22, '161890019361cf266924a1d', '{\"record_id\":0,\"redirect_link\":null,\"identifier\":\"accept_appointment\",\"data\":{\"id\":22,\"slug\":\"161890019361cf266924a1d\"}}', 'appointment', 'Appointment request accepted', 'tst user has accept Your appointment', NULL, '0', '0', '2021-12-31 10:49:02', NULL),
(82, '61cf26b99a912', 'create_appointment', 48, 'users', 47, 'users', 23, '109242854161cf26b98ec98', '{\"record_id\":0,\"redirect_link\":null,\"identifier\":\"create_appointment\",\"data\":{\"id\":23,\"slug\":\"109242854161cf26b98ec98\"}}', 'appointments', 'Appointment request', 'testlead create an appointment request', NULL, '1', '0', '2021-12-31 10:50:17', '2022-02-11 11:05:37'),
(83, '61cf26c1da943', 'accept_appointment', 47, 'users', 48, 'users', 23, '109242854161cf26b98ec98', '{\"record_id\":0,\"redirect_link\":null,\"identifier\":\"accept_appointment\",\"data\":{\"id\":23,\"slug\":\"109242854161cf26b98ec98\"}}', 'appointment', 'Appointment request accepted', 'tst user has accept Your appointment', NULL, '0', '0', '2021-12-31 10:50:26', NULL),
(84, '61d2df618b563', 'property_create', 54, 'users', 27, 'users', 17, '1724626540', '{\"record_id\":0,\"redirect_link\":null,\"identifier\":\"property_create\",\"data\":{\"id\":17,\"slug\":1724626540}}', 'properties', 'Property created', 'realty11 has added a property', NULL, '0', '0', '2022-01-03 06:34:57', NULL),
(85, '61d2df8355b55', 'create_buying_query', 54, 'users', 27, 'users', 22, '62632582161d2df833c789', '{\"record_id\":0,\"redirect_link\":null,\"identifier\":\"create_buying_query\",\"data\":{\"id\":22,\"slug\":\"62632582161d2df833c789\"}}', 'buyers', 'Buying query created', 'realty11 has added a buying query', NULL, '0', '0', '2022-01-03 06:35:31', NULL),
(86, '61d2e84805950', 'create_buying_query', 54, 'users', 27, 'users', 23, '22905311961d2e847d936a', '{\"record_id\":0,\"redirect_link\":null,\"identifier\":\"create_buying_query\",\"data\":{\"id\":23,\"slug\":\"22905311961d2e847d936a\"}}', 'buyers', 'Buying query created', 'realty11 has added a buying query', NULL, '0', '0', '2022-01-03 07:12:56', NULL),
(87, '61d2e879d444a', 'update_buying_query', 27, 'users', 54, 'users', 22, '62632582161d2df833c789', '{\"record_id\":0,\"redirect_link\":null,\"identifier\":\"home_recommended\",\"data\":{\"id\":22,\"slug\":\"62632582161d2df833c789\"}}', 'buyers', 'Home Recommended', 'realty11 recommended home on your buying query', NULL, '0', '0', '2022-01-03 07:13:46', NULL),
(88, '61d2e8885d0bd', 'create_appointment', 54, 'users', 27, 'users', 24, '126657277161d2e8884905d', '{\"record_id\":0,\"redirect_link\":null,\"identifier\":\"create_appointment\",\"data\":{\"id\":24,\"slug\":\"126657277161d2e8884905d\"}}', 'appointments', 'Appointment request', 'realty11 create an appointment request', NULL, '0', '0', '2022-01-03 07:14:00', NULL),
(89, '61d2e88d407e1', 'accept_appointment', 27, 'users', 54, 'users', 24, '126657277161d2e8884905d', '{\"record_id\":0,\"redirect_link\":null,\"identifier\":\"accept_appointment\",\"data\":{\"id\":24,\"slug\":\"126657277161d2e8884905d\"}}', 'appointment', 'Appointment request accepted', 'realty11 has accept Your appointment', NULL, '0', '0', '2022-01-03 07:14:05', NULL),
(90, '61d2e8b01c2bb', 'create_appointment', 54, 'users', 27, 'users', 25, '46156747661d2e8b00b3f3', '{\"record_id\":0,\"redirect_link\":null,\"identifier\":\"create_appointment\",\"data\":{\"id\":25,\"slug\":\"46156747661d2e8b00b3f3\"}}', 'appointments', 'Appointment request', 'realty11 create an appointment request', NULL, '0', '0', '2022-01-03 07:14:40', NULL),
(91, '61d2e8ba2a048', 'create_appointment', 54, 'users', 27, 'users', 26, '22679912361d2e8ba19c69', '{\"record_id\":0,\"redirect_link\":null,\"identifier\":\"create_appointment\",\"data\":{\"id\":26,\"slug\":\"22679912361d2e8ba19c69\"}}', 'appointments', 'Appointment request', 'realty11 create an appointment request', NULL, '0', '0', '2022-01-03 07:14:50', NULL),
(92, '61d2e8c106d02', 'accept_appointment', 27, 'users', 54, 'users', 26, '22679912361d2e8ba19c69', '{\"record_id\":0,\"redirect_link\":null,\"identifier\":\"accept_appointment\",\"data\":{\"id\":26,\"slug\":\"22679912361d2e8ba19c69\"}}', 'appointment', 'Appointment request accepted', 'realty11 has accept Your appointment', NULL, '0', '0', '2022-01-03 07:14:57', NULL),
(93, '61d2e8cedf2cd', 'accept_appointment', 27, 'users', 54, 'users', 25, '46156747661d2e8b00b3f3', '{\"record_id\":0,\"redirect_link\":null,\"identifier\":\"accept_appointment\",\"data\":{\"id\":25,\"slug\":\"46156747661d2e8b00b3f3\"}}', 'appointment', 'Appointment request accepted', 'realty11 has accept Your appointment', NULL, '0', '0', '2022-01-03 07:15:11', NULL),
(94, '61d2ea0587549', 'create_appointment', 54, 'users', 27, 'users', 27, '167386015461d2ea0578755', '{\"record_id\":0,\"redirect_link\":null,\"identifier\":\"create_appointment\",\"data\":{\"id\":27,\"slug\":\"167386015461d2ea0578755\"}}', 'appointments', 'Appointment request', 'realty11 create an appointment request', NULL, '0', '0', '2022-01-03 07:20:21', NULL),
(95, '61d2ea0b9e482', 'create_appointment', 54, 'users', 27, 'users', 28, '206635283361d2ea0b910f5', '{\"record_id\":0,\"redirect_link\":null,\"identifier\":\"create_appointment\",\"data\":{\"id\":28,\"slug\":\"206635283361d2ea0b910f5\"}}', 'appointments', 'Appointment request', 'realty11 create an appointment request', NULL, '0', '0', '2022-01-03 07:20:27', NULL),
(96, '61d2ea125a47b', 'create_appointment', 54, 'users', 27, 'users', 29, '167525061861d2ea1241152', '{\"record_id\":0,\"redirect_link\":null,\"identifier\":\"create_appointment\",\"data\":{\"id\":29,\"slug\":\"167525061861d2ea1241152\"}}', 'appointments', 'Appointment request', 'realty11 create an appointment request', NULL, '0', '0', '2022-01-03 07:20:34', NULL),
(97, '61d2ea17efc5f', 'accept_appointment', 27, 'users', 54, 'users', 29, '167525061861d2ea1241152', '{\"record_id\":0,\"redirect_link\":null,\"identifier\":\"accept_appointment\",\"data\":{\"id\":29,\"slug\":\"167525061861d2ea1241152\"}}', 'appointment', 'Appointment request accepted', 'realty11 has accept Your appointment', NULL, '0', '0', '2022-01-03 07:20:40', NULL),
(98, '61d2ea1f9ba60', 'accept_appointment', 27, 'users', 54, 'users', 28, '206635283361d2ea0b910f5', '{\"record_id\":0,\"redirect_link\":null,\"identifier\":\"accept_appointment\",\"data\":{\"id\":28,\"slug\":\"206635283361d2ea0b910f5\"}}', 'appointment', 'Appointment request accepted', 'realty11 has accept Your appointment', NULL, '0', '0', '2022-01-03 07:20:47', NULL),
(99, '61d2ea244c731', 'accept_appointment', 27, 'users', 54, 'users', 27, '167386015461d2ea0578755', '{\"record_id\":0,\"redirect_link\":null,\"identifier\":\"accept_appointment\",\"data\":{\"id\":27,\"slug\":\"167386015461d2ea0578755\"}}', 'appointment', 'Appointment request accepted', 'realty11 has accept Your appointment', NULL, '0', '0', '2022-01-03 07:20:52', NULL),
(100, '61fc9b63221a7', 'create_buying_query', 65, 'users', 64, 'users', 24, '16758854761fc9b62e069c', '{\"record_id\":0,\"redirect_link\":null,\"identifier\":\"create_buying_query\",\"data\":{\"id\":24,\"slug\":\"16758854761fc9b62e069c\"}}', 'buyers', 'Buying query created', 'DeLinda Armstrong has added a buying query', NULL, '0', '0', '2022-02-03 22:20:03', NULL),
(101, '61fc9fca2af98', 'create_buying_query', 64, 'users', 65, 'users', 26, '21240260061fc9fc9c2219', '{\"record_id\":0,\"redirect_link\":null,\"identifier\":\"create_buying_query\",\"data\":{\"id\":26,\"slug\":\"21240260061fc9fc9c2219\"}}', 'buyers', 'Buying query created', 'Andrew has added a buying query', NULL, '0', '0', '2022-02-03 22:38:50', NULL),
(102, '61fca1cb555a4', 'property_create', 64, 'users', 65, 'users', 19, '685666504', '{\"record_id\":0,\"redirect_link\":null,\"identifier\":\"property_create\",\"data\":{\"id\":19,\"slug\":685666504}}', 'properties', 'Property created', 'Andrew has added a property', NULL, '0', '0', '2022-02-03 22:47:23', NULL),
(103, '61fca2034dd56', 'update_buying_query', 64, 'users', 65, 'users', 26, '21240260061fc9fc9c2219', '{\"record_id\":0,\"redirect_link\":null,\"identifier\":\"update_buying_query\",\"data\":{\"id\":26,\"slug\":\"21240260061fc9fc9c2219\"}}', 'buyers', 'Buying query updated', 'Andrew has updated buying query', NULL, '0', '0', '2022-02-03 22:48:19', NULL),
(104, '61fca22158c50', 'update_buying_query', 64, 'users', 65, 'users', 26, '21240260061fc9fc9c2219', '{\"record_id\":0,\"redirect_link\":null,\"identifier\":\"home_recommended\",\"data\":{\"id\":26,\"slug\":\"21240260061fc9fc9c2219\"}}', 'buyers', 'Home Recommended', 'Andrew recommended home on your buying query', NULL, '0', '0', '2022-02-03 22:48:49', NULL),
(105, '61fca51129eeb', 'create_buying_query', 66, 'users', 64, 'users', 27, '2360380261fca51117b64', '{\"record_id\":0,\"redirect_link\":null,\"identifier\":\"create_buying_query\",\"data\":{\"id\":27,\"slug\":\"2360380261fca51117b64\"}}', 'buyers', 'Buying query created', 'Karl Armstrong has added a buying query', NULL, '0', '0', '2022-02-03 23:01:21', NULL),
(106, '620ccf1f50a4b', 'create_buying_query', 4, 'users', 5, 'users', 28, '1088618938620ccf1eb112a', '{\"record_id\":0,\"redirect_link\":null,\"identifier\":\"create_buying_query\",\"data\":{\"id\":28,\"slug\":\"1088618938620ccf1eb112a\"}}', 'buyers', 'Buying query created', 'zxc has added a buying query', NULL, '0', '0', '2022-02-16 05:17:03', NULL),
(107, '620df4aa022f5', 'property_create', 75, 'users', 71, 'users', 21, '1670030422', '{\"record_id\":0,\"redirect_link\":null,\"identifier\":\"property_create\",\"data\":{\"id\":21,\"slug\":1670030422}}', 'properties', 'Property created', 'cust 2 has added a property', NULL, '1', '0', '2022-02-17 02:09:30', '2022-03-04 02:19:49'),
(108, '623867d3eaf4f', 'property_create', 100, 'users', 98, 'users', 32, '2081200919', '{\"record_id\":0,\"redirect_link\":null,\"identifier\":\"property_create\",\"data\":{\"id\":32,\"slug\":2081200919}}', 'properties', 'Property created', 'cust 88 has added a property', NULL, '1', '0', '2022-03-21 10:56:04', '2022-03-21 11:00:35'),
(109, '62386864b9476', 'create_buying_query', 100, 'users', 98, 'users', 43, '32145211862386864b7956', '{\"record_id\":0,\"redirect_link\":null,\"identifier\":\"create_buying_query\",\"data\":{\"id\":43,\"slug\":\"32145211862386864b7956\"}}', 'buyers', 'Buying query created', 'cust 88 has added a buying query', NULL, '1', '0', '2022-03-21 10:58:29', '2022-03-21 11:00:35'),
(110, '623868dd6d9ce', 'create_buying_query', 100, 'users', 98, 'users', 44, '933582139623868dd6c3f4', '{\"record_id\":0,\"redirect_link\":null,\"identifier\":\"create_buying_query\",\"data\":{\"id\":44,\"slug\":\"933582139623868dd6c3f4\"}}', 'buyers', 'Buying query created', 'cust 88 has added a buying query', NULL, '1', '0', '2022-03-21 11:00:32', '2022-03-21 11:00:35'),
(111, '6238945c02dbd', 'create_buying_query', 100, 'users', 98, 'users', 45, '8448738606238945c01472', '{\"record_id\":0,\"redirect_link\":null,\"identifier\":\"create_buying_query\",\"data\":{\"id\":45,\"slug\":\"8448738606238945c01472\"}}', 'buyers', 'Buying query created', 'cust 88 has added a buying query', NULL, '0', '0', '2022-03-21 14:06:04', NULL),
(112, '623894817f85f', 'create_buying_query', 100, 'users', 98, 'users', 46, '367956588623894817dfc2', '{\"record_id\":0,\"redirect_link\":null,\"identifier\":\"create_buying_query\",\"data\":{\"id\":46,\"slug\":\"367956588623894817dfc2\"}}', 'buyers', 'Buying query created', 'cust 88 has added a buying query', NULL, '0', '0', '2022-03-21 14:06:41', NULL),
(113, '6238949aa8a0a', 'create_buying_query', 100, 'users', 98, 'users', 47, '21138871036238949aa70f3', '{\"record_id\":0,\"redirect_link\":null,\"identifier\":\"create_buying_query\",\"data\":{\"id\":47,\"slug\":\"21138871036238949aa70f3\"}}', 'buyers', 'Buying query created', 'cust 88 has added a buying query', NULL, '0', '0', '2022-03-21 14:07:07', NULL),
(114, '623894b2368ad', 'create_buying_query', 100, 'users', 98, 'users', 48, '743480126623894b235152', '{\"record_id\":0,\"redirect_link\":null,\"identifier\":\"create_buying_query\",\"data\":{\"id\":48,\"slug\":\"743480126623894b235152\"}}', 'buyers', 'Buying query created', 'cust 88 has added a buying query', NULL, '0', '0', '2022-03-21 14:07:30', NULL),
(115, '623894cdb6152', 'create_buying_query', 100, 'users', 98, 'users', 49, '561444399623894cdb4b5b', '{\"record_id\":0,\"redirect_link\":null,\"identifier\":\"create_buying_query\",\"data\":{\"id\":49,\"slug\":\"561444399623894cdb4b5b\"}}', 'buyers', 'Buying query created', 'cust 88 has added a buying query', NULL, '0', '0', '2022-03-21 14:07:58', NULL),
(116, '623894e40babc', 'create_buying_query', 100, 'users', 98, 'users', 50, '773283324623894e40a34a', '{\"record_id\":0,\"redirect_link\":null,\"identifier\":\"create_buying_query\",\"data\":{\"id\":50,\"slug\":\"773283324623894e40a34a\"}}', 'buyers', 'Buying query created', 'cust 88 has added a buying query', NULL, '0', '0', '2022-03-21 14:08:20', NULL),
(117, '623894fce79b7', 'create_buying_query', 100, 'users', 98, 'users', 51, '1203856128623894fce6346', '{\"record_id\":0,\"redirect_link\":null,\"identifier\":\"create_buying_query\",\"data\":{\"id\":51,\"slug\":\"1203856128623894fce6346\"}}', 'buyers', 'Buying query created', 'cust 88 has added a buying query', NULL, '0', '0', '2022-03-21 14:08:45', NULL),
(118, '62389519cd3bc', 'create_buying_query', 100, 'users', 98, 'users', 52, '22528980962389519cbd2f', '{\"record_id\":0,\"redirect_link\":null,\"identifier\":\"create_buying_query\",\"data\":{\"id\":52,\"slug\":\"22528980962389519cbd2f\"}}', 'buyers', 'Buying query created', 'cust 88 has added a buying query', NULL, '0', '0', '2022-03-21 14:09:14', NULL),
(119, '623895a98c170', 'property_create', 99, 'users', 98, 'users', 33, '1810540813', '{\"record_id\":0,\"redirect_link\":null,\"identifier\":\"property_create\",\"data\":{\"id\":33,\"slug\":1810540813}}', 'properties', 'Property created', 'customer has added a property', NULL, '0', '0', '2022-03-21 14:11:37', NULL),
(120, '623895eee3b3d', 'property_create', 99, 'users', 98, 'users', 34, '1120364683', '{\"record_id\":0,\"redirect_link\":null,\"identifier\":\"property_create\",\"data\":{\"id\":34,\"slug\":1120364683}}', 'properties', 'Property created', 'customer has added a property', NULL, '0', '0', '2022-03-21 14:12:47', NULL),
(121, '6238962318b40', 'property_create', 99, 'users', 98, 'users', 35, '385408081', '{\"record_id\":0,\"redirect_link\":null,\"identifier\":\"property_create\",\"data\":{\"id\":35,\"slug\":385408081}}', 'properties', 'Property created', 'customer has added a property', NULL, '0', '0', '2022-03-21 14:13:39', NULL),
(122, '6238964e2e324', 'property_create', 99, 'users', 98, 'users', 36, '40894705', '{\"record_id\":0,\"redirect_link\":null,\"identifier\":\"property_create\",\"data\":{\"id\":36,\"slug\":40894705}}', 'properties', 'Property created', 'customer has added a property', NULL, '0', '0', '2022-03-21 14:14:22', NULL),
(123, '6238967fe2c78', 'property_create', 99, 'users', 98, 'users', 37, '658768538', '{\"record_id\":0,\"redirect_link\":null,\"identifier\":\"property_create\",\"data\":{\"id\":37,\"slug\":658768538}}', 'properties', 'Property created', 'customer has added a property', NULL, '0', '0', '2022-03-21 14:15:12', NULL),
(124, '623896b1e6f19', 'property_create', 99, 'users', 98, 'users', 38, '568939084', '{\"record_id\":0,\"redirect_link\":null,\"identifier\":\"property_create\",\"data\":{\"id\":38,\"slug\":568939084}}', 'properties', 'Property created', 'customer has added a property', NULL, '0', '0', '2022-03-21 14:16:02', NULL),
(125, '623896e459253', 'property_create', 99, 'users', 98, 'users', 39, '161535467', '{\"record_id\":0,\"redirect_link\":null,\"identifier\":\"property_create\",\"data\":{\"id\":39,\"slug\":161535467}}', 'properties', 'Property created', 'customer has added a property', NULL, '0', '0', '2022-03-21 14:16:52', NULL),
(126, '6238973bac935', 'property_create', 99, 'users', 98, 'users', 40, '1725496427', '{\"record_id\":0,\"redirect_link\":null,\"identifier\":\"property_create\",\"data\":{\"id\":40,\"slug\":1725496427}}', 'properties', 'Property created', 'customer has added a property', NULL, '0', '0', '2022-03-21 14:18:19', NULL),
(127, '62396a17dedb2', 'property_create', 101, 'users', 94, 'users', 44, '490062886', '{\"record_id\":0,\"redirect_link\":null,\"identifier\":\"property_create\",\"data\":{\"id\":44,\"slug\":490062886}}', 'properties', 'Property created', 'test2 has added a property', NULL, '0', '0', '2022-03-22 05:18:00', NULL),
(128, '62396ac18c6b7', 'create_buying_query', 101, 'users', 94, 'users', 53, '99963616762396ac18ac1a', '{\"record_id\":0,\"redirect_link\":null,\"identifier\":\"create_buying_query\",\"data\":{\"id\":53,\"slug\":\"99963616762396ac18ac1a\"}}', 'buyers', 'Buying query created', 'test2 has added a buying query', NULL, '0', '0', '2022-03-22 05:20:49', NULL),
(129, '62396b2251ebf', 'property_create', 101, 'users', 94, 'users', 45, '523573140', '{\"record_id\":0,\"redirect_link\":null,\"identifier\":\"property_create\",\"data\":{\"id\":45,\"slug\":523573140}}', 'properties', 'Property created', 'test2 has added a property', NULL, '0', '0', '2022-03-22 05:22:26', NULL),
(130, '623b0ba312554', 'create_buying_query', 102, 'users', 103, 'users', 55, '941630274623b0ba310594', '{\"record_id\":0,\"redirect_link\":null,\"identifier\":\"create_buying_query\",\"data\":{\"id\":55,\"slug\":\"941630274623b0ba310594\"}}', 'buyers', 'Buying query created', 'realty22 has added a buying query', NULL, '1', '0', '2022-03-23 10:59:31', '2022-03-24 08:47:07'),
(131, '623b0bb432ebc', 'update_buying_query', 102, 'users', 103, 'users', 55, '941630274623b0ba310594', '{\"record_id\":0,\"redirect_link\":null,\"identifier\":\"home_recommended\",\"data\":{\"id\":55,\"slug\":\"941630274623b0ba310594\"}}', 'buyers', 'Home Recommended', 'realty22 recommended home on your buying query', NULL, '1', '0', '2022-03-23 10:59:48', '2022-03-24 08:47:07'),
(132, '623b0c02307b4', 'update_buying_query', 102, 'users', 103, 'users', 55, '941630274623b0ba310594', '{\"record_id\":0,\"redirect_link\":null,\"identifier\":\"home_recommended\",\"data\":{\"id\":55,\"slug\":\"941630274623b0ba310594\"}}', 'buyers', 'Home Recommended', 'realty22 recommended home on your buying query', NULL, '1', '0', '2022-03-23 11:01:06', '2022-03-24 08:47:07'),
(133, '623b28e22728b', 'property_create', 107, 'users', 105, 'users', 48, '77787879', '{\"record_id\":0,\"redirect_link\":null,\"identifier\":\"property_create\",\"data\":{\"id\":48,\"slug\":77787879}}', 'properties', 'Property created', 'adam has added a property', NULL, '0', '0', '2022-03-23 13:04:18', NULL),
(134, '623b293798b86', 'property_create', 107, 'users', 105, 'users', 49, '910111500', '{\"record_id\":0,\"redirect_link\":null,\"identifier\":\"property_create\",\"data\":{\"id\":49,\"slug\":910111500}}', 'properties', 'Property created', 'adam has added a property', NULL, '0', '0', '2022-03-23 13:05:43', NULL),
(135, '623b296da3d04', 'property_create', 107, 'users', 105, 'users', 50, '1192990474', '{\"record_id\":0,\"redirect_link\":null,\"identifier\":\"property_create\",\"data\":{\"id\":50,\"slug\":1192990474}}', 'properties', 'Property created', 'adam has added a property', NULL, '0', '0', '2022-03-23 13:06:38', NULL),
(136, '623b2999e7b17', 'property_create', 107, 'users', 105, 'users', 51, '239912130', '{\"record_id\":0,\"redirect_link\":null,\"identifier\":\"property_create\",\"data\":{\"id\":51,\"slug\":239912130}}', 'properties', 'Property created', 'adam has added a property', NULL, '0', '0', '2022-03-23 13:07:22', NULL),
(137, '623b29c6a2dc2', 'property_create', 107, 'users', 105, 'users', 52, '478961876', '{\"record_id\":0,\"redirect_link\":null,\"identifier\":\"property_create\",\"data\":{\"id\":52,\"slug\":478961876}}', 'properties', 'Property created', 'adam has added a property', NULL, '0', '0', '2022-03-23 13:08:07', NULL),
(138, '623b29f66a8a8', 'property_create', 107, 'users', 105, 'users', 53, '323266983', '{\"record_id\":0,\"redirect_link\":null,\"identifier\":\"property_create\",\"data\":{\"id\":53,\"slug\":323266983}}', 'properties', 'Property created', 'adam has added a property', NULL, '0', '0', '2022-03-23 13:08:54', NULL),
(139, '623b4e58aa303', 'create_buying_query', 106, 'users', 105, 'users', 56, '1155716093623b4e58a7e34', '{\"record_id\":0,\"redirect_link\":null,\"identifier\":\"create_buying_query\",\"data\":{\"id\":56,\"slug\":\"1155716093623b4e58a7e34\"}}', 'buyers', 'Buying query created', 'charles has added a buying query', NULL, '0', '0', '2022-03-23 15:44:08', NULL),
(140, '623b4e7da6515', 'create_buying_query', 106, 'users', 105, 'users', 57, '1518229218623b4e7da4d11', '{\"record_id\":0,\"redirect_link\":null,\"identifier\":\"create_buying_query\",\"data\":{\"id\":57,\"slug\":\"1518229218623b4e7da4d11\"}}', 'buyers', 'Buying query created', 'charles has added a buying query', NULL, '0', '0', '2022-03-23 15:44:45', NULL),
(141, '623b4e99101a9', 'create_buying_query', 106, 'users', 105, 'users', 58, '838036660623b4e990ebaf', '{\"record_id\":0,\"redirect_link\":null,\"identifier\":\"create_buying_query\",\"data\":{\"id\":58,\"slug\":\"838036660623b4e990ebaf\"}}', 'buyers', 'Buying query created', 'charles has added a buying query', NULL, '0', '0', '2022-03-23 15:45:13', NULL),
(142, '623b4eae4ad59', 'create_buying_query', 106, 'users', 105, 'users', 59, '1028582875623b4eae49819', '{\"record_id\":0,\"redirect_link\":null,\"identifier\":\"create_buying_query\",\"data\":{\"id\":59,\"slug\":\"1028582875623b4eae49819\"}}', 'buyers', 'Buying query created', 'charles has added a buying query', NULL, '0', '0', '2022-03-23 15:45:34', NULL),
(143, '623b4ec463453', 'create_buying_query', 106, 'users', 105, 'users', 60, '481955404623b4ec461e8c', '{\"record_id\":0,\"redirect_link\":null,\"identifier\":\"create_buying_query\",\"data\":{\"id\":60,\"slug\":\"481955404623b4ec461e8c\"}}', 'buyers', 'Buying query created', 'charles has added a buying query', NULL, '0', '0', '2022-03-23 15:45:56', NULL),
(144, '623b4ed9e4453', 'create_buying_query', 106, 'users', 105, 'users', 61, '386096918623b4ed9e2b0b', '{\"record_id\":0,\"redirect_link\":null,\"identifier\":\"create_buying_query\",\"data\":{\"id\":61,\"slug\":\"386096918623b4ed9e2b0b\"}}', 'buyers', 'Buying query created', 'charles has added a buying query', NULL, '0', '0', '2022-03-23 15:46:18', NULL),
(145, '623b5072e08a3', 'create_appointment', 106, 'users', 105, 'users', 54, '532915006623b5072defa4', '{\"record_id\":0,\"redirect_link\":null,\"identifier\":\"create_appointment\",\"data\":{\"id\":54,\"slug\":\"532915006623b5072defa4\"}}', 'appointments', 'Appointment request', 'charles create an appointment request', NULL, '0', '0', '2022-03-23 15:53:07', NULL),
(146, '623b50850626f', 'create_appointment', 106, 'users', 105, 'users', 55, '252562991623b508504b68', '{\"record_id\":0,\"redirect_link\":null,\"identifier\":\"create_appointment\",\"data\":{\"id\":55,\"slug\":\"252562991623b508504b68\"}}', 'appointments', 'Appointment request', 'charles create an appointment request', NULL, '0', '0', '2022-03-23 15:53:25', NULL),
(147, '623b509990c71', 'create_appointment', 106, 'users', 105, 'users', 56, '583237184623b50998f573', '{\"record_id\":0,\"redirect_link\":null,\"identifier\":\"create_appointment\",\"data\":{\"id\":56,\"slug\":\"583237184623b50998f573\"}}', 'appointments', 'Appointment request', 'charles create an appointment request', NULL, '0', '0', '2022-03-23 15:53:45', NULL),
(148, '623b50ba5ff18', 'update_buying_query', 105, 'users', 106, 'users', 59, '1028582875623b4eae49819', '{\"record_id\":0,\"redirect_link\":null,\"identifier\":\"home_recommended\",\"data\":{\"id\":59,\"slug\":\"1028582875623b4eae49819\"}}', 'buyers', 'Home Recommended', 'agar recommended home on your buying query', NULL, '0', '0', '2022-03-23 15:54:18', NULL);
INSERT INTO `notification` (`id`, `unique_id`, `identifier`, `actor_id`, `actor_type`, `target_id`, `target_type`, `reference_id`, `reference_slug`, `custom_data`, `reference_module`, `title`, `description`, `web_redirect_link`, `is_read`, `is_view`, `created_at`, `updated_at`) VALUES
(149, '623b50c948428', 'update_buying_query', 105, 'users', 106, 'users', 58, '838036660623b4e990ebaf', '{\"record_id\":0,\"redirect_link\":null,\"identifier\":\"home_recommended\",\"data\":{\"id\":58,\"slug\":\"838036660623b4e990ebaf\"}}', 'buyers', 'Home Recommended', 'agar recommended home on your buying query', NULL, '0', '0', '2022-03-23 15:54:33', NULL),
(150, '623b50d67524f', 'update_buying_query', 105, 'users', 106, 'users', 57, '1518229218623b4e7da4d11', '{\"record_id\":0,\"redirect_link\":null,\"identifier\":\"home_recommended\",\"data\":{\"id\":57,\"slug\":\"1518229218623b4e7da4d11\"}}', 'buyers', 'Home Recommended', 'agar recommended home on your buying query', NULL, '0', '0', '2022-03-23 15:54:46', NULL),
(151, '623b50e299a50', 'update_buying_query', 105, 'users', 106, 'users', 56, '1155716093623b4e58a7e34', '{\"record_id\":0,\"redirect_link\":null,\"identifier\":\"home_recommended\",\"data\":{\"id\":56,\"slug\":\"1155716093623b4e58a7e34\"}}', 'buyers', 'Home Recommended', 'agar recommended home on your buying query', NULL, '0', '0', '2022-03-23 15:54:58', NULL),
(152, '623b50fe215c8', 'create_appointment', 106, 'users', 105, 'users', 57, '1092659014623b50fe200a0', '{\"record_id\":0,\"redirect_link\":null,\"identifier\":\"create_appointment\",\"data\":{\"id\":57,\"slug\":\"1092659014623b50fe200a0\"}}', 'appointments', 'Appointment request', 'charles create an appointment request', NULL, '0', '0', '2022-03-23 15:55:26', NULL),
(153, '623b510c38354', 'create_appointment', 106, 'users', 105, 'users', 58, '300794793623b510c36a6f', '{\"record_id\":0,\"redirect_link\":null,\"identifier\":\"create_appointment\",\"data\":{\"id\":58,\"slug\":\"300794793623b510c36a6f\"}}', 'appointments', 'Appointment request', 'charles create an appointment request', NULL, '0', '0', '2022-03-23 15:55:40', NULL),
(154, '623b51183d773', 'create_appointment', 106, 'users', 105, 'users', 59, '838349857623b51183c2c9', '{\"record_id\":0,\"redirect_link\":null,\"identifier\":\"create_appointment\",\"data\":{\"id\":59,\"slug\":\"838349857623b51183c2c9\"}}', 'appointments', 'Appointment request', 'charles create an appointment request', NULL, '0', '0', '2022-03-23 15:55:52', NULL),
(155, '623b512f77be8', 'create_appointment', 106, 'users', 105, 'users', 60, '1327399811623b512f76647', '{\"record_id\":0,\"redirect_link\":null,\"identifier\":\"create_appointment\",\"data\":{\"id\":60,\"slug\":\"1327399811623b512f76647\"}}', 'appointments', 'Appointment request', 'charles create an appointment request', NULL, '0', '0', '2022-03-23 15:56:15', NULL),
(156, '623b514ad0f91', 'update_buying_query', 105, 'users', 106, 'users', 56, '1155716093623b4e58a7e34', '{\"record_id\":0,\"redirect_link\":null,\"identifier\":\"update_buying_query\",\"data\":{\"id\":56,\"slug\":\"1155716093623b4e58a7e34\"}}', 'buyers', 'Buying query updated', 'agar has updated buying query', NULL, '0', '0', '2022-03-23 15:56:43', NULL),
(157, '623c20db70d57', 'accept_appointment', 105, 'users', 106, 'users', 60, '1327399811623b512f76647', '{\"record_id\":0,\"redirect_link\":null,\"identifier\":\"accept_appointment\",\"data\":{\"id\":60,\"slug\":\"1327399811623b512f76647\"}}', 'appointment', 'Appointment request accepted', 'agar has accept Your appointment', NULL, '0', '0', '2022-03-24 06:42:19', NULL),
(158, '623c20dfb8b87', 'accept_appointment', 105, 'users', 106, 'users', 59, '838349857623b51183c2c9', '{\"record_id\":0,\"redirect_link\":null,\"identifier\":\"accept_appointment\",\"data\":{\"id\":59,\"slug\":\"838349857623b51183c2c9\"}}', 'appointment', 'Appointment request accepted', 'agar has accept Your appointment', NULL, '0', '0', '2022-03-24 06:42:23', NULL),
(159, '623c20e1a000c', 'accept_appointment', 105, 'users', 106, 'users', 58, '300794793623b510c36a6f', '{\"record_id\":0,\"redirect_link\":null,\"identifier\":\"accept_appointment\",\"data\":{\"id\":58,\"slug\":\"300794793623b510c36a6f\"}}', 'appointment', 'Appointment request accepted', 'agar has accept Your appointment', NULL, '0', '0', '2022-03-24 06:42:25', NULL),
(160, '623c20e357d11', 'accept_appointment', 105, 'users', 106, 'users', 57, '1092659014623b50fe200a0', '{\"record_id\":0,\"redirect_link\":null,\"identifier\":\"accept_appointment\",\"data\":{\"id\":57,\"slug\":\"1092659014623b50fe200a0\"}}', 'appointment', 'Appointment request accepted', 'agar has accept Your appointment', NULL, '0', '0', '2022-03-24 06:42:27', NULL),
(161, '623c20e4dd89f', 'accept_appointment', 105, 'users', 106, 'users', 56, '583237184623b50998f573', '{\"record_id\":0,\"redirect_link\":null,\"identifier\":\"accept_appointment\",\"data\":{\"id\":56,\"slug\":\"583237184623b50998f573\"}}', 'appointment', 'Appointment request accepted', 'agar has accept Your appointment', NULL, '0', '0', '2022-03-24 06:42:29', NULL),
(162, '623c20e6855ab', 'accept_appointment', 105, 'users', 106, 'users', 55, '252562991623b508504b68', '{\"record_id\":0,\"redirect_link\":null,\"identifier\":\"accept_appointment\",\"data\":{\"id\":55,\"slug\":\"252562991623b508504b68\"}}', 'appointment', 'Appointment request accepted', 'agar has accept Your appointment', NULL, '0', '0', '2022-03-24 06:42:30', NULL),
(163, '623c20e812449', 'accept_appointment', 105, 'users', 106, 'users', 54, '532915006623b5072defa4', '{\"record_id\":0,\"redirect_link\":null,\"identifier\":\"accept_appointment\",\"data\":{\"id\":54,\"slug\":\"532915006623b5072defa4\"}}', 'appointment', 'Appointment request accepted', 'agar has accept Your appointment', NULL, '0', '0', '2022-03-24 06:42:32', NULL),
(164, '623c3a2dc9cb7', 'create_buying_query', 103, 'users', 102, 'users', 62, '884561009623c3a2dc7f3a', '{\"record_id\":0,\"redirect_link\":null,\"identifier\":\"create_buying_query\",\"data\":{\"id\":62,\"slug\":\"884561009623c3a2dc7f3a\"}}', 'buyers', 'Buying query created', 'cust1 has added a buying query', NULL, '1', '0', '2022-03-24 08:30:21', '2022-04-19 09:42:33'),
(165, '623c3a3cae4f4', 'update_buying_query', 102, 'users', 103, 'users', 62, '884561009623c3a2dc7f3a', '{\"record_id\":0,\"redirect_link\":null,\"identifier\":\"home_recommended\",\"data\":{\"id\":62,\"slug\":\"884561009623c3a2dc7f3a\"}}', 'buyers', 'Home Recommended', 'realty22 recommended home on your buying query', NULL, '1', '0', '2022-03-24 08:30:36', '2022-03-24 08:47:07'),
(166, '623c3a6b858c3', 'update_buying_query', 102, 'users', 103, 'users', 62, '884561009623c3a2dc7f3a', '{\"record_id\":0,\"redirect_link\":null,\"identifier\":\"update_buying_query\",\"data\":{\"id\":62,\"slug\":\"884561009623c3a2dc7f3a\"}}', 'buyers', 'Buying query updated', 'realty22 has updated buying query', NULL, '1', '0', '2022-03-24 08:31:23', '2022-03-24 08:47:07'),
(167, '623c3b6069315', 'property_create', 104, 'users', 102, 'users', 54, '477674806', '{\"record_id\":0,\"redirect_link\":null,\"identifier\":\"property_create\",\"data\":{\"id\":54,\"slug\":477674806}}', 'properties', 'Property created', 'cust3 has added a property', NULL, '1', '0', '2022-03-24 08:35:28', '2022-04-19 09:42:33'),
(168, '623c3b86e1997', 'property_create', 104, 'users', 102, 'users', 55, '2083824055', '{\"record_id\":0,\"redirect_link\":null,\"identifier\":\"property_create\",\"data\":{\"id\":55,\"slug\":2083824055}}', 'properties', 'Property created', 'cust3 has added a property', NULL, '1', '0', '2022-03-24 08:36:07', '2022-04-19 09:42:33'),
(169, '623c3bb1cc1e9', 'create_buying_query', 103, 'users', 102, 'users', 63, '2047169566623c3bb1ca721', '{\"record_id\":0,\"redirect_link\":null,\"identifier\":\"create_buying_query\",\"data\":{\"id\":63,\"slug\":\"2047169566623c3bb1ca721\"}}', 'buyers', 'Buying query created', 'cust1 has added a buying query', NULL, '1', '0', '2022-03-24 08:36:49', '2022-04-19 09:42:33'),
(170, '623c3bc778bb4', 'update_buying_query', 102, 'users', 103, 'users', 63, '2047169566623c3bb1ca721', '{\"record_id\":0,\"redirect_link\":null,\"identifier\":\"home_recommended\",\"data\":{\"id\":63,\"slug\":\"2047169566623c3bb1ca721\"}}', 'buyers', 'Home Recommended', 'realty22 recommended home on your buying query', NULL, '1', '0', '2022-03-24 08:37:11', '2022-03-24 08:47:07'),
(171, '623c3bdcb064b', 'create_appointment', 103, 'users', 102, 'users', 61, '495859435623c3bdcaf046', '{\"record_id\":0,\"redirect_link\":null,\"identifier\":\"create_appointment\",\"data\":{\"id\":61,\"slug\":\"495859435623c3bdcaf046\"}}', 'appointments', 'Appointment request', 'cust1 create an appointment request', NULL, '1', '0', '2022-03-24 08:37:32', '2022-04-19 09:42:33'),
(172, '623c3beccb6e2', 'create_appointment', 103, 'users', 102, 'users', 62, '1677450191623c3becca1c2', '{\"record_id\":0,\"redirect_link\":null,\"identifier\":\"create_appointment\",\"data\":{\"id\":62,\"slug\":\"1677450191623c3becca1c2\"}}', 'appointments', 'Appointment request', 'cust1 create an appointment request', NULL, '1', '0', '2022-03-24 08:37:48', '2022-04-19 09:42:33'),
(173, '623c3ce3e4599', 'accept_appointment', 102, 'users', 103, 'users', 62, '1677450191623c3becca1c2', '{\"record_id\":0,\"redirect_link\":null,\"identifier\":\"accept_appointment\",\"data\":{\"id\":62,\"slug\":\"1677450191623c3becca1c2\"}}', 'appointment', 'Appointment request accepted', 'realty22 has accept Your appointment', NULL, '1', '0', '2022-03-24 08:41:56', '2022-03-24 08:47:07'),
(174, '623c3ce5a2954', 'accept_appointment', 102, 'users', 103, 'users', 61, '495859435623c3bdcaf046', '{\"record_id\":0,\"redirect_link\":null,\"identifier\":\"accept_appointment\",\"data\":{\"id\":61,\"slug\":\"495859435623c3bdcaf046\"}}', 'appointment', 'Appointment request accepted', 'realty22 has accept Your appointment', NULL, '1', '0', '2022-03-24 08:41:57', '2022-03-24 08:47:07'),
(175, '623c461563b63', 'create_buying_query', 106, 'users', 105, 'users', 64, '462234871623c46156214f', '{\"record_id\":0,\"redirect_link\":null,\"identifier\":\"create_buying_query\",\"data\":{\"id\":64,\"slug\":\"462234871623c46156214f\"}}', 'buyers', 'Buying query created', 'charles has added a buying query', NULL, '0', '0', '2022-03-24 09:21:09', NULL),
(176, '623c46a79f31d', 'property_create', 107, 'users', 105, 'users', 56, '1047047565', '{\"record_id\":0,\"redirect_link\":null,\"identifier\":\"property_create\",\"data\":{\"id\":56,\"slug\":1047047565}}', 'properties', 'Property created', 'adam has added a property', NULL, '0', '0', '2022-03-24 09:23:35', NULL),
(177, '623c46e216050', 'property_create', 107, 'users', 105, 'users', 57, '1547848218', '{\"record_id\":0,\"redirect_link\":null,\"identifier\":\"property_create\",\"data\":{\"id\":57,\"slug\":1547848218}}', 'properties', 'Property created', 'adam has added a property', NULL, '0', '0', '2022-03-24 09:24:34', NULL),
(178, '623c48bfdbb85', 'create_appointment', 106, 'users', 105, 'users', 63, '1419553803623c48bfda155', '{\"record_id\":0,\"redirect_link\":null,\"identifier\":\"create_appointment\",\"data\":{\"id\":63,\"slug\":\"1419553803623c48bfda155\"}}', 'appointments', 'Appointment request', 'charles create an appointment request', NULL, '0', '0', '2022-03-24 09:32:32', NULL),
(179, '623c48cd52548', 'create_appointment', 106, 'users', 105, 'users', 64, '1964366340623c48cd51001', '{\"record_id\":0,\"redirect_link\":null,\"identifier\":\"create_appointment\",\"data\":{\"id\":64,\"slug\":\"1964366340623c48cd51001\"}}', 'appointments', 'Appointment request', 'charles create an appointment request', NULL, '0', '0', '2022-03-24 09:32:45', NULL),
(180, '623c4916cd511', 'accept_appointment', 105, 'users', 106, 'users', 64, '1964366340623c48cd51001', '{\"record_id\":0,\"redirect_link\":null,\"identifier\":\"accept_appointment\",\"data\":{\"id\":64,\"slug\":\"1964366340623c48cd51001\"}}', 'appointment', 'Appointment request accepted', 'agar has accept Your appointment', NULL, '0', '0', '2022-03-24 09:33:59', NULL),
(181, '623c4a559c5e1', 'initiate_contract', 102, 'users', 103, 'users', 63, '2047169566623c3bb1ca721', '{\"record_id\":0,\"redirect_link\":null,\"identifier\":\"initiate_contract\",\"data\":{\"id\":63,\"slug\":\"2047169566623c3bb1ca721\"}}', 'buyers', 'Contract initiated', 'realty22 initiated your contract', NULL, '0', '0', '2022-03-24 09:39:17', NULL),
(182, '623c4cc0cfec0', 'initiate_contract', 102, 'users', 103, 'users', 63, '2047169566623c3bb1ca721', '{\"record_id\":0,\"redirect_link\":null,\"identifier\":\"initiate_contract\",\"data\":{\"id\":63,\"slug\":\"2047169566623c3bb1ca721\"}}', 'buyers', 'Contract initiated', 'realty22 initiated your contract', NULL, '0', '0', '2022-03-24 09:49:36', NULL),
(183, '623c4dc070926', 'initiate_contract', 102, 'users', 103, 'users', 63, '2047169566623c3bb1ca721', '{\"record_id\":0,\"redirect_link\":null,\"identifier\":\"initiate_contract\",\"data\":{\"id\":63,\"slug\":\"2047169566623c3bb1ca721\"}}', 'buyers', 'Contract initiated', 'realty22 initiated your contract', NULL, '0', '0', '2022-03-24 09:53:52', NULL),
(184, '623c50618ebc8', 'initiate_contract', 102, 'users', 103, 'users', 63, '2047169566623c3bb1ca721', '{\"record_id\":0,\"redirect_link\":null,\"identifier\":\"initiate_contract\",\"data\":{\"id\":63,\"slug\":\"2047169566623c3bb1ca721\"}}', 'buyers', 'Contract initiated', 'realty22 initiated your contract', NULL, '0', '0', '2022-03-24 10:05:05', NULL),
(185, '623c512eb275d', 'initiate_contract', 102, 'users', 103, 'users', 63, '2047169566623c3bb1ca721', '{\"record_id\":0,\"redirect_link\":null,\"identifier\":\"initiate_contract\",\"data\":{\"id\":63,\"slug\":\"2047169566623c3bb1ca721\"}}', 'buyers', 'Contract initiated', 'realty22 initiated your contract', NULL, '0', '0', '2022-03-24 10:08:30', NULL),
(186, '623c526b5bb07', 'initiate_contract', 102, 'users', 103, 'users', 63, '2047169566623c3bb1ca721', '{\"record_id\":0,\"redirect_link\":null,\"identifier\":\"initiate_contract\",\"data\":{\"id\":63,\"slug\":\"2047169566623c3bb1ca721\"}}', 'buyers', 'Contract initiated', 'realty22 initiated your contract', NULL, '0', '0', '2022-03-24 10:13:47', NULL),
(187, '623c53b313f1e', 'initiate_contract', 102, 'users', 103, 'users', 63, '2047169566623c3bb1ca721', '{\"record_id\":0,\"redirect_link\":null,\"identifier\":\"initiate_contract\",\"data\":{\"id\":63,\"slug\":\"2047169566623c3bb1ca721\"}}', 'buyers', 'Contract initiated', 'realty22 initiated your contract', NULL, '0', '0', '2022-03-24 10:19:15', NULL),
(188, '623c9c9c7a2e0', 'create_buying_query', 106, 'users', 105, 'users', 65, '581055890623c9c9c7892f', '{\"record_id\":0,\"redirect_link\":null,\"identifier\":\"create_buying_query\",\"data\":{\"id\":65,\"slug\":\"581055890623c9c9c7892f\"}}', 'buyers', 'Buying query created', 'charles has added a buying query', NULL, '0', '0', '2022-03-24 15:30:21', NULL),
(189, '623c9cbdc27a5', 'create_buying_query', 106, 'users', 105, 'users', 66, '1450255675623c9cbdc0f78', '{\"record_id\":0,\"redirect_link\":null,\"identifier\":\"create_buying_query\",\"data\":{\"id\":66,\"slug\":\"1450255675623c9cbdc0f78\"}}', 'buyers', 'Buying query created', 'charles has added a buying query', NULL, '0', '0', '2022-03-24 15:30:54', NULL),
(190, '623c9cda8f634', 'create_buying_query', 106, 'users', 105, 'users', 67, '1591603381623c9cda8de18', '{\"record_id\":0,\"redirect_link\":null,\"identifier\":\"create_buying_query\",\"data\":{\"id\":67,\"slug\":\"1591603381623c9cda8de18\"}}', 'buyers', 'Buying query created', 'charles has added a buying query', NULL, '0', '0', '2022-03-24 15:31:23', NULL),
(191, '623c9cfe76107', 'create_buying_query', 106, 'users', 105, 'users', 68, '2068815673623c9cfe74b2d', '{\"record_id\":0,\"redirect_link\":null,\"identifier\":\"create_buying_query\",\"data\":{\"id\":68,\"slug\":\"2068815673623c9cfe74b2d\"}}', 'buyers', 'Buying query created', 'charles has added a buying query', NULL, '0', '0', '2022-03-24 15:31:58', NULL),
(192, '623c9d3015f02', 'update_buying_query', 105, 'users', 106, 'users', 65, '581055890623c9c9c7892f', '{\"record_id\":0,\"redirect_link\":null,\"identifier\":\"home_recommended\",\"data\":{\"id\":65,\"slug\":\"581055890623c9c9c7892f\"}}', 'buyers', 'Home Recommended', 'agar recommended home on your buying query', NULL, '0', '0', '2022-03-24 15:32:48', NULL),
(193, '623c9d4422c7e', 'update_buying_query', 105, 'users', 106, 'users', 66, '1450255675623c9cbdc0f78', '{\"record_id\":0,\"redirect_link\":null,\"identifier\":\"home_recommended\",\"data\":{\"id\":66,\"slug\":\"1450255675623c9cbdc0f78\"}}', 'buyers', 'Home Recommended', 'agar recommended home on your buying query', NULL, '0', '0', '2022-03-24 15:33:08', NULL),
(194, '623c9d55060e3', 'update_buying_query', 105, 'users', 106, 'users', 67, '1591603381623c9cda8de18', '{\"record_id\":0,\"redirect_link\":null,\"identifier\":\"home_recommended\",\"data\":{\"id\":67,\"slug\":\"1591603381623c9cda8de18\"}}', 'buyers', 'Home Recommended', 'agar recommended home on your buying query', NULL, '0', '0', '2022-03-24 15:33:25', NULL),
(195, '623c9d634f83f', 'update_buying_query', 105, 'users', 106, 'users', 68, '2068815673623c9cfe74b2d', '{\"record_id\":0,\"redirect_link\":null,\"identifier\":\"home_recommended\",\"data\":{\"id\":68,\"slug\":\"2068815673623c9cfe74b2d\"}}', 'buyers', 'Home Recommended', 'agar recommended home on your buying query', NULL, '0', '0', '2022-03-24 15:33:39', NULL),
(196, '623c9db089c52', 'create_appointment', 106, 'users', 105, 'users', 65, '656141141623c9db0885bd', '{\"record_id\":0,\"redirect_link\":null,\"identifier\":\"create_appointment\",\"data\":{\"id\":65,\"slug\":\"656141141623c9db0885bd\"}}', 'appointments', 'Appointment request', 'charles create an appointment request', NULL, '0', '0', '2022-03-24 15:34:56', NULL),
(197, '623c9dc97841b', 'create_appointment', 106, 'users', 105, 'users', 66, '186931302623c9dc976d40', '{\"record_id\":0,\"redirect_link\":null,\"identifier\":\"create_appointment\",\"data\":{\"id\":66,\"slug\":\"186931302623c9dc976d40\"}}', 'appointments', 'Appointment request', 'charles create an appointment request', NULL, '0', '0', '2022-03-24 15:35:21', NULL),
(198, '623c9de0b5d3a', 'create_appointment', 106, 'users', 105, 'users', 67, '1546292663623c9de0b4513', '{\"record_id\":0,\"redirect_link\":null,\"identifier\":\"create_appointment\",\"data\":{\"id\":67,\"slug\":\"1546292663623c9de0b4513\"}}', 'appointments', 'Appointment request', 'charles create an appointment request', NULL, '0', '0', '2022-03-24 15:35:45', NULL),
(199, '623c9df7a907b', 'create_appointment', 106, 'users', 105, 'users', 68, '216577701623c9df7a799d', '{\"record_id\":0,\"redirect_link\":null,\"identifier\":\"create_appointment\",\"data\":{\"id\":68,\"slug\":\"216577701623c9df7a799d\"}}', 'appointments', 'Appointment request', 'charles create an appointment request', NULL, '0', '0', '2022-03-24 15:36:07', NULL),
(200, '623c9e08d10fb', 'accept_appointment', 105, 'users', 106, 'users', 65, '656141141623c9db0885bd', '{\"record_id\":0,\"redirect_link\":null,\"identifier\":\"accept_appointment\",\"data\":{\"id\":65,\"slug\":\"656141141623c9db0885bd\"}}', 'appointment', 'Appointment request accepted', 'agar has accept Your appointment', NULL, '0', '0', '2022-03-24 15:36:25', NULL),
(201, '623c9e0aa68b8', 'accept_appointment', 105, 'users', 106, 'users', 66, '186931302623c9dc976d40', '{\"record_id\":0,\"redirect_link\":null,\"identifier\":\"accept_appointment\",\"data\":{\"id\":66,\"slug\":\"186931302623c9dc976d40\"}}', 'appointment', 'Appointment request accepted', 'agar has accept Your appointment', NULL, '0', '0', '2022-03-24 15:36:26', NULL),
(202, '623c9e0cbce3c', 'accept_appointment', 105, 'users', 106, 'users', 67, '1546292663623c9de0b4513', '{\"record_id\":0,\"redirect_link\":null,\"identifier\":\"accept_appointment\",\"data\":{\"id\":67,\"slug\":\"1546292663623c9de0b4513\"}}', 'appointment', 'Appointment request accepted', 'agar has accept Your appointment', NULL, '0', '0', '2022-03-24 15:36:29', NULL),
(203, '623c9e0f678dc', 'accept_appointment', 105, 'users', 106, 'users', 68, '216577701623c9df7a799d', '{\"record_id\":0,\"redirect_link\":null,\"identifier\":\"accept_appointment\",\"data\":{\"id\":68,\"slug\":\"216577701623c9df7a799d\"}}', 'appointment', 'Appointment request accepted', 'agar has accept Your appointment', NULL, '0', '0', '2022-03-24 15:36:31', NULL),
(204, '623d6d4ae29c9', 'property_create', 103, 'users', 102, 'users', 58, '426562990', '{\"record_id\":0,\"redirect_link\":null,\"identifier\":\"property_create\",\"data\":{\"id\":58,\"slug\":426562990}}', 'properties', 'Property created', 'cust1 has added a property', NULL, '1', '0', '2022-03-25 06:20:43', '2022-04-19 09:42:33'),
(205, '623da92e26b1f', 'create_buying_query', 106, 'users', 105, 'users', 69, '279863492623da92e24e46', '{\"record_id\":0,\"redirect_link\":null,\"identifier\":\"create_buying_query\",\"data\":{\"id\":69,\"slug\":\"279863492623da92e24e46\"}}', 'buyers', 'Buying query created', 'charles has added a buying query', NULL, '0', '0', '2022-03-25 10:36:15', NULL),
(206, '623da94d81298', 'update_buying_query', 105, 'users', 106, 'users', 69, '279863492623da92e24e46', '{\"record_id\":0,\"redirect_link\":null,\"identifier\":\"home_recommended\",\"data\":{\"id\":69,\"slug\":\"279863492623da92e24e46\"}}', 'buyers', 'Home Recommended', 'agar recommended home on your buying query', NULL, '0', '0', '2022-03-25 10:36:45', NULL),
(207, '623da96200950', 'create_appointment', 106, 'users', 105, 'users', 69, '1894207098623da961f2f8c', '{\"record_id\":0,\"redirect_link\":null,\"identifier\":\"create_appointment\",\"data\":{\"id\":69,\"slug\":\"1894207098623da961f2f8c\"}}', 'appointments', 'Appointment request', 'charles create an appointment request', NULL, '0', '0', '2022-03-25 10:37:06', NULL),
(208, '623dac07718d3', 'property_create', 106, 'users', 105, 'users', 59, '228289294', '{\"record_id\":0,\"redirect_link\":null,\"identifier\":\"property_create\",\"data\":{\"id\":59,\"slug\":228289294}}', 'properties', 'Property created', 'charles has added a property', NULL, '0', '0', '2022-03-25 10:48:23', NULL),
(209, '623dafc1c208b', 'create_buying_query', 107, 'users', 105, 'users', 70, '126070558623dafc1c08be', '{\"record_id\":0,\"redirect_link\":null,\"identifier\":\"create_buying_query\",\"data\":{\"id\":70,\"slug\":\"126070558623dafc1c08be\"}}', 'buyers', 'Buying query created', 'adam has added a buying query', NULL, '0', '0', '2022-03-25 11:04:25', NULL),
(210, '623daff8f0f58', 'initiate_contract', 105, 'users', 106, 'users', 68, '2068815673623c9cfe74b2d', '{\"record_id\":0,\"redirect_link\":null,\"identifier\":\"initiate_contract\",\"data\":{\"id\":68,\"slug\":\"2068815673623c9cfe74b2d\"}}', 'buyers', 'Contract initiated', 'agar initiated your contract', NULL, '0', '0', '2022-03-25 11:05:13', NULL),
(211, '623db17a62f14', 'update_buying_query', 105, 'users', 107, 'users', 70, '126070558623dafc1c08be', '{\"record_id\":0,\"redirect_link\":null,\"identifier\":\"home_recommended\",\"data\":{\"id\":70,\"slug\":\"126070558623dafc1c08be\"}}', 'buyers', 'Home Recommended', 'agar recommended home on your buying query', NULL, '0', '0', '2022-03-25 11:11:38', NULL),
(212, '623db19cbe292', 'update_buying_query', 105, 'users', 107, 'users', 70, '126070558623dafc1c08be', '{\"record_id\":0,\"redirect_link\":null,\"identifier\":\"update_buying_query\",\"data\":{\"id\":70,\"slug\":\"126070558623dafc1c08be\"}}', 'buyers', 'Buying query updated', 'agar has updated buying query', NULL, '0', '0', '2022-03-25 11:12:13', NULL),
(213, '623db1b4d6069', 'create_appointment', 107, 'users', 105, 'users', 70, '605135488623db1b4d48b5', '{\"record_id\":0,\"redirect_link\":null,\"identifier\":\"create_appointment\",\"data\":{\"id\":70,\"slug\":\"605135488623db1b4d48b5\"}}', 'appointments', 'Appointment request', 'adam create an appointment request', NULL, '0', '0', '2022-03-25 11:12:39', NULL),
(214, '623db1c582e96', 'accept_appointment', 105, 'users', 107, 'users', 70, '605135488623db1b4d48b5', '{\"record_id\":0,\"redirect_link\":null,\"identifier\":\"accept_appointment\",\"data\":{\"id\":70,\"slug\":\"605135488623db1b4d48b5\"}}', 'appointment', 'Appointment request accepted', 'agar has accept Your appointment', NULL, '0', '0', '2022-03-25 11:12:53', NULL),
(215, '623db1c78f31d', 'accept_appointment', 105, 'users', 106, 'users', 69, '1894207098623da961f2f8c', '{\"record_id\":0,\"redirect_link\":null,\"identifier\":\"accept_appointment\",\"data\":{\"id\":69,\"slug\":\"1894207098623da961f2f8c\"}}', 'appointment', 'Appointment request accepted', 'agar has accept Your appointment', NULL, '0', '0', '2022-03-25 11:12:55', NULL),
(216, '623db3a904864', 'initiate_contract', 105, 'users', 106, 'users', 67, '1591603381623c9cda8de18', '{\"record_id\":0,\"redirect_link\":null,\"identifier\":\"initiate_contract\",\"data\":{\"id\":67,\"slug\":\"1591603381623c9cda8de18\"}}', 'buyers', 'Contract initiated', 'agar initiated your contract', NULL, '0', '0', '2022-03-25 11:20:57', NULL),
(217, '623dbcefc3751', 'initiate_contract', 105, 'users', 106, 'users', 64, '462234871623c46156214f', '{\"record_id\":0,\"redirect_link\":null,\"identifier\":\"initiate_contract\",\"data\":{\"id\":64,\"slug\":\"462234871623c46156214f\"}}', 'buyers', 'Contract initiated', 'agar initiated your contract', NULL, '0', '0', '2022-03-25 12:00:32', NULL),
(218, '624386c687f8f', 'create_buying_query', 112, 'users', 111, 'users', 79, '1494248842624386c686323', '{\"record_id\":0,\"redirect_link\":null,\"identifier\":\"create_buying_query\",\"data\":{\"id\":79,\"slug\":\"1494248842624386c686323\"}}', 'buyers', 'Buying query created', 'Cookie Khardashian has added a buying query', NULL, '0', '0', '2022-03-29 21:23:02', NULL),
(219, '62438b388cd5d', 'property_create', 111, 'users', 112, 'users', 61, '342554398', '{\"record_id\":0,\"redirect_link\":null,\"identifier\":\"property_create\",\"data\":{\"id\":61,\"slug\":342554398}}', 'properties', 'Property created', 'Carolyn Washington has added a property', NULL, '0', '0', '2022-03-29 21:42:00', NULL),
(220, '6243adeb13884', 'update_buying_query', 111, 'users', 112, 'users', 79, '1494248842624386c686323', '{\"record_id\":0,\"redirect_link\":null,\"identifier\":\"home_recommended\",\"data\":{\"id\":79,\"slug\":\"1494248842624386c686323\"}}', 'buyers', 'Home Recommended', 'Carolyn Washington recommended home on your buying query', NULL, '0', '0', '2022-03-30 00:10:03', NULL),
(221, '6243b17c44fa6', 'property_create', 111, 'users', 112, 'users', 63, '592830173', '{\"record_id\":0,\"redirect_link\":null,\"identifier\":\"property_create\",\"data\":{\"id\":63,\"slug\":592830173}}', 'properties', 'Property created', 'Carolyn Washington has added a property', NULL, '0', '0', '2022-03-30 00:25:16', NULL),
(222, '6243b31ce989e', 'property_create', 111, 'users', 112, 'users', 64, '1854734675', '{\"record_id\":0,\"redirect_link\":null,\"identifier\":\"property_create\",\"data\":{\"id\":64,\"slug\":1854734675}}', 'properties', 'Property created', 'Carolyn Washington has added a property', NULL, '0', '0', '2022-03-30 00:32:13', NULL),
(223, '6243b510e7502', 'property_create', 111, 'users', 112, 'users', 65, '1447414618', '{\"record_id\":0,\"redirect_link\":null,\"identifier\":\"property_create\",\"data\":{\"id\":65,\"slug\":1447414618}}', 'properties', 'Property created', 'Carolyn Washington has added a property', NULL, '0', '0', '2022-03-30 00:40:33', NULL),
(224, '6243b656e972e', 'update_buying_query', 111, 'users', 112, 'users', 79, '1494248842624386c686323', '{\"record_id\":0,\"redirect_link\":null,\"identifier\":\"home_recommended\",\"data\":{\"id\":79,\"slug\":\"1494248842624386c686323\"}}', 'buyers', 'Home Recommended', 'Carolyn Washington recommended home on your buying query', NULL, '0', '0', '2022-03-30 00:45:59', NULL),
(225, '6243b6c255504', 'create_appointment', 112, 'users', 111, 'users', 71, '18896113866243b6c2538dc', '{\"record_id\":0,\"redirect_link\":null,\"identifier\":\"create_appointment\",\"data\":{\"id\":71,\"slug\":\"18896113866243b6c2538dc\"}}', 'appointments', 'Appointment request', 'LB and Carolyn Washington create an appointment request', NULL, '0', '0', '2022-03-30 00:47:46', NULL),
(226, '6243b722ca107', 'create_appointment', 112, 'users', 111, 'users', 72, '2429436596243b722c8b9c', '{\"record_id\":0,\"redirect_link\":null,\"identifier\":\"create_appointment\",\"data\":{\"id\":72,\"slug\":\"2429436596243b722c8b9c\"}}', 'appointments', 'Appointment request', 'LB and Carolyn Washington create an appointment request', NULL, '0', '0', '2022-03-30 00:49:23', NULL),
(227, '6243b7597e815', 'create_appointment', 112, 'users', 111, 'users', 73, '1832109196243b7597d1ec', '{\"record_id\":0,\"redirect_link\":null,\"identifier\":\"create_appointment\",\"data\":{\"id\":73,\"slug\":\"1832109196243b7597d1ec\"}}', 'appointments', 'Appointment request', 'LB and Carolyn Washington create an appointment request', NULL, '0', '0', '2022-03-30 00:50:17', NULL),
(228, '6243b7f9c5cd5', 'accept_appointment', 111, 'users', 112, 'users', 71, '18896113866243b6c2538dc', '{\"record_id\":0,\"redirect_link\":null,\"identifier\":\"accept_appointment\",\"data\":{\"id\":71,\"slug\":\"18896113866243b6c2538dc\"}}', 'appointment', 'Appointment request accepted', 'Carolyn Washington has accept Your appointment', NULL, '0', '0', '2022-03-30 00:52:57', NULL),
(229, '6243b8698a41c', 'accept_appointment', 111, 'users', 112, 'users', 72, '2429436596243b722c8b9c', '{\"record_id\":0,\"redirect_link\":null,\"identifier\":\"accept_appointment\",\"data\":{\"id\":72,\"slug\":\"2429436596243b722c8b9c\"}}', 'appointment', 'Appointment request accepted', 'Carolyn Washington has accept Your appointment', NULL, '0', '0', '2022-03-30 00:54:49', NULL),
(230, '6243c42a76634', 'update_buying_query', 111, 'users', 112, 'users', 79, '1494248842624386c686323', '{\"record_id\":0,\"redirect_link\":null,\"identifier\":\"update_buying_query\",\"data\":{\"id\":79,\"slug\":\"1494248842624386c686323\"}}', 'buyers', 'Buying query updated', 'Carolyn Washington has updated buying query', NULL, '0', '0', '2022-03-30 01:44:58', NULL),
(231, '6243d82c91dd9', 'create_appointment', 112, 'users', 111, 'users', 74, '17318990526243d82c9088c', '{\"record_id\":0,\"redirect_link\":null,\"identifier\":\"create_appointment\",\"data\":{\"id\":74,\"slug\":\"17318990526243d82c9088c\"}}', 'appointments', 'Appointment request', 'LB and Carolyn Washington create an appointment request', NULL, '0', '0', '2022-03-30 03:10:20', NULL),
(232, '6245aa854b4be', 'update_buying_query', 111, 'users', 112, 'users', 79, '1494248842624386c686323', '{\"record_id\":0,\"redirect_link\":null,\"identifier\":\"home_recommended\",\"data\":{\"id\":79,\"slug\":\"1494248842624386c686323\"}}', 'buyers', 'Home Recommended', 'Carolyn Washington recommended home on your buying query', NULL, '0', '0', '2022-03-31 12:20:05', NULL),
(233, '624744b02c4b9', 'create_buying_query', 112, 'users', 111, 'users', 80, '1422283416624744b02a3e2', '{\"record_id\":0,\"redirect_link\":null,\"identifier\":\"create_buying_query\",\"data\":{\"id\":80,\"slug\":\"1422283416624744b02a3e2\"}}', 'buyers', 'Buying query created', 'LB and Carolyn Washington has added a buying query', NULL, '0', '0', '2022-04-01 17:30:09', NULL),
(234, '624746510685b', 'update_buying_query', 111, 'users', 112, 'users', 79, '1494248842624386c686323', '{\"record_id\":0,\"redirect_link\":null,\"identifier\":\"update_buying_query\",\"data\":{\"id\":79,\"slug\":\"1494248842624386c686323\"}}', 'buyers', 'Buying query updated', 'Carolyn Washington has updated buying query', NULL, '0', '0', '2022-04-01 17:37:05', NULL),
(235, '624746dff2bcd', 'create_appointment', 112, 'users', 111, 'users', 75, '192214481624746dff0bb1', '{\"record_id\":0,\"redirect_link\":null,\"identifier\":\"create_appointment\",\"data\":{\"id\":75,\"slug\":\"192214481624746dff0bb1\"}}', 'appointments', 'Appointment request', 'LB and Carolyn Washington create an appointment request', NULL, '0', '0', '2022-04-01 17:39:28', NULL),
(236, '6253ef2274fc3', 'create_buying_query', 106, 'users', 105, 'users', 81, '10380329266253ef2273264', '{\"record_id\":0,\"redirect_link\":null,\"identifier\":\"create_buying_query\",\"data\":{\"id\":81,\"slug\":\"10380329266253ef2273264\"}}', 'buyers', 'Buying query created', 'charles has added a buying query', NULL, '0', '0', '2022-04-11 08:04:34', NULL),
(237, '6253f0a432dcc', 'update_buying_query', 105, 'users', 106, 'users', 81, '10380329266253ef2273264', '{\"record_id\":0,\"redirect_link\":null,\"identifier\":\"home_recommended\",\"data\":{\"id\":81,\"slug\":\"10380329266253ef2273264\"}}', 'buyers', 'Home Recommended', 'agar recommended home on your buying query', NULL, '0', '0', '2022-04-11 08:11:00', NULL),
(238, '6253f36e20c6e', 'create_buying_query', 106, 'users', 105, 'users', 82, '6633633646253f36e1f082', '{\"record_id\":0,\"redirect_link\":null,\"identifier\":\"create_buying_query\",\"data\":{\"id\":82,\"slug\":\"6633633646253f36e1f082\"}}', 'buyers', 'Buying query created', 'charles has added a buying query', NULL, '0', '0', '2022-04-11 08:22:54', NULL),
(239, '6254299560c5f', 'initiate_contract', 111, 'users', 112, 'users', 79, '1494248842624386c686323', '{\"record_id\":0,\"redirect_link\":null,\"identifier\":\"initiate_contract\",\"data\":{\"id\":79,\"slug\":\"1494248842624386c686323\"}}', 'buyers', 'Contract initiated', 'Carolyn Washington initiated your contract', NULL, '0', '0', '2022-04-11 12:13:57', NULL),
(240, '625553b01af3f', 'update_buying_query', 102, 'users', 103, 'users', 62, '884561009623c3a2dc7f3a', '{\"record_id\":0,\"redirect_link\":null,\"identifier\":\"home_recommended\",\"data\":{\"id\":62,\"slug\":\"884561009623c3a2dc7f3a\"}}', 'buyers', 'Home Recommended', 'realty22 recommended home on your buying query', NULL, '0', '0', '2022-04-12 09:25:52', NULL),
(241, '6258167175784', 'property_create', 115, 'users', 115, 'users', 67, '172837052', '{\"record_id\":0,\"redirect_link\":null,\"identifier\":\"property_create\",\"data\":{\"id\":67,\"slug\":172837052}}', 'properties', 'Property created', 'jhoneissac has added a property', NULL, '0', '0', '2022-04-14 11:41:21', NULL),
(242, '62581ca7aaec8', 'property_create', 115, 'users', 115, 'users', 68, '1689058094', '{\"record_id\":0,\"redirect_link\":null,\"identifier\":\"property_create\",\"data\":{\"id\":68,\"slug\":1689058094}}', 'properties', 'Property created', 'jhoneissac has added a property', NULL, '0', '0', '2022-04-14 12:07:51', NULL),
(243, '625e5164891f4', 'property_create', 102, 'users', 102, 'users', 69, '1704141622', '{\"record_id\":0,\"redirect_link\":null,\"identifier\":\"property_create\",\"data\":{\"id\":69,\"slug\":1704141622}}', 'properties', 'Property created', 'realty22 has added a property', NULL, '1', '0', '2022-04-19 05:06:28', '2022-04-19 09:42:33'),
(244, '625e52aaa90e9', 'property_create', 102, 'users', 102, 'users', 70, '1467285034', '{\"record_id\":0,\"redirect_link\":null,\"identifier\":\"property_create\",\"data\":{\"id\":70,\"slug\":1467285034}}', 'properties', 'Property created', 'realty22 has added a property', NULL, '1', '0', '2022-04-19 05:11:54', '2022-04-19 09:42:33'),
(245, '625e55f4beb07', 'property_create', 102, 'users', 102, 'users', 71, '898757500', '{\"record_id\":0,\"redirect_link\":null,\"identifier\":\"property_create\",\"data\":{\"id\":71,\"slug\":898757500}}', 'properties', 'Property created', 'realty22 has added a property', NULL, '1', '0', '2022-04-19 05:25:56', '2022-04-19 09:42:33'),
(246, '625e631fa37cf', 'property_create', 115, 'users', 115, 'users', 72, '1765000574', '{\"record_id\":0,\"redirect_link\":null,\"identifier\":\"property_create\",\"data\":{\"id\":72,\"slug\":1765000574}}', 'properties', 'Property created', 'jhoneissac has added a property', NULL, '0', '0', '2022-04-19 06:22:07', NULL),
(247, '626979e6c8ed7', 'update_buying_query', 111, 'users', 112, 'users', 80, '1422283416624744b02a3e2', '{\"record_id\":0,\"redirect_link\":null,\"identifier\":\"home_recommended\",\"data\":{\"id\":80,\"slug\":\"1422283416624744b02a3e2\"}}', 'buyers', 'Home Recommended', 'Carolyn Washington recommended home on your buying query', NULL, '0', '0', '2022-04-27 16:14:15', NULL),
(248, '62697a7e3f4eb', 'create_appointment', 112, 'users', 111, 'users', 76, '200979455762697a7e3c890', '{\"record_id\":0,\"redirect_link\":null,\"identifier\":\"create_appointment\",\"data\":{\"id\":76,\"slug\":\"200979455762697a7e3c890\"}}', 'appointments', 'Appointment request', 'LB and Carolyn Washington create an appointment request', NULL, '0', '0', '2022-04-27 16:16:46', NULL),
(249, '62697a9851902', 'accept_appointment', 111, 'users', 112, 'users', 76, '200979455762697a7e3c890', '{\"record_id\":0,\"redirect_link\":null,\"identifier\":\"accept_appointment\",\"data\":{\"id\":76,\"slug\":\"200979455762697a7e3c890\"}}', 'appointment', 'Appointment request accepted', 'Carolyn Washington has accept Your appointment', NULL, '0', '0', '2022-04-27 16:17:12', NULL),
(250, '6285e738efc0c', 'create_buying_query', 88, 'users', 71, 'users', 83, '13199518676285e738edde7', '{\"record_id\":0,\"redirect_link\":null,\"identifier\":\"create_buying_query\",\"data\":{\"id\":83,\"slug\":\"13199518676285e738edde7\"}}', 'buyers', 'Buying query created', 'custo7 has added a buying query', NULL, '0', '0', '2022-05-19 05:44:09', NULL),
(251, '6285e8f97af85', 'create_buying_query', 88, 'users', 71, 'users', 84, '7967401896285e8f97963d', '{\"record_id\":0,\"redirect_link\":null,\"identifier\":\"create_buying_query\",\"data\":{\"id\":84,\"slug\":\"7967401896285e8f97963d\"}}', 'buyers', 'Buying query created', 'custo7 has added a buying query', NULL, '0', '0', '2022-05-19 05:51:37', NULL),
(252, '629c270987bbf', 'accept_appointment', 111, 'users', 112, 'users', 75, '192214481624746dff0bb1', '{\"record_id\":0,\"redirect_link\":null,\"identifier\":\"accept_appointment\",\"data\":{\"id\":75,\"slug\":\"192214481624746dff0bb1\"}}', 'appointment', 'Appointment request accepted', 'Carolyn Washington has accept Your appointment', NULL, '0', '0', '2022-06-05 02:46:17', NULL),
(253, '629c270d3a35c', 'accept_appointment', 111, 'users', 112, 'users', 74, '17318990526243d82c9088c', '{\"record_id\":0,\"redirect_link\":null,\"identifier\":\"accept_appointment\",\"data\":{\"id\":74,\"slug\":\"17318990526243d82c9088c\"}}', 'appointment', 'Appointment request accepted', 'Carolyn Washington has accept Your appointment', NULL, '0', '0', '2022-06-05 02:46:21', NULL),
(254, '62a6d6e830400', 'create_buying_query', 101, 'users', 94, 'users', 85, '113206398262a6d6e82d58e', '{\"record_id\":0,\"redirect_link\":null,\"identifier\":\"create_buying_query\",\"data\":{\"id\":85,\"slug\":\"113206398262a6d6e82d58e\"}}', 'buyers', 'Buying query created', 'test2 has added a buying query', NULL, '0', '0', '2022-06-13 05:19:20', NULL),
(255, '62a7c32654e4f', 'property_create', 128, 'users', 111, 'users', 75, '2130115638', '{\"record_id\":0,\"redirect_link\":null,\"identifier\":\"property_create\",\"data\":{\"id\":75,\"slug\":2130115638}}', 'properties', 'Property created', 'Alyssa Lu has added a property', NULL, '0', '0', '2022-06-13 22:07:18', NULL),
(256, '62a7c4047f5ec', 'create_buying_query', 128, 'users', 111, 'users', 86, '146625063162a7c4047dd94', '{\"record_id\":0,\"redirect_link\":null,\"identifier\":\"create_buying_query\",\"data\":{\"id\":86,\"slug\":\"146625063162a7c4047dd94\"}}', 'buyers', 'Buying query created', 'Alyssa Lu has added a buying query', NULL, '0', '0', '2022-06-13 22:11:28', NULL),
(257, '62be65a218132', 'create_buying_query', 129, 'users', 111, 'users', 87, '197965610662be65a216194', '{\"record_id\":0,\"redirect_link\":null,\"identifier\":\"create_buying_query\",\"data\":{\"id\":87,\"slug\":\"197965610662be65a216194\"}}', 'buyers', 'Buying query created', 'Karl Alonzo Jr has added a buying query', NULL, '0', '0', '2022-07-01 02:10:26', NULL);

-- --------------------------------------------------------

--
-- Table structure for table `notification_setting`
--

CREATE TABLE `notification_setting` (
  `id` bigint(20) UNSIGNED NOT NULL,
  `user_id` bigint(20) UNSIGNED NOT NULL,
  `meta_key` varchar(100) COLLATE utf8mb4_unicode_ci NOT NULL,
  `meta_value` int(11) NOT NULL,
  `created_at` timestamp NULL DEFAULT NULL,
  `updated_at` timestamp NULL DEFAULT NULL,
  `deleted_at` timestamp NULL DEFAULT NULL
) ENGINE=InnoDB DEFAULT CHARSET=utf8mb4 COLLATE=utf8mb4_unicode_ci;

--
-- Dumping data for table `notification_setting`
--

INSERT INTO `notification_setting` (`id`, `user_id`, `meta_key`, `meta_value`, `created_at`, `updated_at`, `deleted_at`) VALUES
(8, 72, 'notification_all', 0, '2022-02-16 06:26:18', NULL, NULL),
(34, 81, 'notification_all', 1, '2022-02-28 03:06:12', NULL, NULL),
(37, 71, 'notification_all', 1, '2022-03-04 00:34:21', NULL, NULL),
(38, 86, 'notification_all', 1, '2022-03-04 02:16:36', NULL, NULL),
(39, 87, 'notification_all', 1, '2022-03-07 07:29:28', NULL, NULL),
(40, 89, 'notification_all', 1, '2022-03-11 07:57:58', NULL, NULL),
(41, 91, 'notification_all', 1, '2022-03-13 11:11:40', NULL, NULL),
(42, 92, 'notification_all', 1, '2022-03-16 10:32:37', NULL, NULL),
(43, 93, 'notification_all', 1, '2022-03-16 15:20:35', NULL, NULL),
(44, 94, 'notification_all', 1, '2022-03-18 10:21:03', NULL, NULL),
(45, 96, 'notification_all', 1, '2022-03-18 10:44:06', NULL, NULL),
(46, 97, 'notification_all', 1, '2022-03-20 18:09:54', NULL, NULL),
(47, 98, 'notification_all', 1, '2022-03-21 10:25:51', NULL, NULL),
(48, 102, 'notification_all', 1, '2022-03-23 08:47:02', NULL, NULL),
(49, 103, 'notification_all', 1, '2022-03-23 10:53:48', NULL, NULL),
(50, 104, 'notification_all', 1, '2022-03-23 10:54:37', NULL, NULL),
(51, 105, 'notification_all', 1, '2022-03-23 12:46:19', NULL, NULL),
(52, 106, 'notification_all', 1, '2022-03-23 12:56:21', NULL, NULL),
(53, 107, 'notification_all', 1, '2022-03-23 12:58:09', NULL, NULL),
(55, 109, 'notification_all', 1, '2022-03-25 11:10:13', NULL, NULL),
(56, 110, 'notification_all', 1, '2022-03-25 21:57:17', NULL, NULL),
(57, 111, 'notification_all', 1, '2022-03-29 20:04:31', NULL, NULL),
(58, 112, 'notification_all', 1, '2022-03-29 21:06:01', NULL, NULL),
(59, 113, 'notification_all', 1, '2022-04-12 17:23:00', NULL, NULL),
(60, 114, 'notification_all', 1, '2022-04-12 17:27:14', NULL, NULL),
(61, 115, 'notification_all', 1, '2022-04-14 11:39:07', NULL, NULL),
(62, 116, 'notification_all', 1, '2022-04-19 06:22:44', NULL, NULL),
(63, 117, 'notification_all', 1, '2022-04-20 04:22:10', NULL, NULL),
(64, 118, 'notification_all', 1, '2022-05-07 03:33:56', NULL, NULL),
(65, 119, 'notification_all', 1, '2022-05-08 20:27:49', NULL, NULL),
(66, 120, 'notification_all', 1, '2022-05-09 12:02:08', NULL, NULL),
(67, 121, 'notification_all', 1, '2022-06-05 02:22:38', NULL, NULL),
(69, 123, 'notification_all', 1, '2022-06-09 13:56:56', NULL, NULL),
(70, 124, 'notification_all', 1, '2022-06-09 14:06:51', NULL, NULL),
(71, 125, 'notification_all', 1, '2022-06-09 15:00:20', NULL, NULL),
(72, 126, 'notification_all', 1, '2022-06-09 21:02:45', NULL, NULL),
(73, 127, 'notification_all', 1, '2022-06-09 22:43:36', NULL, NULL),
(74, 128, 'notification_all', 1, '2022-06-13 20:51:43', NULL, NULL),
(75, 129, 'notification_all', 1, '2022-07-01 02:04:24', NULL, NULL);

-- --------------------------------------------------------

--
-- Table structure for table `properties`
--

CREATE TABLE `properties` (
  `id` bigint(20) UNSIGNED NOT NULL,
  `agent_id` bigint(20) UNSIGNED NOT NULL,
  `customer_id` bigint(20) UNSIGNED NOT NULL,
  `creator_id` bigint(20) UNSIGNED NOT NULL,
  `title` varchar(100) COLLATE utf8mb4_unicode_ci NOT NULL,
  `slug` varchar(100) COLLATE utf8mb4_unicode_ci NOT NULL,
  `image_url` text COLLATE utf8mb4_unicode_ci,
  `address` text COLLATE utf8mb4_unicode_ci,
  `city` varchar(100) COLLATE utf8mb4_unicode_ci DEFAULT NULL,
  `state` varchar(100) COLLATE utf8mb4_unicode_ci DEFAULT NULL,
  `zipcode` varchar(100) COLLATE utf8mb4_unicode_ci DEFAULT NULL,
  `property_type` varchar(50) COLLATE utf8mb4_unicode_ci DEFAULT NULL,
  `mls_detail` text COLLATE utf8mb4_unicode_ci,
  `asking_price` varchar(100) COLLATE utf8mb4_unicode_ci DEFAULT NULL,
  `sell_date` date DEFAULT NULL,
  `cma_appointment` varchar(100) COLLATE utf8mb4_unicode_ci DEFAULT NULL,
  `property_status` enum('buying','selling') COLLATE utf8mb4_unicode_ci DEFAULT NULL,
  `initiate_contract` enum('1','0') COLLATE utf8mb4_unicode_ci NOT NULL DEFAULT '0',
  `rating` int(11) NOT NULL DEFAULT '0',
  `review` int(11) DEFAULT NULL,
  `status` enum('1','0') COLLATE utf8mb4_unicode_ci NOT NULL DEFAULT '1',
  `created_at` timestamp NULL DEFAULT NULL,
  `updated_at` timestamp NULL DEFAULT NULL,
  `deleted_at` timestamp NULL DEFAULT NULL
) ENGINE=InnoDB DEFAULT CHARSET=utf8mb4 COLLATE=utf8mb4_unicode_ci;

--
-- Dumping data for table `properties`
--

INSERT INTO `properties` (`id`, `agent_id`, `customer_id`, `creator_id`, `title`, `slug`, `image_url`, `address`, `city`, `state`, `zipcode`, `property_type`, `mls_detail`, `asking_price`, `sell_date`, `cma_appointment`, `property_status`, `initiate_contract`, `rating`, `review`, `status`, `created_at`, `updated_at`, `deleted_at`) VALUES
(1, 4, 5, 5, 'ffff', '107550409', '/storage/property/bcFpwmhqi1H1HpcGBpRfykZ450BaGsUqgx0LqqDD.jpg', 'gghh', 'gghhi', 'cfgh', 'fghh', 'C', 'https://webapp.diawi.com/install/Bcmtfk', '522533', '2021-12-03', 'No', NULL, '1', 0, NULL, '1', '2021-12-03 06:54:29', '2021-12-07 06:35:25', NULL),
(2, 4, 5, 4, 'new property', '1514117537', '/storage/property/eCM2m6kHfydhqGRM79fmsEplpC5svG5wAi0MPBPM.jpg', 'bdb', 'bdjjd', 'hdhdj', 'hdjdj', 'C', 'https://webapp.diawi.com/install/AsmudC', '84555', '2021-12-03', 'No', NULL, '1', 3, 1, '1', '2021-12-03 06:55:28', '2021-12-16 12:36:35', NULL),
(3, 11, 12, 11, 'ufy', '1881613203', '/storage/property/umsBaghsdWH79koUzAqenyugf3pSZRztuynbTeqM.jpg', 'm vgk', 'goz', 'fdh', 'hFK', 'TH', 'https://www.olx.com', '55576', '2021-12-06', 'No', NULL, '1', 4, 1, '1', '2021-12-06 14:39:08', '2021-12-07 15:52:52', NULL),
(4, 11, 12, 11, 'ngstsk', '481900555', '/storage/property/pm8mzKgmxkf1h73C8FkANvDy25cdwC4KCm0cYZt5.jpg', 'Fktskt', 'kts', 'ts9d', 'it6', 'F', 'https://www.olx.com', '2580885', '2021-12-06', 'Yes', NULL, '0', 4, 1, '1', '2021-12-06 14:47:02', '2021-12-06 14:47:02', NULL),
(5, 11, 12, 12, 'gch', '235452003', '/storage/property/VLlqn1evCOI0UjLdl48HfAWEGG2l8h3iWzGDfxeR.jpg', 'St-1, New York 12345', 'thgh', 'tfggg', 'rt45', 'C', 'https://www.yopmail.com', '256358545', '2021-12-06', 'Yes', NULL, '0', 0, NULL, '1', '2021-12-06 14:49:24', '2021-12-06 14:49:24', NULL),
(6, 4, 5, 5, 'dfg', '1582607895', '/storage/property/oBOnP2rxayXsQL9xtZ27M20xWMZAI5FpG5XLaKBW.jpg', 'sdfg', 'dfgh', 'dfgg', 'fghh', 'TH', 'https://www.google.com.pk/?client=safari&channel=iphone_bm', '8525', '2021-12-07', 'No', NULL, '0', 0, NULL, '1', '2021-12-07 06:09:09', '2021-12-07 06:09:09', NULL),
(7, 4, 5, 4, 'tttgh', '983311639', '/storage/property/RedNX6EwHvB0RKQQzaN8CTVaDAPLgVidLh76yn0I.jpg', 'cvhh', 'frgg', 'gggf', 'dfgh', 'TH', 'https://www.google.com.pk/?client=safari&channel=iphone_bm', '5555', '2021-12-07', 'No', NULL, '0', 0, NULL, '1', '2021-12-07 06:41:04', '2021-12-16 07:41:19', NULL),
(8, 13, 15, 13, 'sell', '1218584461', '/storage/property/exJ8h48XzPGDe1lEKPBAvBdlsVPwjORS2jkbPb5u.jpg', 'hcuf', 'vuc', 'cuc', 'cuc', 'C', 'https://www.olx.com', '2580000000', '2021-12-14', 'Yes', NULL, '1', 5, 1, '1', '2021-12-14 15:43:56', '2021-12-15 15:20:16', NULL),
(9, 20, 21, 21, 'iyktbb', '1057196041', '/storage/property/bktfyDt1cmvNyhpkYIrCoEbYVClpV5gVyGQmsxcZ.jpg', 'igktx', 'kgktbvb', 'igit', 'igktd', 'F', 'https://www.chh.com', '2588000', '2021-12-20', 'Yes', NULL, '0', 5, 1, '1', '2021-12-20 15:53:15', '2021-12-28 09:15:37', NULL),
(10, 4, 5, 5, 'ttt', '952601560', '/storage/property/toz3yBfwIuxV0nBA1YuRH80gG5Tt9iTkZZIakdTt.jpg', 'sdd', 'bdhd', 'bnd', 'bdd', 'F', 'https://www.google.com.pk/?client=safari', '8264', '2021-12-21', 'No', NULL, '0', 0, NULL, '1', '2021-12-21 09:44:04', '2021-12-21 09:44:04', NULL),
(11, 4, 5, 4, 'trh', '826712978', '/storage/property/MNnSVTH7VZsTqibBAlTQNww6D2Bqbx9hDu7rzPqx.jpg', 'cjcj', 'xhcj', 'chfj', 'vjgj', 'F', 'https://www.installonair.com/app-download-link/irLEbS', '86865', '2021-12-21', 'No', NULL, '0', 0, NULL, '1', '2021-12-21 10:01:59', '2021-12-21 10:01:59', NULL),
(12, 4, 5, 4, 'fjfi', '1626420015', '/storage/property/m4hI7NGUWQhmHc1CWLk9r6FUvqY88ZNdmuJSWQ7h.jpg', 'chfj', 'dhjf', 'xhjc', 'dbhfh', 'F', 'https://webapp.diawi.com/install/c1Jk3Y', '4356', '2021-12-21', 'No', NULL, '0', 0, NULL, '1', '2021-12-21 10:23:19', '2021-12-21 10:23:19', NULL),
(13, 47, 51, 47, 'gfg', '1409437604', '/storage/property/vdChXkG6wkdIJABFIx4MKJyESJZNG5E6xgGNhZQ2.jpg', 'bvvv', 'hbc', 'hvbbb', 'ggvh', 'C', 'https://www.abc.com', '258096', '2021-12-30', 'Yes', NULL, '0', 0, NULL, '1', '2021-12-30 15:58:02', '2021-12-30 10:58:02', NULL),
(14, 33, 53, 33, 'ggh', '2128619387', '/storage/property/S0YErBHSH4PJX71jqlSyCQ0rEbdjxVn9lcp0M4VC.jpg', 'vhj', 'bvn', 'bhj', 'bbjj', 'F', 'https://webapp.diawi.com/install/xGX9a8', '5858', '2021-12-31', 'No', NULL, '0', 0, NULL, '1', '2021-12-31 10:37:28', '2021-12-31 05:37:28', NULL),
(15, 47, 48, 48, 'red', '113608113', '/storage/property/EYkpxIfEYXV82EBHM6fgI5GFwXh5L9Vk8mRqASz0.jpg', 'eddd', 'ddd', 'dss', 'ddd', 'TH', 'Https://www.anc.com', '2580000', '2022-01-01', 'No', NULL, '0', 0, NULL, '1', '2021-12-31 10:44:55', '2021-12-31 05:44:56', NULL),
(16, 47, 48, 48, 'tes', '1083098632', '/storage/property/eXmlWO9TJyOcWbpkTVfkClAEkU3qtS1Et9eXos6e.jpg', 'rrd34_', 'ggffd', 'dsssd', 'bvvbb', 'F', 'https://www.abc.com', '258000', '2021-12-31', 'Yes', NULL, '0', 0, NULL, '1', '2021-12-31 10:48:08', '2021-12-31 05:48:08', NULL),
(17, 27, 54, 54, 'ttt', '1724626540', '/storage/property/mqjWkgh1vf9WvDmKZGpoiNU1RFpv1TeOOBQEcVzB.jpg', 'gfh', 'bnn', 'fhk', 'vhijv', 'F', 'https://webapp.diawi.com/install/CpuoqB', '5558', '2022-01-03', 'No', NULL, '0', 0, NULL, '0', '2022-01-03 11:34:57', '2022-01-03 10:48:45', NULL),
(18, 60, 61, 60, 'nothing', '1796818798', '/storage/property/ycZbolHd6yx59LZW9k2HNODh9826lgqoChRqNbbK.jpg', 'nothing', 'nothing', 'nothing', 'nothing', 'SF', 'nothing', '152200', '2022-02-21', 'nothing', NULL, '0', 0, NULL, '1', '2022-02-01 06:57:58', '2022-02-01 01:58:27', NULL),
(20, 64, 68, 64, 'Emory', '145534651', '/storage/property/Snkdz2K41mJwS39HC3RcjzOg90FSMaKnCPchnz82.jpg', '2656 Sierra Nevada', 'Upper Marlboro', 'MD', '20774', 'SF', 'https://danryanbuilders.com/communities/mayland/washington-washingtondcbaltimore/westphalia-town-center-single-family-homes/emory-ii/', '694990', '2022-03-30', 'No', NULL, '0', 0, NULL, '1', '2022-02-11 19:17:47', '2022-02-11 14:17:47', NULL),
(21, 71, 75, 75, 'property land', '1670030422', '/storage/property/Yl3yT0BijPRz4N9SzZSmBKPVJpGKiUsssc8HBOVA.jpg', 'St-1, New York 12345', 'washington', 'arlington', '10001', 'C', 'https://www.google.com/?client=safari&channel=iphone_bm', '852000', '2022-03-21', 'No', NULL, '0', 0, NULL, '1', '2022-02-17 07:09:29', '2022-02-17 02:09:29', NULL),
(22, 71, 75, 75, 'property two', '169130759', '/storage/property/aOHz63dXiLpyGTQySypjKtrrx1y6TWHBVMgHcHL6.jpg', 'St-1, New York 12345', 'washington', 'arlington', '10001', 'SF', 'https://www.google.com/?client=safari&channel=iphone_bm', '163528', '2022-03-18', 'Yes', NULL, '0', 0, NULL, '1', '2022-02-17 07:12:38', '2022-02-17 02:12:38', NULL),
(23, 71, 74, 71, 'property three', '97626441', '/storage/property/eunT6RScp1GopGzSLJwYqpIjk3gvYuAMeTg4Df9p.jpg', 'mmmnm', 'Washington', 'arlington', '10001', 'Single Family (SF)', 'https://www.google.com.pk', '85288', '2022-02-21', 'No', NULL, '0', 0, NULL, '1', '2022-02-21 06:46:09', '2022-02-21 01:47:35', NULL),
(24, 81, 83, 81, 'Big', '1470236143', '/storage/property/2wGMgGsKVxvxDP7P7nKwM9WPIFVduwBjDLJwoenT.jpg', 'cool', 'cool', 'yo', '36287', 'Single Family (SF)', 'https://google.com', '100000', '2022-03-01', 'Yes', NULL, '0', 0, NULL, '1', '2022-02-28 20:05:05', '2022-02-28 15:05:05', NULL),
(25, 81, 83, 81, 'Big', '968571931', '/storage/property/CDLu8xBgmUpVw8EeTKE157Q4qlSzG8cQLuoBaGC2.jpg', 'cool heights', 'new york', 'Ny', '36287', 'Single Family (SF)', 'https://google.com', '100000', '2022-03-01', 'Yes', NULL, '0', 0, NULL, '1', '2022-02-28 20:05:25', '2022-02-28 15:05:25', NULL),
(26, 81, 83, 81, 'Big', '984457812', '/storage/property/fV7wPC8X696CDVh96Td2cxkOL6H78g1cafIdKszU.jpg', 'cool heights', 'new york', 'Ny', '36287', 'Single Family (SF)', 'https://google.in', '100000', '2022-03-01', 'Yes', NULL, '0', 0, NULL, '1', '2022-02-28 20:05:33', '2022-02-28 15:05:33', NULL),
(27, 81, 83, 81, 'Andrew house', '778416024', '/storage/property/J7tgjc7w8T0j78lDM6wQFbik9CtV1YkdhDNntPiw.jpg', '1142 ansre herighr', 'Houston', 'Texas', '74421', 'Condo (C)', 'https://toutube.con', '10000000', '2024-04-01', 'Yes', NULL, '0', 0, NULL, '1', '2022-02-28 20:07:21', '2022-02-28 15:07:21', NULL),
(28, 81, 85, 81, 'Test Property abc', '10281570', '/storage/property/NCkp2GQP8dYZ95HV8a4aosuEOKpceIiv4MOkvzpA.jpg', 'address 123', 'City A', 'State A', 'z-1223', 'SF', 'test detail', '100', '2022-02-28', 'App-123', NULL, '0', 0, NULL, '1', '2022-03-02 10:19:19', '2022-03-02 05:19:19', NULL),
(29, 71, 74, 71, 'yoho ed', '512291090', '/storage/property/6ntW9QW5A947th0SIzJEa4XWBSQYSMI5DA9ommis.jpg', 'him', 'mmm', 'mmm', '7282', 'Single Family (SF)', 'https://www.google.com/?client=safari', '85200', '2022-03-03', 'Yes', NULL, '0', 0, NULL, '1', '2022-03-03 07:04:11', '2022-03-03 02:16:09', NULL),
(30, 98, 99, 98, 'teat lead', '1077018644', '/storage/property/cnvVRLzhLOCMb7m7TQzuIora3mEdv468fDKrFEBV.jpg', 'address 123', 'city avc', 'state avh', 'zipqer', 'Single Family (SF)', 'https://googole.com', '500', '2022-03-30', 'Yes', NULL, '0', 0, NULL, '1', '2022-03-21 15:35:05', '2022-03-21 10:35:05', NULL),
(31, 98, 99, 98, 'admin property', '1372898016', '/storage/property/u384rJkHafhiCxzK3FjdhicIsnzSTcNJsPPTaQtq.jpg', 'abc address', 'Abernant', 'Alabama', '2233', 'Single Family (SF)', 'https://google.com', '1000', '2022-03-24', 'no', NULL, '0', 0, NULL, '1', '2022-03-21 15:47:33', '2022-03-21 10:47:33', NULL),
(32, 98, 100, 100, '88 1', '2081200919', '/storage/property/Hi5Yso4WjEb0wStOHcqxREfvS5CkROe4ZFc6W4lp.jpg', 'nss', 'mmm', 'nnn', '1001', 'Condo (C)', 'https://google.com', '8000', '2022-03-22', 'No', NULL, '0', 0, NULL, '1', '2022-03-21 15:56:03', '2022-03-21 10:56:03', NULL),
(33, 98, 99, 99, 'pro 1', '1810540813', '/storage/property/f3zh0XKWX7iSEAZkgoINpnrEIGAf3u51Ll3ALczW.jpg', 'address 133', 'shbz', 'snbz', 'bzbz', 'Farm (F)', 'https://google.com', '500', '2022-03-21', 'No', NULL, '0', 0, NULL, '1', '2022-03-21 19:11:37', '2022-03-21 14:11:37', NULL),
(34, 98, 99, 99, 'pro 2', '1120364683', '/storage/property/mRQL4kRQdtArUfe91FluL3O7PJbBzgx9z9TAgsys.jpg', 'shsh', 'szbb', 'snjdj', 'bdhdj', 'Land (L)', 'https://google.com', '4984', '2022-03-21', 'No', NULL, '0', 0, NULL, '1', '2022-03-21 19:12:46', '2022-03-21 14:12:46', NULL),
(35, 98, 99, 99, 'pro3', '385408081', '/storage/property/mGqA9M51VpQmCJWYYX8JlLqSSbgPjfuk6b1eYJGP.jpg', 'hahsh', 'shshh', 'jsnn', 'sjj', 'Condo (C)', 'https://google.com', '6466', '2022-03-21', 'Yes', NULL, '0', 0, NULL, '1', '2022-03-21 19:13:39', '2022-03-21 14:13:39', NULL),
(36, 98, 99, 99, 'pro 4', '40894705', '/storage/property/UntqnuyQAarRwmPiek1msKo2ujPI8scV0V25LsoK.jpg', 'hchvu', 'cucug', 'ch hc', 'xhcuc', 'Farm (F)', 'https://google.com', '85825', '2022-03-21', 'No', NULL, '0', 0, NULL, '1', '2022-03-21 19:14:22', '2022-03-21 14:14:22', NULL),
(37, 98, 99, 99, 'pro 5', '658768538', '/storage/property/3CFQArHEtEIjttZiyyVZ4NmBz6MHRwiiT65r89tO.jpg', 'bsbsh', 'jdhhdjb', 'bzjjdj', 'bzbzj', 'Town House (TH)', 'https://google.com', '5448', '2022-03-21', 'Yes', NULL, '0', 0, NULL, '1', '2022-03-21 19:15:11', '2022-03-21 14:15:11', NULL),
(38, 98, 99, 99, 'pro 6', '568939084', '/storage/property/9CWkOYWov9jyc7FIBVWzHvM7ZufNHDE5YSZKyjlg.jpg', 'ndbdbb', 'nzbzhk', 'bsbsj', 'bshsj', 'Condo (C)', 'https://google.com', '5487', '2022-03-21', 'Yes', NULL, '0', 0, NULL, '1', '2022-03-21 19:16:01', '2022-03-21 14:16:01', NULL),
(39, 98, 99, 99, 'pro 7', '161535467', '/storage/property/r1dTgZux9El3aAtfCs6XxZaSp87wQN4FCzC2ccv0.jpg', 'bsbsh', 'hshhd', 'bshdh', 'dhbdh', 'Condo (C)', 'https://google.com', '650', '2022-03-21', 'No', NULL, '0', 0, NULL, '1', '2022-03-21 19:16:52', '2022-03-21 14:16:52', NULL),
(40, 98, 99, 99, 'pro 8', '1725496427', '/storage/property/l8XxbjbXSPLhGA8a0idc9njGIFvyrNC9sS774AOw.jpg', 'hszhh', 'bzbsh', 'bsbsb', 'sjdjj', 'Land (L)', 'https://google.com', '49499', '2022-03-21', 'Yes', NULL, '0', 0, NULL, '1', '2022-03-21 19:18:19', '2022-03-21 14:18:19', NULL),
(41, 94, 95, 94, 'po1', '1674137542', '/storage/property/2cXmE6Qytnfo3zW51RN3a0BmnY6HmteRKKyXqTcA.jpg', 'jkl', 'mnb', 'bnm', '2534', 'Condo (C)', 'https://www.google.com', '85388', '2022-03-22', 'No', NULL, '1', 0, NULL, '1', '2022-03-22 09:46:48', '2022-06-13 05:05:13', NULL),
(42, 94, 95, 94, 'pr2', '931122079', '/storage/property/HXUw4t6qvfQLoHgE99h6ewX3YE7OqMqUsalABWKc.jpg', 'hhk', 'fgh', 'ghj', '1002', 'Farm (F)', 'https://www.google.com.pk/?client=safari&channel=iphone_bm', '55888', '2022-03-22', 'No', NULL, '1', 0, NULL, '1', '2022-03-22 10:09:29', '2022-06-13 05:13:25', NULL),
(43, 94, 101, 94, 'test2 pr', '1754898222', '/storage/property/BI4pC9SM7d9zTkYR7foZM400XoIp8fWaL2Oreo1Y.jpg', 'kkl', 'njjj', 'nnn', '1001', 'Farm (F)', 'https://www.google.com.pk/?client=safari&channel=iphone_bm', '8235566663', '2022-03-22', 'No', NULL, '0', 0, NULL, '1', '2022-03-22 10:12:24', '2022-03-22 05:12:24', NULL),
(44, 94, 101, 101, 'test2pr', '490062886', '/storage/property/xBeTzeoeLAguGlvnrrp2QHXjc6Cvv09bANop3FEl.jpg', 'bjk', 'njk', 'hjk', '10002', 'Land (L)', 'https://www.google.com.pk/?client=safari&channel=iphone_bm', '5258', '2022-03-22', 'No', NULL, '0', 0, NULL, '1', '2022-03-22 10:17:59', '2022-03-22 05:17:59', NULL),
(45, 94, 101, 101, 'test2pr3', '523573140', '/storage/property/TUovtU8L7hang0tE50TGkDM8W0A0Alq78unGiYY7.jpg', 'hjk', 'ghj', 'ghh', '104', 'Condo (C)', 'https://www.google.com.pk/?client=safari&channel=iphone_bm', '52358', '2022-03-22', 'No', NULL, '0', 0, NULL, '1', '2022-03-22 10:22:26', '2022-03-22 05:22:26', NULL),
(46, 102, 104, 102, 'pr1', '438033274', '/storage/property/99SxRuqrLq9BxMOpblZFl9RI9XW4SdmwyHfrxRLC.jpg', 'llll', 'mmm', 'nnn', '1001', 'Condo (C)', 'https://www.google.com/?client=safari&channel=iphone_bm', '5200', '2022-03-23', 'No', NULL, '0', 0, NULL, '1', '2022-03-23 15:55:53', '2022-03-24 08:32:45', NULL),
(47, 102, 104, 102, 'pr2', '343061132', '/storage/property/xBuzu4SH2IG0F4lmUNXE4PyHSDRzAiI772m9eMIr.jpg', 'mmm', 'mmm', 'mm', '001', 'Farm (F)', 'https://www.google.com/?client=safari&channel=iphone_bm', '5288', '2022-03-23', 'No', NULL, '0', 0, NULL, '1', '2022-03-23 15:56:33', '2022-03-24 08:31:41', NULL),
(48, 105, 107, 107, 'h1 test', '77787879', '/storage/property/1BhK80JKhRVhR1N8Nq1204HwhNoukuXZ3LXYiznA.jpg', 'zbbzn', 'zbbzb', 'dndbb', 'snnsn', 'Town House (TH)', 'https://google.com', '100', '2022-03-23', 'No', NULL, '0', 0, NULL, '1', '2022-03-23 18:04:18', '2022-03-23 13:04:18', NULL),
(49, 105, 107, 107, 't2 test', '910111500', '/storage/property/BQBa71Jonxmo1Vrp8Q3jaBCAYjTb6mI7dwOPWUzd.jpg', 'bzbzb', 'hshsh', 'snbdb', 'bsbb', 'Farm (F)', 'https://google.com', '87848', '2022-03-23', 'Yes', NULL, '0', 0, NULL, '1', '2022-03-23 18:05:43', '2022-03-23 13:05:43', NULL),
(50, 105, 107, 107, 't3 test', '1192990474', '/storage/property/dBI5RalgGKzvnlSD9XFWmZ9EMihps1AsCdEvHzYH.jpg', 'bab', 'shshh', 'bzbz', 'zhbzh', 'Land (L)', 'https://google.com', '8488', '2022-03-23', 'Yes', NULL, '1', 0, NULL, '1', '2022-03-23 18:06:37', '2022-03-25 11:20:57', NULL),
(51, 105, 107, 107, 't4 test', '239912130', '/storage/property/MWOzB9i02dNByX260IUaO91f32bWFumQl20IE1hi.jpg', 'bsbbsh', 'bdbzhj', 'bzbznj', 'xbdjj', 'Condo (C)', 'https://google.com', '8766', '2022-03-23', 'Yes', NULL, '1', 5, 1, '1', '2022-03-23 18:07:21', '2022-03-25 11:05:12', NULL),
(52, 105, 107, 107, 't5 test', '478961876', '/storage/property/0BfOqGznAc6gAG1tOThIFlxV3Z69lSEDKfpnXbp2.jpg', 'bzbzb', 'bzbsj', 'bahsj', 'bzbzh', 'Farm (F)', 'https://google.com', '57557', '2022-03-23', 'Yes', NULL, '0', 5, 1, '1', '2022-03-23 18:08:06', '2022-03-23 13:08:06', NULL),
(53, 105, 107, 107, 't6 test', '323266983', '/storage/property/hYYHvFiXbSQM0QLmg1hbvS52pS0r5LSj77AtspVD.jpg', 'hzbzhb', 'bdbsjh', 'bdhjsj', 'bdhdj', 'Condo (C)', 'https://google.com', '84554', '2022-03-23', 'No', NULL, '0', 0, NULL, '1', '2022-03-23 18:08:54', '2022-03-23 13:08:54', NULL),
(54, 102, 104, 104, 'pr3', '477674806', '/storage/property/bmNFOpHxkvD6Ss5gtfXtIpCE84qnEYVQFlxAr7Ib.jpg', 'gjk', 'vhj', 'ghj', '3644', 'Farm (F)', 'https://www.google.com/?client=safari&channel=iphone_bm', '24555', '2022-03-24', 'No', NULL, '1', 0, NULL, '1', '2022-03-24 13:35:28', '2022-03-24 10:19:15', NULL),
(55, 102, 104, 104, 'pr4', '2083824055', '/storage/property/QQVA4MTBG2pNt9jthvSUG2kVcbsPGvehsPllLbek.jpg', 'vgj', 'bnn', 'bjk', '29996', 'Land (L)', 'https://www.google.com/?client=safari&channel=iphone_bm', '5268', '2022-03-24', 'No', NULL, '1', 0, NULL, '1', '2022-03-24 13:36:06', '2022-03-24 09:49:36', NULL),
(56, 105, 107, 107, 'pro 1', '1047047565', '/storage/property/KY2Kw0GLV00H4HMu9yUU98xCt4lUzzK4TUh9qd9f.jpg', 'shh', 'bsbb', 'shshh', 'bzbzh', 'Farm (F)', 'https://google.com', '25', '2022-03-24', 'Yes', NULL, '1', 0, NULL, '1', '2022-03-24 14:23:35', '2022-03-25 12:00:31', NULL),
(57, 105, 107, 107, 'pro2', '1547848218', '/storage/property/GBQewxbQVdhvJDGhXCK1KFeHdnIUL41g1qaIdUcR.jpg', 'hdhdh', 'ejdbshh', 'hdudh', 'bxhdh', 'Land (L)', 'https://google.com', '500', '2022-03-24', 'No', NULL, '0', 0, NULL, '1', '2022-03-24 14:24:34', '2022-03-24 09:24:34', NULL),
(58, 102, 103, 103, 'yoo', '426562990', '/storage/property/3B1Kr3M0Oe2NOTLg6zOiYcMWNuH7XjQ3zLFT92Vy.jpg', 'hjk', 'mnb', 'bnm', '1007', 'Land (L)', 'https://www.google.com/?client=safari&channel=iphone_bm', '523883', '2022-03-25', 'No', NULL, '0', 0, NULL, '1', '2022-03-25 11:20:42', '2022-03-25 06:20:42', NULL),
(59, 105, 106, 106, 'property abc', '228289294', '/storage/property/D2TfyA2yeTs8pCSVVGrDVolbeiQPxBpf3ewwHDyV.jpg', 'ehgeh', 'hshsh', 'hshsh', 'jehhs', 'Condo (C)', 'https://google.com', '25', '2022-03-25', 'No', NULL, '0', 0, NULL, '1', '2022-03-25 15:48:23', '2022-03-25 10:48:23', NULL),
(61, 111, 112, 111, 'Seven Meadows', '342554398', '/storage/property/PUDGdz0XXMJYtGpRmnaCM88WGCVKtzO8kftP9mDi.jpg', '7303 Fair Meadow Lane', 'Katy', 'Texas', '77494', 'Single Family (SF)', 'https://www.zillow.com/homedetails/7303-Fair-Meadow-Ln-Katy-TX-77494/82727475', '751800', '2022-11-30', 'No', NULL, '0', 0, NULL, '1', '2022-03-30 02:42:00', '2022-03-29 21:42:00', NULL),
(62, 111, 112, 111, 'Seven Meadows', '619904188', '/storage/property/iDzPKzasn5eE23O9R12OsRqbMS6J86EG1gpGWNEx.jpg', '7303 Fair Meadow Lane', 'Katy', 'Texas', '77494', 'Single Family (SF)', 'https://www.zillow.com/homedetails/7303-Fair-Meadow-Ln-Katy-TX-77494/82727475_zpid/', '751000', '2022-03-29', 'no', NULL, '1', 4, 1, '1', '2022-03-30 03:24:03', '2022-04-11 12:13:57', NULL),
(63, 111, 112, 111, 'Westphalia Town Center SF - Oakdale', '592830173', '/storage/property/cGmybFMKQxpCnAHtAVQ5Pq4umqALVpEFiwYMXkQp.jpg', '11000 Meridian Hill Way', 'Upper Marlboro', 'Maryland', '20772', 'Single Family (SF)', 'https://www.danryanbuilders.com', '659990', '2022-03-29', 'No', NULL, '0', 0, NULL, '1', '2022-03-30 05:25:16', '2022-03-30 00:25:16', NULL),
(64, 111, 112, 111, 'WTCSF - Castlerock', '1854734675', '/storage/property/XTCKdmMzssz1jhVSCqRStLKF1qbsAbcjFUq4dF8R.jpg', '11000 Meridian Hill Way', 'Upper Marlboro', 'Maryland', '20774', 'Single Family (SF)', 'https://www.danryanbuilders.com', '679990', '2022-03-29', 'No', NULL, '0', 0, NULL, '1', '2022-03-30 05:32:12', '2022-03-30 00:32:12', NULL),
(65, 111, 112, 111, 'WTCSF - Regent', '1447414618', '/storage/property/1jShbdCgIKUETPEgxhsqJ06soII9OIRzyul0klKO.jpg', '11000 Meridian Hill Way', 'Upper Marlboro', 'Maryland', '20774', 'Single Family (SF)', 'https://www.danryanbuilders.com', '621990', '2022-03-29', 'No', NULL, '0', 0, NULL, '1', '2022-03-30 05:40:32', '2022-03-30 00:40:32', NULL),
(66, 4, 5, 4, 'yoyo', '1510114946', '/storage/property/ul6zwmxUj2ptXPGfgxY9NPiH61Jf5BqcEGsS6AcE.jpg', 'addr', 'vity', 'stste', '26609', 'Condo (C)', 'https://www.google.com/?client=safari&channel=iphone_bm', '5200', '2022-04-11', 'No', NULL, '0', 0, NULL, '1', '2022-04-11 14:50:50', '2022-04-11 09:50:50', NULL),
(67, 115, 115, 115, 'max apt', '172837052', '/storage/property/S5juja9b81CtRdFAVQJa6kG8C8l3WGPoM2LjGRNq.jpg', '71 Kessla Way', 'Kingstree', 'South Carolina', '29556', 'SF', 'none', '9800', '2021-11-01', 'none', NULL, '0', 0, NULL, '1', '2022-04-14 16:41:21', '2022-04-14 11:41:21', NULL),
(68, 115, 115, 115, 'max apt', '1689058094', '/storage/property/NP46qsCvMyW9cE7FqnJCu68ijL9EzO9VxYnNk2nz.jpg', '71 Kessla Way', 'Kingstree', 'South Carolina', '29556', 'SF', 'none', '9800', '2021-11-01', 'none', NULL, '0', 0, NULL, '1', '2022-04-14 17:07:51', '2022-04-14 12:07:51', NULL),
(69, 102, 102, 102, 'test prop', '1704141622', '/storage/property/k3zaibAEZUpwR8rhygsOgBhtm2tP9PMGrHsxo7Bv.jpg', 'asd', 'asd', 'asd', '1001', 'Farm (F)', 'https://www.google.com/?client=safari&channel=iphone_bm', '1885', '2022-04-19', 'No', NULL, '0', 0, NULL, '1', '2022-04-19 10:06:28', '2022-04-19 05:06:28', NULL),
(70, 102, 102, 102, '2nd pro', '1467285034', '/storage/property/K6jAcD58q93kzqZH3o5xKDWoRKEp6CvOkIL0ap3i.jpg', 'ado', 'city', 'state', '10383', 'Condo (C)', 'https://www.google.com/?client=safari&channel=iphone_bm', '5802', '2022-04-19', 'No', NULL, '0', 0, NULL, '1', '2022-04-19 10:11:54', '2022-04-19 05:11:54', NULL),
(71, 102, 102, 102, 'test prop 3', '898757500', '/storage/property/OiGVvuCtikwb184BocTeqdUIN3BEnq3wPUqEWA6h.jpg', 'asd', 'asd', 'asd', '19007', 'Farm (F)', 'https://www.google.com/?client=safari&channel=iphone_bm', '528393', '2022-04-19', 'No', NULL, '0', 0, NULL, '1', '2022-04-19 10:25:56', '2022-04-19 05:25:56', NULL),
(72, 115, 115, 115, 'max apt', '1765000574', '/storage/property/ozdgMNRtK4cResfo6gjIMgZwhuB0s9m5TRIwiZ7A.jpg', '71 Kessla Way', 'Kingstree', 'South Carolina', '29556', 'SF', 'none', '9800', '2021-11-01', 'none', NULL, '0', 0, NULL, '1', '2022-04-19 11:22:07', '2022-04-19 06:22:07', NULL),
(73, 115, 116, 115, 'max apt', '1099247446', '/storage/property/8oK5i7z8SFKVwhi5Z5gu1FdAscjV1WfADaqp1vGP.jpg', '71 Kessla Way', 'Kingstree', 'South Carolina', '29556', 'SF', 'none', '9800', '2021-11-01', 'none', NULL, '0', 0, NULL, '1', '2022-04-19 11:22:54', '2022-04-19 06:22:54', NULL),
(74, 111, 114, 111, 'Hollin Meadows', '2090765738', '/storage/property/KmosK4CXJw6v94UgAYRf8dRDCrX5bYEvzObxUzkZ.jpg', '54321 Street Ave', 'Houston', 'Texas', '77026', 'Single Family (SF)', 'https://www.har.com', '395000', '2022-07-05', 'Yes', NULL, '0', 0, NULL, '1', '2022-06-05 07:39:43', '2022-06-05 02:39:43', NULL),
(75, 111, 128, 128, 'Sedona Landing', '2130115638', '/storage/property/o9hmgZ3Ych0li5adFImzvUtVyYGOEltCGt1kxGR6.jpg', '7696G Apple Branches Rd', 'Upper Marlboro', 'MD', '20748', 'Condo (C)', 'https://www.realtytek.net', '250000', '2022-11-30', 'Yes', NULL, '0', 0, NULL, '1', '2022-06-14 03:07:18', '2022-06-13 22:07:18', NULL);

-- --------------------------------------------------------

--
-- Table structure for table `property_contract_status`
--

CREATE TABLE `property_contract_status` (
  `id` bigint(20) UNSIGNED NOT NULL,
  `property_id` bigint(20) UNSIGNED NOT NULL,
  `slug` varchar(100) COLLATE utf8mb4_unicode_ci NOT NULL,
  `contract_offer` date DEFAULT NULL,
  `contract_countered` date DEFAULT NULL,
  `contract_accepted` date DEFAULT NULL,
  `contract_executed` date DEFAULT NULL,
  `offer_decline` date DEFAULT NULL,
  `inspection` date DEFAULT NULL,
  `appraisal` date DEFAULT NULL,
  `final_walk_thru` date DEFAULT NULL,
  `sattlement_date` date DEFAULT NULL,
  `add_comment` text COLLATE utf8mb4_unicode_ci,
  `contract_status` varchar(255) COLLATE utf8mb4_unicode_ci DEFAULT NULL,
  `contract_status_updated_date` text COLLATE utf8mb4_unicode_ci,
  `created_at` timestamp NULL DEFAULT NULL,
  `updated_at` timestamp NULL DEFAULT NULL,
  `deleted_at` timestamp NULL DEFAULT NULL
) ENGINE=InnoDB DEFAULT CHARSET=utf8mb4 COLLATE=utf8mb4_unicode_ci;

--
-- Dumping data for table `property_contract_status`
--

INSERT INTO `property_contract_status` (`id`, `property_id`, `slug`, `contract_offer`, `contract_countered`, `contract_accepted`, `contract_executed`, `offer_decline`, `inspection`, `appraisal`, `final_walk_thru`, `sattlement_date`, `add_comment`, `contract_status`, `contract_status_updated_date`, `created_at`, `updated_at`, `deleted_at`) VALUES
(1, 54, '601890410623c53d788822', '2022-04-24', NULL, NULL, NULL, NULL, NULL, NULL, NULL, NULL, NULL, 'Yes', '2022-03-24', '2022-03-24 10:19:51', '2022-03-24 10:20:48', '2022-03-24 10:20:48'),
(2, 54, '1343577969623c541062dee', '2022-04-24', '2022-03-24', NULL, NULL, NULL, NULL, NULL, NULL, NULL, NULL, 'Yes', '2022-03-24', '2022-03-24 10:20:48', '2022-03-24 10:20:50', '2022-03-24 10:20:50'),
(3, 54, '363265470623c54121fa56', '2022-04-24', '2022-03-24', '2022-03-24', NULL, NULL, NULL, NULL, NULL, NULL, NULL, 'Yes', '2022-03-24', '2022-03-24 10:20:50', '2022-03-24 10:20:52', '2022-03-24 10:20:52'),
(4, 54, '1833854874623c54146c6f6', '2022-04-24', '2022-03-24', '2022-03-24', '2022-03-24', NULL, NULL, NULL, NULL, NULL, NULL, 'Yes', '2022-03-24', '2022-03-24 10:20:52', '2022-03-24 10:20:52', NULL),
(5, 51, '1756805684623db011efd49', '2022-03-25', NULL, NULL, NULL, NULL, NULL, NULL, NULL, NULL, NULL, 'Yes', '2022-03-25', '2022-03-25 11:05:37', '2022-03-25 11:05:39', '2022-03-25 11:05:39'),
(6, 51, '531347840623db013345c8', '2022-03-25', '2022-03-25', NULL, NULL, NULL, NULL, NULL, NULL, NULL, NULL, 'Yes', '2022-03-25', '2022-03-25 11:05:39', '2022-03-25 11:05:41', '2022-03-25 11:05:41'),
(7, 51, '1689038457623db01522a7f', '2022-03-25', '2022-03-25', '2022-03-25', NULL, NULL, NULL, NULL, NULL, NULL, NULL, 'Yes', '2022-03-25', '2022-03-25 11:05:41', '2022-03-25 11:05:45', '2022-03-25 11:05:45'),
(8, 51, '1115570716623db0199b9cc', '2022-03-25', '2022-03-25', '2022-03-25', '2024-03-26', NULL, NULL, NULL, NULL, NULL, NULL, 'Yes', '2022-03-25', '2022-03-25 11:05:45', '2022-03-25 11:05:52', '2022-03-25 11:05:52'),
(9, 51, '27301483623db0200652f', '2022-03-25', '2022-03-25', '2022-03-25', '2024-03-26', '2022-03-26', NULL, NULL, NULL, NULL, NULL, 'Yes', '2022-03-25', '2022-03-25 11:05:52', '2022-03-25 11:05:54', '2022-03-25 11:05:54'),
(10, 51, '195259821623db022b3728', '2022-03-25', '2022-03-25', '2022-03-25', '2024-03-26', '2022-03-26', '2022-03-25', NULL, NULL, NULL, NULL, 'Yes', '2022-03-25', '2022-03-25 11:05:54', '2022-03-25 11:05:57', '2022-03-25 11:05:57'),
(11, 51, '1999909270623db025efb71', '2022-03-25', '2022-03-25', '2022-03-25', '2024-03-26', '2022-03-26', '2022-03-25', '2022-03-25', NULL, NULL, NULL, 'Yes', '2022-03-25', '2022-03-25 11:05:57', '2022-03-25 11:06:01', '2022-03-25 11:06:01'),
(12, 51, '2111413842623db029b5e34', '2022-03-25', '2022-03-25', '2022-03-25', '2024-03-26', '2022-03-26', '2022-03-25', '2022-03-25', '2022-03-25', NULL, NULL, 'Yes', '2022-03-25', '2022-03-25 11:06:01', '2022-03-25 11:06:03', '2022-03-25 11:06:03'),
(13, 51, '1764611120623db02baee0e', '2022-03-25', '2022-03-25', '2022-03-25', '2024-03-26', '2022-03-26', '2022-03-25', '2022-03-25', '2022-03-25', '2022-03-25', NULL, 'Yes', '2022-03-25', '2022-03-25 11:06:03', '2022-03-25 11:06:14', '2022-03-25 11:06:14'),
(14, 51, '607650787623db0360f628', '2022-03-25', '2022-03-25', '2022-03-25', '2024-03-26', '2022-03-26', '2022-03-25', '2022-03-25', '2022-03-25', '2022-03-25', 'test description', 'Yes', '2022-03-25', '2022-03-25 11:06:14', '2022-03-25 11:06:19', '2022-03-25 11:06:19'),
(15, 51, '1361537645623db03b4d2e2', '2022-03-25', '2022-03-25', '2022-03-25', '2024-03-26', '2022-03-26', '2022-03-25', '2022-03-25', '2022-03-25', '2022-03-25', 'test description', 'Yes', '2022-03-25', '2022-03-25 11:06:19', '2022-03-25 11:08:25', '2022-03-25 11:08:25'),
(16, 51, '1234931190623db0b9be40c', '2022-03-25', '2022-03-25', '2022-03-25', '2024-03-26', '2022-03-26', '2022-03-25', '2022-03-25', '2022-03-25', '2022-03-25', 'test description', 'Yes', '2022-03-25', '2022-03-25 11:08:25', '2022-03-25 11:08:44', '2022-03-25 11:08:44'),
(17, 51, '1951471187623db0cc2c60f', '2022-03-25', '2022-03-25', '2022-03-25', '2024-03-26', '2022-03-26', '2022-03-25', '2022-03-25', '2022-03-25', '2022-03-25', 'test description', 'No', '2022-03-25', '2022-03-25 11:08:44', '2022-03-25 11:08:44', NULL),
(18, 50, '1639262472623db3d961a45', '2022-03-25', NULL, NULL, NULL, NULL, NULL, NULL, NULL, NULL, NULL, 'Yes', '2022-03-25', '2022-03-25 11:21:45', '2022-03-25 11:21:47', '2022-03-25 11:21:47'),
(19, 50, '185546182623db3dba1200', '2022-03-25', '2022-03-25', NULL, NULL, NULL, NULL, NULL, NULL, NULL, NULL, 'Yes', '2022-03-25', '2022-03-25 11:21:47', '2022-03-25 11:21:52', '2022-03-25 11:21:52'),
(20, 50, '869575610623db3e08468e', '2022-03-25', '2022-03-25', '2022-03-26', NULL, NULL, NULL, NULL, NULL, NULL, NULL, 'Yes', '2022-03-25', '2022-03-25 11:21:52', '2022-03-25 11:21:55', '2022-03-25 11:21:55'),
(21, 50, '1166731078623db3e3b97d5', '2022-03-25', '2022-03-25', '2022-03-26', '2022-03-26', NULL, NULL, NULL, NULL, NULL, NULL, 'Yes', '2022-03-25', '2022-03-25 11:21:55', '2022-03-25 11:22:02', '2022-03-25 11:22:02'),
(22, 50, '1798915291623db3ea290d4', '2022-03-25', '2022-03-25', '2022-03-26', '2022-03-26', '2022-03-27', NULL, NULL, NULL, NULL, NULL, 'Yes', '2022-03-25', '2022-03-25 11:22:02', '2022-03-25 11:22:06', '2022-03-25 11:22:06'),
(23, 50, '1641512156623db3ee32c5f', '2022-03-25', '2022-03-25', '2022-03-26', '2022-03-26', '2022-03-27', '2022-03-27', NULL, NULL, NULL, NULL, 'Yes', '2022-03-25', '2022-03-25 11:22:06', '2022-03-25 11:22:13', '2022-03-25 11:22:13'),
(24, 50, '925290238623db3f503a65', '2022-03-25', '2022-03-25', '2022-03-26', '2022-03-26', '2022-03-27', '2022-03-27', '2022-03-28', NULL, NULL, NULL, 'Yes', '2022-03-25', '2022-03-25 11:22:13', '2022-03-25 11:22:17', '2022-03-25 11:22:17'),
(25, 50, '161874123623db3f9db280', '2022-03-25', '2022-03-25', '2022-03-26', '2022-03-26', '2022-03-27', '2022-03-27', '2022-03-28', '2022-03-28', NULL, NULL, 'Yes', '2022-03-25', '2022-03-25 11:22:17', '2022-03-25 11:22:21', '2022-03-25 11:22:21'),
(26, 50, '1118958445623db3fdcc67a', '2022-03-25', '2022-03-25', '2022-03-26', '2022-03-26', '2022-03-27', '2022-03-27', '2022-03-28', '2022-03-28', '2022-03-29', NULL, 'Yes', '2022-03-25', '2022-03-25 11:22:21', '2022-03-25 11:22:31', '2022-03-25 11:22:31'),
(27, 50, '872671920623db40798b4b', '2022-03-25', '2022-03-25', '2022-03-26', '2022-03-26', '2022-03-27', '2022-03-27', '2022-03-28', '2022-03-28', '2022-03-29', 'testing', 'Yes', '2022-03-25', '2022-03-25 11:22:31', '2022-03-25 11:22:33', '2022-03-25 11:22:33'),
(28, 50, '2041916918623db40986e72', '2022-03-25', '2022-03-25', '2022-03-26', '2022-03-26', '2022-03-27', '2022-03-27', '2022-03-28', '2022-03-28', '2022-03-29', 'testing', 'Yes', '2022-03-25', '2022-03-25 11:22:33', '2022-03-25 11:22:33', NULL),
(29, 62, '398278906625429b4620e7', '2022-04-11', NULL, NULL, NULL, NULL, NULL, NULL, NULL, NULL, NULL, 'Yes', '2022-04-11', '2022-04-11 12:14:28', '2022-04-11 12:14:28', NULL);

-- --------------------------------------------------------

--
-- Table structure for table `property_contract_status_history`
--

CREATE TABLE `property_contract_status_history` (
  `id` bigint(20) UNSIGNED NOT NULL,
  `contract_id` bigint(20) UNSIGNED NOT NULL,
  `property_id` bigint(20) UNSIGNED NOT NULL,
  `contract_status` varchar(255) COLLATE utf8mb4_unicode_ci NOT NULL,
  `created_at` timestamp NULL DEFAULT NULL,
  `updated_at` timestamp NULL DEFAULT NULL
) ENGINE=InnoDB DEFAULT CHARSET=utf8mb4 COLLATE=utf8mb4_unicode_ci;

--
-- Dumping data for table `property_contract_status_history`
--

INSERT INTO `property_contract_status_history` (`id`, `contract_id`, `property_id`, `contract_status`, `created_at`, `updated_at`) VALUES
(1, 1, 54, 'Yes', '2022-03-24 10:19:51', '2022-03-24 10:19:51'),
(2, 2, 54, 'Yes', '2022-03-24 10:20:48', '2022-03-24 10:20:48'),
(3, 3, 54, 'Yes', '2022-03-24 10:20:50', '2022-03-24 10:20:50'),
(4, 4, 54, 'Yes', '2022-03-24 10:20:52', '2022-03-24 10:20:52'),
(5, 5, 51, 'Yes', '2022-03-25 11:05:37', '2022-03-25 11:05:37'),
(6, 6, 51, 'Yes', '2022-03-25 11:05:39', '2022-03-25 11:05:39'),
(7, 7, 51, 'Yes', '2022-03-25 11:05:41', '2022-03-25 11:05:41'),
(8, 8, 51, 'Yes', '2022-03-25 11:05:45', '2022-03-25 11:05:45'),
(9, 9, 51, 'Yes', '2022-03-25 11:05:52', '2022-03-25 11:05:52'),
(10, 10, 51, 'Yes', '2022-03-25 11:05:54', '2022-03-25 11:05:54'),
(11, 11, 51, 'Yes', '2022-03-25 11:05:57', '2022-03-25 11:05:57'),
(12, 12, 51, 'Yes', '2022-03-25 11:06:01', '2022-03-25 11:06:01'),
(13, 13, 51, 'Yes', '2022-03-25 11:06:03', '2022-03-25 11:06:03'),
(14, 14, 51, 'Yes', '2022-03-25 11:06:14', '2022-03-25 11:06:14'),
(15, 15, 51, 'Yes', '2022-03-25 11:06:19', '2022-03-25 11:06:19'),
(16, 16, 51, 'Yes', '2022-03-25 11:08:25', '2022-03-25 11:08:25'),
(17, 17, 51, 'No', '2022-03-25 11:08:44', '2022-03-25 11:08:44'),
(18, 18, 50, 'Yes', '2022-03-25 11:21:45', '2022-03-25 11:21:45'),
(19, 19, 50, 'Yes', '2022-03-25 11:21:47', '2022-03-25 11:21:47'),
(20, 20, 50, 'Yes', '2022-03-25 11:21:52', '2022-03-25 11:21:52'),
(21, 21, 50, 'Yes', '2022-03-25 11:21:55', '2022-03-25 11:21:55'),
(22, 22, 50, 'Yes', '2022-03-25 11:22:02', '2022-03-25 11:22:02'),
(23, 23, 50, 'Yes', '2022-03-25 11:22:06', '2022-03-25 11:22:06'),
(24, 24, 50, 'Yes', '2022-03-25 11:22:13', '2022-03-25 11:22:13'),
(25, 25, 50, 'Yes', '2022-03-25 11:22:17', '2022-03-25 11:22:17'),
(26, 26, 50, 'Yes', '2022-03-25 11:22:21', '2022-03-25 11:22:21'),
(27, 27, 50, 'Yes', '2022-03-25 11:22:31', '2022-03-25 11:22:31'),
(28, 28, 50, 'Yes', '2022-03-25 11:22:33', '2022-03-25 11:22:33'),
(29, 29, 62, 'Yes', '2022-04-11 12:14:28', '2022-04-11 12:14:28');

-- --------------------------------------------------------

--
-- Table structure for table `property_loan_info`
--

CREATE TABLE `property_loan_info` (
  `id` bigint(20) UNSIGNED NOT NULL,
  `property_id` bigint(20) UNSIGNED NOT NULL,
  `slug` varchar(100) COLLATE utf8mb4_unicode_ci NOT NULL,
  `company` varchar(150) COLLATE utf8mb4_unicode_ci DEFAULT NULL,
  `contact` varchar(150) COLLATE utf8mb4_unicode_ci DEFAULT NULL,
  `contact_number` varchar(50) COLLATE utf8mb4_unicode_ci DEFAULT NULL,
  `sale_price` varchar(150) COLLATE utf8mb4_unicode_ci DEFAULT NULL,
  `financing` varchar(150) COLLATE utf8mb4_unicode_ci DEFAULT NULL,
  `emd_submitted` varchar(150) COLLATE utf8mb4_unicode_ci DEFAULT NULL,
  `down_payment` varchar(150) COLLATE utf8mb4_unicode_ci DEFAULT NULL,
  `loan_status` varchar(150) COLLATE utf8mb4_unicode_ci DEFAULT NULL,
  `loan_status_updated_date` date DEFAULT NULL,
  `created_at` timestamp NULL DEFAULT NULL,
  `updated_at` timestamp NULL DEFAULT NULL,
  `deleted_at` timestamp NULL DEFAULT NULL
) ENGINE=InnoDB DEFAULT CHARSET=utf8mb4 COLLATE=utf8mb4_unicode_ci;

--
-- Dumping data for table `property_loan_info`
--

INSERT INTO `property_loan_info` (`id`, `property_id`, `slug`, `company`, `contact`, `contact_number`, `sale_price`, `financing`, `emd_submitted`, `down_payment`, `loan_status`, `loan_status_updated_date`, `created_at`, `updated_at`, `deleted_at`) VALUES
(1, 54, '2044146344623c545e7e7e0', 'hio', 'bshsk', '+1-2136210002', '528', 'Approved', NULL, NULL, 'Denied', '2022-03-24', '2022-03-24 10:22:06', '2022-03-24 10:22:06', NULL),
(2, 51, '1604608597623db07ddc7c0', 'company', 'dbd', '+1-5412345678', '54545845455', 'Denied', '500', '8184', 'Denied', '2022-03-25', '2022-03-25 11:07:25', '2022-03-25 11:07:25', NULL);

-- --------------------------------------------------------

--
-- Table structure for table `reset_password`
--

CREATE TABLE `reset_password` (
  `id` bigint(20) UNSIGNED NOT NULL,
  `module` varchar(100) COLLATE utf8mb4_unicode_ci NOT NULL,
  `email` varchar(100) COLLATE utf8mb4_unicode_ci NOT NULL,
  `token` varchar(255) COLLATE utf8mb4_unicode_ci NOT NULL,
  `created_at` timestamp NULL DEFAULT NULL,
  `updated_at` timestamp NULL DEFAULT NULL,
  `deleted_at` timestamp NULL DEFAULT NULL
) ENGINE=InnoDB DEFAULT CHARSET=utf8mb4 COLLATE=utf8mb4_unicode_ci;

--
-- Dumping data for table `reset_password`
--

INSERT INTO `reset_password` (`id`, `module`, `email`, `token`, `created_at`, `updated_at`, `deleted_at`) VALUES
(11, 'users', 'charles@yopmail.com', '76BuIfnHEwnJPZkRxJg0kEzwHfNUc4fQXDxxFKpoS8pT5TQiZqVHxZkRK35m22Tv9J6OhTNFL6lvZdQDR4651ZYP8hUmhssok668ScizivPKezNl8EpXJdRNofmvTxyAoF0knoeM1PiRbbnzlfHDo8', '2022-04-11 06:19:24', NULL, NULL),
(12, 'users', 'realty19@yopmail.com', 'DuMWFH1x6qPXo2f9VblbldUqktqi2I3We4kqnK10DGtqVEA0E26D3OR77yfHxwe3hni3Wszfud92BldiFOM9wOze37amg2o65pO66cTCfD3Fjs5rRONYnDitS3zG0lxo07bkUfP8qaJfFWT9VCZYvg', '2022-05-19 05:23:35', NULL, NULL),
(14, 'users', 'larrybw0952@outlook.com', 'auaXmFBNINjmYQuwziaX10FVEzvpuaYLBBfH3xnJTIIHiVUodK1ZYjYmQcEfLKG6yg6h2YkPEutsCeGB1tg4vdBfk9MCOvwluoh0gCVuTUt7Bsh0wVyIc5DtjGZWimetmMOz8XG8S4JX0FT5PMCLAa', '2022-06-08 18:11:27', NULL, NULL),
(15, 'users', 'delindak@realtytek.net', 'erRJfQ6SKGNnkmJmUnThMZKU0RvFrpavEZWWz4VMz2wWfwsdTmINRtW0l9ETBeTDXAUL5lI9ph9cN3Wh2voLDqVKnqQrAWkt3g9gh0GRlsqsTxLgGySkQYCK4Q3FWTRZ7VgADyKqKVPqIaCPehdInJ', '2022-06-08 18:41:12', NULL, NULL);

-- --------------------------------------------------------

--
-- Table structure for table `subscription_packages`
--

CREATE TABLE `subscription_packages` (
  `id` bigint(20) UNSIGNED NOT NULL,
  `title` varchar(150) COLLATE utf8mb4_unicode_ci NOT NULL,
  `slug` varchar(150) COLLATE utf8mb4_unicode_ci NOT NULL,
  `description` text COLLATE utf8mb4_unicode_ci NOT NULL,
  `trial_period` int(11) NOT NULL DEFAULT '0',
  `duration` varchar(255) COLLATE utf8mb4_unicode_ci NOT NULL,
  `duration_unit` enum('days','week','month','year') COLLATE utf8mb4_unicode_ci NOT NULL,
  `amount` varchar(100) COLLATE utf8mb4_unicode_ci NOT NULL,
  `status` enum('0','1') COLLATE utf8mb4_unicode_ci NOT NULL DEFAULT '1',
  `created_at` timestamp NULL DEFAULT NULL,
  `updated_at` timestamp NULL DEFAULT NULL,
  `deleted_at` timestamp NULL DEFAULT NULL
) ENGINE=InnoDB DEFAULT CHARSET=utf8mb4 COLLATE=utf8mb4_unicode_ci;

--
-- Dumping data for table `subscription_packages`
--

INSERT INTO `subscription_packages` (`id`, `title`, `slug`, `description`, `trial_period`, `duration`, `duration_unit`, `amount`, `status`, `created_at`, `updated_at`, `deleted_at`) VALUES
(1, 'per mont', 'per-mont', 'Lorem Ipsum is simply dummy text of the printing and typesetting industry. Lorem Ipsum has been the industry', 60, '1', 'month', '19.99', '1', NULL, NULL, NULL),
(2, 'annual', 'annual', 'Lorem Ipsum is simply dummy text of the printing and typesetting industry. Lorem Ipsum has been the industry', 60, '1', 'year', '99', '1', NULL, NULL, NULL);

-- --------------------------------------------------------

--
-- Table structure for table `transactions`
--

CREATE TABLE `transactions` (
  `id` bigint(20) UNSIGNED NOT NULL,
  `user_id` bigint(20) UNSIGNED NOT NULL,
  `module` varchar(255) COLLATE utf8mb4_unicode_ci NOT NULL,
  `module_id` varchar(255) COLLATE utf8mb4_unicode_ci NOT NULL,
  `gateway_type` varchar(255) COLLATE utf8mb4_unicode_ci NOT NULL,
  `gateway_transaction_id` varchar(255) COLLATE utf8mb4_unicode_ci NOT NULL,
  `amount` varchar(255) COLLATE utf8mb4_unicode_ci NOT NULL,
  `created_at` timestamp NULL DEFAULT NULL,
  `updated_at` timestamp NULL DEFAULT NULL,
  `deleted_at` timestamp NULL DEFAULT NULL
) ENGINE=InnoDB DEFAULT CHARSET=utf8mb4 COLLATE=utf8mb4_unicode_ci;

-- --------------------------------------------------------

--
-- Table structure for table `users`
--

CREATE TABLE `users` (
  `id` bigint(20) UNSIGNED NOT NULL,
  `user_group_id` bigint(20) UNSIGNED NOT NULL,
  `parent_id` int(11) NOT NULL DEFAULT '0',
  `name` varchar(100) COLLATE utf8mb4_unicode_ci NOT NULL,
  `username` varchar(100) COLLATE utf8mb4_unicode_ci NOT NULL,
  `slug` varchar(100) COLLATE utf8mb4_unicode_ci NOT NULL,
  `email` varchar(100) COLLATE utf8mb4_unicode_ci DEFAULT NULL,
  `mobile_no` varchar(50) COLLATE utf8mb4_unicode_ci DEFAULT NULL,
  `password` varchar(255) COLLATE utf8mb4_unicode_ci NOT NULL,
  `image_url` text COLLATE utf8mb4_unicode_ci,
  `license_number` varchar(100) COLLATE utf8mb4_unicode_ci DEFAULT NULL,
  `licence_state` varchar(100) COLLATE utf8mb4_unicode_ci DEFAULT NULL,
  `status` enum('1','0') COLLATE utf8mb4_unicode_ci NOT NULL DEFAULT '1',
  `is_email_verify` enum('1','0') COLLATE utf8mb4_unicode_ci NOT NULL DEFAULT '0',
  `email_verify_at` datetime DEFAULT NULL,
  `is_mobile_verify` enum('1','0') COLLATE utf8mb4_unicode_ci NOT NULL DEFAULT '0',
  `mobile_verify_at` datetime DEFAULT NULL,
  `country` varchar(100) COLLATE utf8mb4_unicode_ci DEFAULT NULL,
  `city` varchar(100) COLLATE utf8mb4_unicode_ci DEFAULT NULL,
  `state` varchar(100) COLLATE utf8mb4_unicode_ci DEFAULT NULL,
  `zipcode` varchar(100) COLLATE utf8mb4_unicode_ci DEFAULT NULL,
  `address` varchar(100) COLLATE utf8mb4_unicode_ci DEFAULT NULL,
  `latitude` varchar(100) COLLATE utf8mb4_unicode_ci DEFAULT NULL,
  `longitude` varchar(100) COLLATE utf8mb4_unicode_ci DEFAULT NULL,
  `online_status` enum('1','0') COLLATE utf8mb4_unicode_ci NOT NULL DEFAULT '0',
  `mobile_otp` varchar(100) COLLATE utf8mb4_unicode_ci DEFAULT NULL,
  `email_otp` varchar(100) COLLATE utf8mb4_unicode_ci DEFAULT NULL,
  `total_property` int(11) NOT NULL DEFAULT '0',
  `total_rating` int(11) NOT NULL DEFAULT '0',
  `total_review` int(11) NOT NULL DEFAULT '0',
  `website` varchar(200) COLLATE utf8mb4_unicode_ci DEFAULT NULL,
  `about_us` text COLLATE utf8mb4_unicode_ci,
  `tag_line` text COLLATE utf8mb4_unicode_ci,
  `logo_url` text COLLATE utf8mb4_unicode_ci,
  `share_profile_image` varchar(255) COLLATE utf8mb4_unicode_ci DEFAULT NULL,
  `company_name` varchar(255) COLLATE utf8mb4_unicode_ci DEFAULT NULL,
  `company_description` text COLLATE utf8mb4_unicode_ci,
  `subscription_expiry_date` date DEFAULT NULL,
  `invitation_acceptance` enum('1','0') COLLATE utf8mb4_unicode_ci NOT NULL DEFAULT '0',
  `remember_token` varchar(100) COLLATE utf8mb4_unicode_ci DEFAULT NULL,
  `agent_agrement` varchar(225) COLLATE utf8mb4_unicode_ci DEFAULT NULL,
  `is_agrement_accept` enum('0','1') COLLATE utf8mb4_unicode_ci NOT NULL DEFAULT '0',
  `created_at` timestamp NULL DEFAULT NULL,
  `updated_at` timestamp NULL DEFAULT NULL,
  `deleted_at` timestamp NULL DEFAULT NULL
) ENGINE=InnoDB DEFAULT CHARSET=utf8mb4 COLLATE=utf8mb4_unicode_ci;

--
-- Dumping data for table `users`
--

INSERT INTO `users` (`id`, `user_group_id`, `parent_id`, `name`, `username`, `slug`, `email`, `mobile_no`, `password`, `image_url`, `license_number`, `licence_state`, `status`, `is_email_verify`, `email_verify_at`, `is_mobile_verify`, `mobile_verify_at`, `country`, `city`, `state`, `zipcode`, `address`, `latitude`, `longitude`, `online_status`, `mobile_otp`, `email_otp`, `total_property`, `total_rating`, `total_review`, `website`, `about_us`, `tag_line`, `logo_url`, `share_profile_image`, `company_name`, `company_description`, `subscription_expiry_date`, `invitation_acceptance`, `remember_token`, `agent_agrement`, `is_agrement_accept`, `created_at`, `updated_at`, `deleted_at`) VALUES
(1, 1, 0, 'DeLinda Armstrong', 'delinda-armstrong', 'delinda-armstrong', 'delindak@realtytek.net', '+1-5713960700', '$2y$10$c3uF4fmJ7FhbE1hRIwpe1u34wfnlYEiGxMvoJVWmt5YNBoBYTexbK', '/storage/users/kLxlRozl2gKvN3fPb1EbGo2SiZ5wx2M51NoPdQaZ.jpg', '582843, 225257673', 'Texas, Virginia', '1', '1', '2021-12-02 16:04:18', '0', NULL, NULL, NULL, NULL, NULL, NULL, NULL, NULL, '0', NULL, NULL, 0, 0, 0, NULL, NULL, NULL, NULL, NULL, NULL, NULL, NULL, '1', NULL, NULL, '0', '2021-12-02 16:03:42', '2022-02-11 13:40:19', NULL),
(3, 1, 0, 'abc', 'abc', 'abc', 'abc@yopmail.com', '+1-8454329585', '$2y$10$Lf9v4.xifmlsjAmEJsjbtufN8Nxh57mz/yRAgvQs4yG.mGJg8bX.6', '/storage/users/HpYlEcgUs0nwwRIVZzUemhrIwcz7aa8ILNhunNzI.jpg', 'bdhj', 'gdhd', '1', '1', '2021-12-03 04:57:01', '0', NULL, NULL, NULL, NULL, NULL, 'bdhdh', NULL, NULL, '0', NULL, NULL, 0, 0, 0, 'https://webapp.diawi.com/install/obnVwq', 'good day', 'tags', '/storage/users/LaGgodUg9PSX3fwqNf6KDGteJ0AMvhDTSGpdsF8Y.jpg', '/storage/users/iqVYSiDDM946fQ6hgMTnDYhQ0R2LAFG2chWagNYN.jpg', 'vxbc', 'bcbxh', '2022-03-15', '1', NULL, NULL, '0', '2021-12-03 04:56:50', '2022-02-15 06:00:54', NULL),
(4, 1, 0, 'zxc', 'zxc', 'zxc', 'zxc@yopmail.com', '+1-5464646646', '$2y$10$xnBlYJ2icsGWpS1p/JKGkeMrS3cHs47/B/rhHKcvT03LfbxsI6/5m', '/storage/users/bxTJ8TZoCtjkz1MuN68kiV2t8ZvVoYe1KWA9mywo.jpg', 'hhhh', 'hhh', '1', '1', '2021-12-03 06:00:04', '0', NULL, NULL, NULL, NULL, NULL, 'xghn', NULL, NULL, '0', NULL, NULL, 0, 0, 0, 'https://webapp.diawi.com/install/EB1Uun', 'asd', 'tags', '/storage/users/RRmL5FCALSSLMGAGRiS80ky9RBAJLFo9hXh0Fc1l.jpg', NULL, 'asd', 'adfg', '2022-12-21', '1', NULL, NULL, '0', '2021-12-03 05:59:57', '2021-12-21 09:41:48', NULL),
(5, 2, 4, 'asd', 'asd', 'asd', 'asd@yopmail.com', '+1-8543285656', '$2y$10$YdBp/J4JlcIQ5HvtViaI1.8KzBDTMuaFgmb9N2iJyaLc3Ds6G/wBq', '/storage/customer/W8fMBZxNZfdGH2SW5ZAgmkjSfqNKd8jCOdm0tOZS.jpg', NULL, NULL, '1', '1', '2021-12-03 06:53:01', '0', NULL, NULL, NULL, NULL, NULL, 'asd', NULL, NULL, '0', NULL, NULL, 0, 0, 0, NULL, NULL, NULL, NULL, NULL, NULL, NULL, NULL, '1', NULL, NULL, '0', '2021-12-03 06:51:49', '2022-02-21 05:40:29', NULL),
(6, 1, 0, 'jordanw', 'jordanw', 'jordanw', 'jhone@yopmail.comw', '+1-1121886351', '$2y$10$wqq.9XIZoXqwMr6SLWBZZeV8tCcOKwusjKEtQoFhvLLINmvMslysG', NULL, '0987654321', 'florida', '1', '0', NULL, '0', NULL, NULL, NULL, NULL, NULL, NULL, NULL, NULL, '0', NULL, NULL, 0, 0, 0, NULL, NULL, NULL, NULL, NULL, NULL, NULL, NULL, '0', NULL, NULL, '0', '2021-12-03 11:51:48', '2021-12-03 11:51:48', NULL),
(7, 1, 0, 'issac', 'jordanw1668', 'issac', 'issac@yopmail.com', '+1-1121886350', '$2y$10$vIIMlltuVRI5PHbSEXnc3uu3KRrPMTOswBN07fZsNvoFJpuap8mU6', NULL, '0987654321', 'florida', '1', '1', '2021-12-03 11:52:25', '0', NULL, NULL, NULL, NULL, NULL, NULL, NULL, NULL, '0', NULL, NULL, 0, 0, 0, NULL, NULL, NULL, NULL, NULL, NULL, NULL, NULL, '1', NULL, NULL, '0', '2021-12-03 11:52:14', '2021-12-03 11:53:42', NULL),
(8, 2, 7, 'peter', 'peter', 'peter', 'peter1@yopmail.com', '+1-12921652200', '$2y$10$vIIMlltuVRI5PHbSEXnc3uu3KRrPMTOswBN07fZsNvoFJpuap8mU6', '/storage/customer/EruWjaGmvTzSef5y4bprBE76UjOF34TQfd9Xthsd.jpg', NULL, NULL, '1', '1', NULL, '0', NULL, NULL, NULL, NULL, NULL, 'none', NULL, NULL, '0', NULL, NULL, 0, 0, 0, NULL, NULL, NULL, NULL, NULL, NULL, NULL, NULL, '0', NULL, NULL, '0', '2021-12-03 11:55:16', '2021-12-03 11:56:45', NULL),
(9, 1, 0, 'mnb', 'mnb', 'mnb', 'mnb@yopmail.com', '+1-9865649499', '$2y$10$DS6Zt2e9nfgrB92CNc5KBe1ft9F7w6X9iIKgpbYHgyrAeCzgiCKOS', NULL, 'bdj', 'bdd', '1', '1', '2021-12-03 11:56:26', '0', NULL, NULL, NULL, NULL, NULL, NULL, NULL, NULL, '0', NULL, NULL, 0, 0, 0, NULL, NULL, NULL, NULL, NULL, NULL, NULL, '2022-02-01', '1', NULL, NULL, '0', '2021-12-03 11:56:08', '2021-12-03 11:59:22', NULL),
(10, 1, 0, 'issac 001', 'issac0001', 'jordanw1267', 'issac1@yopmail.com', '+1-1121886354', '$2y$10$SG53mxU50caXorKKThJZHOXtgokkPRacQAzV2sJhQ.zbwx5X.arPS', NULL, '0987654321', 'florida', '1', '1', '2021-12-03 12:09:41', '0', NULL, NULL, NULL, NULL, NULL, NULL, NULL, NULL, '0', NULL, NULL, 0, 0, 0, NULL, NULL, NULL, NULL, NULL, NULL, NULL, NULL, '1', NULL, NULL, '0', '2021-12-03 12:09:33', '2021-12-03 12:09:41', NULL),
(11, 1, 0, 'test6', 'test6', 'test6', 'a@yopmail.com', '+1-2409036568', '$2y$10$w97rAej.LiBTTDf.O8cZwelhLnxBRp8OIHxoiArRymcuN0TmtUvuW', NULL, '1234566789', 'usa', '1', '1', '2021-12-06 10:37:10', '0', NULL, NULL, NULL, NULL, NULL, NULL, NULL, NULL, '0', NULL, NULL, 0, 0, 0, NULL, NULL, NULL, NULL, '/storage/users/1nfPWVl4peFMyllxI7cB4C9mHpHMGuEsaPrMz0xa.jpg', NULL, NULL, '2022-02-04', '1', NULL, NULL, '0', '2021-12-06 10:34:07', '2021-12-06 13:38:08', NULL),
(12, 2, 11, 'testc', 'testc', 'testc', 'c@yopmail.com', '+1-1571253726', '$2y$10$dWDUtAU.QecwzYA9Li71E.2CIypKGy4xsTDHRH2OXa7rGjOiaLZMa', '/storage/customer/3bIznAXDTCOYqoqbQmpUdzQ5R3S19USnoJGeOEnE.jpg', NULL, NULL, '1', '1', '2021-12-06 14:32:28', '0', NULL, NULL, NULL, NULL, NULL, 'd6udolhxhlxl kdixyd', NULL, NULL, '0', NULL, NULL, 0, 0, 0, NULL, NULL, NULL, NULL, NULL, NULL, NULL, NULL, '1', NULL, NULL, '0', '2021-12-06 14:31:40', '2021-12-07 15:45:27', NULL),
(13, 1, 0, 'test14', 'test14', 'test14', 't@yopmail.com', '+1-5012536688', '$2y$10$37cNtFKs6brW0KjzC79rWO9CXofPbHlYdseLUAGmcyyoy1BCcmuOS', NULL, '12344556778', 'USA', '1', '1', '2021-12-14 15:34:15', '0', NULL, NULL, NULL, NULL, NULL, NULL, NULL, NULL, '0', NULL, NULL, 0, 0, 0, NULL, NULL, NULL, NULL, '/storage/users/GDQjfyWQxn0Ji3xwImvwHeu7GWS8aayTa1J2w7Ot.jpg', NULL, NULL, '2022-02-12', '1', NULL, NULL, '0', '2021-12-14 15:33:40', '2021-12-15 15:47:51', NULL),
(14, 2, 13, 'lead1', 'lead1', 'lead1', 'l@yopmail.com', '+1-1235896470', '$2y$10$y.gJWUbRNppHJ/1eV94ewuE865UEbakNl7o31Av7luuRcTwe08/J2', '/storage/customer/e382E1hw1yPFdurYthwfVJ4KKw6FBPcKQg86sMoh.jpg', NULL, NULL, '1', '1', '2021-12-14 15:37:50', '0', NULL, NULL, NULL, NULL, NULL, 'f35 jgcc', NULL, NULL, '0', NULL, NULL, 0, 0, 0, NULL, NULL, NULL, NULL, NULL, NULL, NULL, NULL, '1', NULL, NULL, '0', '2021-12-14 15:36:48', '2021-12-15 14:34:00', NULL),
(15, 2, 13, 'seller', 'seller', 'seller', 's@yopmail.com', '+1-1258888999', '$2y$10$LxMJ89JtMxz/lGTf1DHNoOTdHdCJvuZWYteUkqyDCUweZKULpu20i', '/storage/customer/hS418nH8XC39ltavs19LnTDxMDcW1ZEYdYRNiaou.jpg', NULL, NULL, '1', '0', NULL, '0', NULL, NULL, NULL, NULL, NULL, 'gcbjj', NULL, NULL, '0', NULL, NULL, 0, 0, 0, NULL, NULL, NULL, NULL, NULL, NULL, NULL, NULL, '0', NULL, NULL, '0', '2021-12-14 15:40:56', '2021-12-14 15:41:02', NULL),
(16, 1, 0, 'test15', 'test15', 'test15', 'te@yopmail.com', '+1-258096314', '$2y$10$Bh6pOsSPXF4XhTsYWJAeuuEXk7qxdyIOyOnz2036.siKIwG9J4AxS', NULL, '09876544321145', 'usa', '1', '0', NULL, '0', NULL, NULL, NULL, NULL, NULL, NULL, NULL, NULL, '0', NULL, NULL, 0, 0, 0, NULL, NULL, NULL, NULL, NULL, NULL, NULL, NULL, '0', NULL, NULL, '0', '2021-12-15 15:40:18', '2021-12-15 15:40:18', NULL),
(17, 1, 0, 'test1', 'test1', 'test1', 'tt@yopmail.com', '+1-2580963311', '$2y$10$QY6Ak8oFU7Zc5yfFuxoYzOBDcmyjkf5gRX6CKuGcOJ5pH2LqNdeT.', NULL, '13567999999', 'usa', '1', '1', '2021-12-16 14:55:29', '0', NULL, NULL, NULL, NULL, NULL, NULL, NULL, NULL, '0', NULL, NULL, 0, 0, 0, NULL, NULL, NULL, NULL, NULL, NULL, NULL, '2022-02-14', '1', NULL, NULL, '0', '2021-12-16 14:54:56', '2021-12-16 15:57:56', NULL),
(18, 1, 0, 'test2', 'test2', 'test2', 'br2@yopmail.com', '+1-2580963114', '$2y$10$Q/Qwz7Xe1OjLNjDtLH7H9.tzUa.RBS/KUfjuzdGqrf3YdnAbVf392', NULL, '12456678899900000', 'UAE', '1', '1', '2021-12-16 15:17:28', '0', NULL, NULL, NULL, NULL, NULL, NULL, NULL, NULL, '0', NULL, NULL, 0, 0, 0, NULL, NULL, NULL, NULL, NULL, NULL, NULL, '2022-02-14', '1', NULL, NULL, '0', '2021-12-16 15:16:48', '2021-12-16 15:24:16', NULL),
(19, 2, 18, 'buyer1', 'buyer1', 'buyer1', 'buy@yopmail.com', '+1-2580096332', '$2y$10$R76ZjdYOsdgLvl1lt1Lz4eopZWkYMFITds/SX/LYFMJJGoFFw.3Rq', '/storage/customer/HxHCVdw9tkHUM50DhkY1g04ZwXyUcVzQGqToem6l.jpg', NULL, NULL, '1', '1', '2021-12-16 15:33:43', '0', NULL, NULL, NULL, NULL, NULL, 'gdgbb', NULL, NULL, '0', NULL, NULL, 0, 0, 0, NULL, NULL, NULL, NULL, NULL, NULL, NULL, NULL, '1', NULL, NULL, '0', '2021-12-16 15:22:27', '2021-12-16 15:33:43', NULL),
(20, 1, 0, 'test16', 'test16', 'test16', 'br@yopmail.com', '+1-2588003536', '$2y$10$HGBG83Xi71cHUtsW2xqP6unGzLlHi.t9cw4wKMbH05wmLeAYkNDE6', NULL, 'jf744884848484', 'ida', '1', '1', '2021-12-20 14:25:43', '0', NULL, NULL, NULL, NULL, NULL, NULL, NULL, NULL, '0', NULL, NULL, 0, 0, 0, NULL, NULL, NULL, NULL, NULL, NULL, NULL, '2022-02-18', '1', NULL, NULL, '0', '2021-12-20 14:25:06', '2021-12-20 14:44:15', NULL),
(21, 2, 20, 'test16', 'test161191', 'test161191', 'sd@yopmail.com', '+1-2585627800', '$2y$10$CvUpRAfkmQgwad9uOHe.dOtCNJWRm07M3c0nG07/Px8LiLo4zWxQO', '/storage/customer/Np0M5yyC7cUzHDNGpg3Gl9XgiZbWrWGX9Gaj1P54.jpg', NULL, NULL, '1', '1', '2021-12-20 15:27:42', '0', NULL, NULL, NULL, NULL, NULL, 'edd45;,,', NULL, NULL, '0', NULL, NULL, 0, 0, 0, NULL, NULL, NULL, NULL, NULL, NULL, NULL, NULL, '1', NULL, NULL, '0', '2021-12-20 15:25:15', '2021-12-28 08:55:45', NULL),
(22, 1, 0, 'fgh', 'fgh', 'fgh', 'fgh@yopmail.com', '+1-9632588458', '$2y$10$dHdKzs6gEUnA02HKNbxjXOtrkR6uhNoC5WRkxsUEYv/TjWmrwi/uq', NULL, 'ghh', 'ghj', '1', '1', '2021-12-21 05:09:08', '0', NULL, NULL, NULL, NULL, NULL, NULL, NULL, NULL, '0', NULL, NULL, 0, 0, 0, NULL, NULL, NULL, NULL, NULL, NULL, NULL, '2022-02-19', '1', NULL, NULL, '0', '2021-12-21 05:08:48', '2021-12-21 05:14:21', NULL),
(23, 1, 0, 'cvb', 'cvb', 'cvb', 'cvb@yopmail.com', '+1-5823552585', '$2y$10$DmfgBKUJQplntHvwapZPneH3AH3UIJnyWoAb8JxzFsuoF8njQeyqq', NULL, 'bsh', 'bdf', '1', '1', '2021-12-21 05:26:20', '0', NULL, NULL, NULL, NULL, NULL, NULL, NULL, NULL, '0', NULL, NULL, 0, 0, 0, NULL, NULL, NULL, NULL, NULL, NULL, NULL, '2022-02-19', '1', NULL, NULL, '0', '2021-12-21 05:25:55', '2021-12-21 05:28:28', NULL),
(24, 1, 0, 'iop', 'iop', 'iop', 'iop@yopmail.com', '+1-5235668668', '$2y$10$c7TJmc.dKIt/XZEFcjmuB.TXDFsRz2rKBPxuK5gBRC32vWe68FpB2', NULL, 'fjj', 'xhh', '1', '1', '2021-12-21 06:32:55', '0', NULL, NULL, NULL, NULL, NULL, NULL, NULL, NULL, '0', NULL, NULL, 0, 0, 0, NULL, NULL, NULL, NULL, NULL, NULL, NULL, '2022-02-19', '1', NULL, NULL, '0', '2021-12-21 06:32:10', '2021-12-21 06:35:37', NULL),
(25, 1, 0, 'test22', 'test22', 'test22', 'e@yopmail.com', '+1-2588085664', '$2y$10$7D4CTLwVhvSyYu8gcUo7xe0eBhuCfwnwGU/YUfKhNE5/5ZPKA5t/G', NULL, 'usa', 'california', '1', '1', '2021-12-22 09:51:45', '0', NULL, NULL, NULL, NULL, NULL, NULL, NULL, NULL, '0', NULL, NULL, 0, 0, 0, NULL, NULL, NULL, NULL, NULL, NULL, NULL, '2022-02-20', '1', NULL, NULL, '0', '2021-12-22 09:51:20', '2021-12-22 09:53:39', NULL),
(26, 1, 0, 'tyu', 'tyu', 'tyu', 'tyu@yopmail.com', '+1-5235555466', '$2y$10$ofatrsNE7QMx6vebflmbw.oTQLN9lfZrXY7Q/FIZTXXPygFBejaCm', NULL, 'vdhd', 'bdhd', '1', '1', '2021-12-22 10:52:53', '0', NULL, NULL, NULL, NULL, NULL, NULL, NULL, NULL, '0', NULL, NULL, 0, 0, 0, NULL, NULL, NULL, NULL, NULL, NULL, NULL, '2022-02-20', '1', NULL, NULL, '0', '2021-12-22 10:52:45', '2021-12-22 12:03:13', NULL),
(27, 1, 0, 'realty11', 'realty11', 'realty11', 'realty11@yopmail.com', '+1-5268655745', '$2y$10$eLrONYBtv9kAgTUi/626CeYA3Q.88/LFYX9wzk5oSaHTf4LkU2msK', '/storage/users/Rq8QjNlBBo3hYiKrZmdpQjTKMA79dNv6m9GVn16f.jpg', 'fhf', 'fjgj', '1', '1', '2021-12-22 12:36:00', '0', NULL, NULL, NULL, NULL, NULL, NULL, NULL, NULL, '0', NULL, NULL, 0, 0, 0, NULL, NULL, NULL, NULL, NULL, NULL, NULL, '2022-01-03', '1', NULL, NULL, '0', '2021-12-22 12:35:43', '2022-01-04 05:34:52', NULL),
(28, 1, 0, 'tes', 'tes', 'tes', 'tester@yopmail.com', '+1-5698685588', '$2y$10$nzq/XOHgBfWZgnwODZJd5uiXkIatjPkG1VKzG7WBDWBcOOzJN8.OS', NULL, 'gjgc', 'cjv', '1', '1', '2021-12-23 05:12:43', '0', NULL, NULL, NULL, NULL, NULL, NULL, NULL, NULL, '0', NULL, NULL, 0, 0, 0, NULL, NULL, NULL, NULL, NULL, NULL, NULL, '2022-02-25', '1', NULL, NULL, '0', '2021-12-23 05:12:19', '2021-12-27 05:01:46', NULL),
(29, 1, 0, 'jordanw', 'jordanw1570', 'jordanw1570', 'mudasir011@yopmail.com', '+1-1121886352', '$2y$10$RFvAR1BNel1ElgwWwoEffOGx/HpvSzW4DwqhMlfF1dHBwmWfy3.VO', NULL, '0987654321', 'florida', '1', '1', NULL, '0', NULL, NULL, NULL, NULL, NULL, NULL, NULL, NULL, '0', NULL, NULL, 0, 0, 0, NULL, NULL, NULL, NULL, NULL, NULL, NULL, '2021-12-23', '0', NULL, NULL, '0', '2021-12-24 04:58:55', '2021-12-24 03:04:30', NULL),
(30, 1, 0, 'realty', 'realty', 'realty', 'realty12@yopmail.com', '+1-5235422585', '$2y$10$/P0fBkapFKqj01H4m.68e.89MSEM6LxPelzgvYqQnV4QHEqXBoKgK', NULL, 'bvbb', 'cvvh', '1', '1', '2021-12-24 06:07:58', '0', NULL, NULL, NULL, NULL, NULL, NULL, NULL, NULL, '0', NULL, NULL, 0, 0, 0, NULL, NULL, NULL, NULL, NULL, NULL, NULL, '2021-12-24', '1', NULL, NULL, '0', '2021-12-24 06:07:31', '2021-12-24 06:15:20', NULL),
(31, 1, 0, 'dhh', 'dhh', 'dhh', 'realty14@yopmail.com', '+1-5236855365', '$2y$10$hpiBiGWiQ.MK/xgjS3D8yekiEKBOrfH94K9M2DbQV95g8NN6V8Jbi', NULL, 'cjif', 'dhjf', '1', '1', '2021-12-24 06:18:48', '0', NULL, NULL, NULL, NULL, NULL, NULL, NULL, NULL, '0', NULL, NULL, 0, 0, 0, NULL, NULL, NULL, NULL, NULL, NULL, NULL, '2022-03-18', '1', NULL, NULL, '0', '2021-12-24 06:18:39', '2022-03-18 08:44:25', NULL),
(32, 1, 0, 'sddf', 'sddf', 'sddf', 'realty15@yopmail.com', '+1-8454246484', '$2y$10$1rjV/vyxvI6NwqbPuIU6..Sebrf0zLCISIb2Hyk1pCp9jTeayyQi6', NULL, 'gshd', 'vdhd', '1', '1', '2021-12-24 07:29:25', '0', NULL, NULL, NULL, NULL, NULL, NULL, NULL, NULL, '0', NULL, NULL, 0, 0, 0, NULL, NULL, NULL, NULL, NULL, NULL, NULL, '2021-12-24', '1', NULL, NULL, '0', '2021-12-24 12:29:17', '2021-12-24 07:30:32', NULL),
(33, 1, 0, 'yfug', 'yfug', 'yfug', 'tester1@yopmail.com', '+1-8666986588', '$2y$10$c3RW8mfws0eFjkYJP9F3i.89umB468fpXtuUlfC4v.KBu841tUCHe', NULL, 'ghjvgh', 'gggh', '1', '1', '2021-12-24 07:37:51', '0', NULL, NULL, NULL, NULL, NULL, NULL, NULL, NULL, '0', NULL, NULL, 0, 0, 0, NULL, NULL, NULL, NULL, NULL, NULL, NULL, '2022-02-22', '1', NULL, NULL, '0', '2021-12-24 12:37:33', '2021-12-24 07:38:34', NULL),
(34, 1, 0, 'fghh', 'fghh', 'fghh', 'realty16@yopmail.com', '+1-5535955565', '$2y$10$iEaoSrSGHQBh88/QgI5f2.Jg.gqhLR1o6OphK2.iBJQWCXEscoTEu', NULL, 'hdhh', 'chcjv', '1', '1', '2021-12-27 01:57:28', '0', NULL, NULL, NULL, NULL, NULL, NULL, NULL, NULL, '0', NULL, NULL, 0, 0, 0, NULL, NULL, NULL, NULL, NULL, NULL, NULL, '2021-12-29', '1', NULL, NULL, '0', '2021-12-27 06:57:18', '2021-12-29 04:42:45', NULL),
(35, 1, 0, 'test28', 'test28', 'test28', 'we@yopmail.com', '+1-2580369147', '$2y$10$fE215EWjis39L3JcysNrg.MdcwOBtwa5L0O0beVCP8h4Q/tqEIqjq', NULL, 'a12223445555555555432233', 'usa', '1', '1', '2021-12-28 07:07:26', '0', NULL, NULL, NULL, NULL, NULL, NULL, NULL, NULL, '0', NULL, NULL, 0, 0, 0, NULL, NULL, NULL, NULL, NULL, NULL, NULL, NULL, '1', NULL, NULL, '0', '2021-12-28 12:05:07', '2021-12-28 07:07:26', NULL),
(36, 1, 0, 'tds', 'tds', 'tds', 'ab@yopmail.com', '+1-2588633444', '$2y$10$NrQqb7z7CpEiA37j/444Y.a2KJ2LIkzX7pb5PfKr5fBoIYNJQLtTC', NULL, 'ggf345678899966', 'usa', '1', '1', '2021-12-28 07:23:55', '0', NULL, NULL, NULL, NULL, NULL, NULL, NULL, NULL, '0', NULL, NULL, 0, 0, 0, NULL, NULL, NULL, NULL, NULL, NULL, NULL, '2021-12-28', '1', NULL, NULL, '0', '2021-12-28 12:23:31', '2021-12-28 07:33:15', NULL),
(37, 2, 36, 'testing', 'testing', 'testing', 'cv@yopmail.com', '+1-8500663332', '$2y$10$a8lzxFEcBY4079nxExgSp.VuFYoZsKRn5npBI6GHQOHp3ZWgPUeN.', '/storage/customer/e7F46PtwOpFB4nKaJvAaUwXEcHB62DNclYLvDcUX.jpg', NULL, NULL, '1', '0', NULL, '0', NULL, NULL, NULL, NULL, NULL, 'dff345', NULL, NULL, '0', NULL, NULL, 0, 0, 0, NULL, NULL, NULL, NULL, NULL, NULL, NULL, NULL, '0', NULL, NULL, '0', '2021-12-28 12:39:05', '2021-12-28 07:39:05', NULL),
(38, 1, 0, 'jordanw', 'jordanw1237', 'jordanw1237', 'jhondoe1@yopmail.com', '+1-1221886352', '$2y$10$C2AzpqNcBS8CLlDipCaiPeipitwugh44KRfg2Cwpgnag25Pcswxfq', NULL, '0987654321', 'florida', '1', '1', NULL, '0', NULL, NULL, NULL, NULL, NULL, NULL, NULL, NULL, '0', NULL, NULL, 0, 0, 0, NULL, NULL, NULL, NULL, NULL, NULL, NULL, '2021-12-26', '0', NULL, NULL, '0', '2021-12-29 11:32:15', '2021-12-30 03:46:36', NULL),
(39, 1, 0, 'tst29', 'tst29', 'tst29', 'tc@yopmail.com', '+1-2509331447', '$2y$10$CtR/AlNHPp47fCIen3atFeyHB.SsOipNaRkmzGpZV4OdELxbpG0dq', NULL, 'u355634', 'usa', '1', '1', '2021-12-29 08:15:40', '0', NULL, NULL, NULL, NULL, NULL, NULL, NULL, NULL, '0', NULL, NULL, 0, 0, 0, NULL, NULL, NULL, NULL, NULL, NULL, NULL, NULL, '1', NULL, NULL, '0', '2021-12-29 13:14:49', '2021-12-29 08:15:40', NULL),
(40, 1, 0, 'test ming', 'test-ming', 'test-ming', 'tm@yopmail.com', '+1-5856685445', '$2y$10$r.kAHs4EcTGxK64ala5pluqnwcvCJLFovdb2q3KYgWIkI5RUexsDm', NULL, 'gfgg57778', 'usa', '1', '1', '2021-12-29 08:23:31', '0', NULL, NULL, NULL, NULL, NULL, NULL, NULL, NULL, '0', NULL, NULL, 0, 0, 0, NULL, NULL, NULL, NULL, NULL, NULL, NULL, '2021-12-29', '1', NULL, NULL, '0', '2021-12-29 13:22:58', '2021-12-29 08:59:26', NULL),
(41, 1, 0, 'tsts', 'tsts', 'tsts', 'mn@yopmail.com', '+1-5486484884', '$2y$10$XHGtGgS6SqsQRdmZbHfue.kWf2zSf0kSWkxDF4h5.wRou8aBRd6CS', NULL, 'bbaba', 'havba', '1', '1', '2021-12-29 09:01:41', '0', NULL, NULL, NULL, NULL, NULL, NULL, NULL, NULL, '0', NULL, NULL, 0, 0, 0, NULL, NULL, NULL, NULL, NULL, NULL, NULL, '2021-12-29', '1', NULL, NULL, '0', '2021-12-29 14:00:50', '2021-12-29 09:17:27', NULL),
(42, 1, 0, 'tested', 'tested', 'tested', 'ssd@yopmail.com', '+1-5888969666', '$2y$10$uApkOHC8oqvG4ouxJMl2B.D/wnNJD5nzOWWyzascX1tmuedNBBfuS', NULL, 'gagg678', 'dbdb', '1', '1', '2021-12-29 09:20:43', '0', NULL, NULL, NULL, NULL, NULL, NULL, NULL, NULL, '0', NULL, NULL, 0, 0, 0, NULL, NULL, NULL, NULL, NULL, NULL, NULL, '2021-12-29', '1', NULL, NULL, '0', '2021-12-29 14:20:35', '2021-12-29 09:22:39', NULL),
(43, 1, 0, 'testings', 'testings', 'testings', 'en@yopmail.com', '+1-5545466788', '$2y$10$iZqPO7Mwc1OJBTYOzZCftuMDeg4lBZwghC4mSJxVECXD8pWcGWfk6', NULL, 'h77272', 'usa', '1', '1', '2021-12-29 09:27:39', '0', NULL, NULL, NULL, NULL, NULL, NULL, NULL, NULL, '0', NULL, NULL, 0, 0, 0, NULL, NULL, NULL, NULL, NULL, NULL, NULL, '2022-02-28', '1', NULL, NULL, '0', '2021-12-29 14:24:32', '2021-12-30 04:17:59', NULL),
(44, 1, 0, 'hhh', 'hhh', 'hhh', 'cc@yopmail.com', '+1-8004444444', '$2y$10$FqAYDWrxHj7lhjp9xDezh.135qaLPn66GfOMv3W5zU2UKFoj.M6Vi', NULL, 'bbb', 'nnnn', '1', '1', '2021-12-29 09:35:24', '0', NULL, NULL, NULL, NULL, NULL, NULL, NULL, NULL, '0', NULL, NULL, 0, 0, 0, NULL, NULL, NULL, NULL, NULL, NULL, NULL, '2021-12-30', '1', NULL, NULL, '0', '2021-12-29 14:35:08', '2021-12-30 00:22:56', NULL),
(45, 1, 0, 'usertest', 'usertest', 'usertest', 'us@yopmail.com', '+1-2884645848', '$2y$10$1zAWv7N1wIKHHZY4ROuZquD5JwkRtqU415TFuIKQJY3.9s.o1S7q6', NULL, 'USA', 'usa', '1', '1', '2021-12-30 03:55:52', '0', NULL, NULL, NULL, NULL, NULL, NULL, NULL, NULL, '0', NULL, NULL, 0, 0, 0, NULL, NULL, NULL, NULL, NULL, NULL, NULL, '2022-02-28', '1', NULL, NULL, '0', '2021-12-30 08:55:39', '2021-12-30 04:04:52', NULL),
(46, 1, 0, 'test user', 'test-user', 'test-user', 'ts@yopmail.com', '+1-5758464684', '$2y$10$JvyuJnE5RsmU7yboqlRb3O4J0wYnF/cq3GfhecW0kOvgzMimrUzKi', NULL, 'hah6722', 'usa', '1', '1', '2021-12-30 07:23:55', '0', NULL, NULL, NULL, NULL, NULL, NULL, NULL, NULL, '0', NULL, NULL, 0, 0, 0, NULL, NULL, NULL, NULL, NULL, NULL, NULL, NULL, '1', NULL, NULL, '0', '2021-12-30 12:23:31', '2021-12-30 07:23:55', NULL),
(47, 1, 0, 'tst user', 'tst-user', 'tst-user', 'tusr@yopmail.com', '+1-2586633114', '$2y$10$0zhvI685/QSzf1hk1EqMeek2o1p/IA6S8WsRfWLrVAEi3wwIpdcoC', NULL, 'ty355', 'usa', '1', '1', '2021-12-30 07:36:26', '0', NULL, NULL, NULL, NULL, NULL, NULL, NULL, NULL, '0', NULL, NULL, 0, 0, 0, NULL, NULL, NULL, NULL, NULL, NULL, NULL, '2021-12-30', '1', NULL, NULL, '0', '2021-12-30 12:32:58', '2021-12-30 07:37:36', NULL),
(48, 2, 47, 'testlead', 'testlead', 'testlead', 'dec@yopmail.com', '+1-2556768708', '$2y$10$nk5jtFJ/xa1kJZrRhHPuxOgQKrXtafUMP4h2NM9OreXat/P2eIB7S', '/storage/customer/C5KmSWt0f6GKDo2GtKCEzJt6ohgkzTY3q5bJ8wPc.jpg', NULL, NULL, '1', '1', '2021-12-30 10:35:29', '0', NULL, NULL, NULL, NULL, NULL, 'hahja', NULL, NULL, '0', NULL, NULL, 0, 0, 0, NULL, NULL, NULL, NULL, NULL, NULL, NULL, NULL, '1', NULL, NULL, '0', '2021-12-30 15:28:36', '2021-12-30 10:35:29', NULL),
(49, 2, 43, 'nov', 'nov', 'nov', 'nov@yopmail.com', '+1-2555555508', '$2y$10$nurX.8Sm0RgFjVG4oiRDUuUKvX5HKMI5imTU/bSrwtNF6bwCE6We2', '/storage/customer/nk2Mpe1J7sd3rhWs94qi6Ljit09XIZLtvbgCQVfp.jpg', NULL, NULL, '1', '1', '2021-12-30 10:34:49', '0', NULL, NULL, NULL, NULL, NULL, 'tgj', NULL, NULL, '0', NULL, NULL, 0, 0, 0, NULL, NULL, NULL, NULL, NULL, NULL, NULL, NULL, '1', NULL, NULL, '0', '2021-12-30 15:33:44', '2021-12-30 10:34:49', NULL),
(50, 2, 43, 'sep', 'sep', 'sep', 'sep@yopmail.com', '+1-2585336965', '$2y$10$X6ygqp3tCVAn6ff93T6a.O/qesBVQHylD3DmFRLYjGTrby5GoRZ/W', '/storage/customer/LnAJ5xTtmLO00JMZC9GOVKYf1Nigz2CeZY1hBv9W.jpg', NULL, NULL, '1', '1', '2021-12-30 10:45:46', '0', NULL, NULL, NULL, NULL, NULL, 'ggyh', NULL, NULL, '0', NULL, NULL, 0, 0, 0, NULL, NULL, NULL, NULL, NULL, NULL, NULL, NULL, '1', NULL, NULL, '0', '2021-12-30 15:45:19', '2021-12-30 10:45:46', NULL),
(51, 2, 47, 'aug', 'aug', 'aug', 'aug@yopmail.com', '+1-5886688555', '$2y$10$Ku0rrQlNsodS3WXcFeWSmeUV5JXctVsdYJq5Tvd1P8jS6/XJ.sEPi', '/storage/customer/7DIOsAHXOZKlwo3n0XX1W8OWD9Vi5jIOrmTpXIUW.jpg', NULL, NULL, '1', '1', '2021-12-30 10:50:44', '0', NULL, NULL, NULL, NULL, NULL, 'fcg', NULL, NULL, '0', NULL, NULL, 0, 0, 0, NULL, NULL, NULL, NULL, NULL, NULL, NULL, NULL, '1', NULL, NULL, '0', '2021-12-30 15:50:14', '2021-12-30 10:50:44', NULL),
(52, 1, 0, 'fgy', 'fgy', 'fgy', 'tester3@yopmail.com', '+1-5623556557', '$2y$10$xGXQvXIZFTuC2LyjBQI0WOQfiMTNxm1fRWe.FFOStx.uz3xxprJ82', NULL, 'fyh', 'ghj', '1', '1', '2021-12-31 04:51:22', '0', NULL, NULL, NULL, NULL, NULL, NULL, NULL, NULL, '0', NULL, NULL, 0, 0, 0, NULL, NULL, NULL, NULL, NULL, NULL, NULL, NULL, '1', NULL, NULL, '0', '2021-12-31 09:50:53', '2021-12-31 04:51:22', NULL),
(53, 2, 33, 'lead', 'lead', 'lead', 'lead1@yopmail.com', '+1-6235626656', '$2y$10$T3bac91lJdHjdVUSDHqlLeIY1Lh/LQlKwjGupQUGtJ.uDHg1Zfd4.', '/storage/customer/FrIY7Cv86HqzhmLVkmW061oObM5XGOWi3lTXw5dd.jpg', NULL, NULL, '1', '0', NULL, '0', NULL, NULL, NULL, NULL, NULL, 'vgh', NULL, NULL, '0', NULL, NULL, 0, 0, 0, NULL, NULL, NULL, NULL, NULL, NULL, NULL, NULL, '0', NULL, NULL, '0', '2021-12-31 10:36:03', '2021-12-31 05:36:04', NULL),
(54, 2, 27, 'realty11', 'realty111276', 'realty111276', 'cus11@yopmail.com', '+1-5332656868', '$2y$10$ic7QkRBeRiGRNVkmeVMYt.A1dW6LSJFLaxfJ37w27NcxdPS9JeWgi', '/storage/customer/asBF8eC1TDqs9TByUxKYbbmogrmOT54fsJMWTAPO.jpg', NULL, NULL, '1', '1', '2022-01-03 06:33:23', '0', NULL, NULL, NULL, NULL, NULL, 'xhc', NULL, NULL, '0', NULL, NULL, 0, 0, 0, NULL, NULL, NULL, NULL, NULL, NULL, NULL, NULL, '1', NULL, NULL, '0', '2022-01-03 11:33:11', '2022-01-25 04:11:04', NULL),
(55, 1, 0, 'tat', 'tat', 'tat', 'tat@gmail.com', '+1-800555555', '$2y$10$EzV3exGqvR5Zvo.jiAi5v.ebzyDh5ycrDA0cPI8vnfAT03AY7RnR2', NULL, 'ss3456666777754444', 'usa', '1', '0', NULL, '0', NULL, NULL, NULL, NULL, NULL, NULL, NULL, NULL, '0', NULL, NULL, 0, 0, 0, NULL, NULL, NULL, NULL, NULL, NULL, NULL, NULL, '0', NULL, NULL, '0', '2022-01-13 14:23:42', '2022-01-13 09:23:42', NULL),
(56, 1, 0, 'tst', 'tst', 'tst', 'testemail@yopmail.com', '+1-8002222222', '$2y$10$nfoxdLITh.Ygce.lsvnEaOVRPsQzu6drO7JYiLSjUFsuXPh.tXShq', NULL, 'usa123', 'usa', '1', '0', NULL, '0', NULL, NULL, NULL, NULL, NULL, NULL, NULL, NULL, '0', NULL, NULL, 0, 0, 0, NULL, NULL, NULL, NULL, NULL, NULL, NULL, NULL, '0', NULL, NULL, '0', '2022-01-13 14:28:57', '2022-01-13 09:28:57', NULL),
(57, 1, 0, 'test', 'test', 'test', 'tat@mailinator.com', '+1-8006666666', '$2y$10$N4Q1fXoL2BOX6e1AWCOwW.oSitjRQZBiSOtraOKXmjsfhyLb8pn5m', NULL, 'usa123', 'usa', '1', '1', '2022-01-13 09:36:27', '0', NULL, NULL, NULL, NULL, NULL, NULL, NULL, NULL, '0', NULL, NULL, 0, 0, 0, NULL, NULL, NULL, NULL, NULL, NULL, NULL, '2022-01-13', '1', NULL, NULL, '0', '2022-01-13 14:30:19', '2022-01-21 10:04:50', NULL),
(58, 1, 0, 'arkne', 'arkne', 'arkne', 'arkane303@gmail.com', '+1-6526595595', '$2y$10$gQFXiWyFM0ofvWSSiksmeubYq5cbCcqYB7BT0NT7dkCttXoCktCyO', NULL, 'hhhj', 'jjjl', '1', '1', '2022-01-14 07:42:49', '0', NULL, NULL, NULL, NULL, NULL, NULL, NULL, NULL, '0', NULL, NULL, 0, 0, 0, NULL, NULL, NULL, NULL, NULL, NULL, NULL, '2022-03-15', '1', NULL, NULL, '0', '2022-01-14 12:42:16', '2022-01-14 07:44:26', NULL),
(59, 1, 0, 'DeLinda Armstrong', 'delinda-armstrong1338', 'delinda-armstrong1338', 'dlndakarmstrong@gmail.com', '+1-7033600696', '$2y$10$vijiMPx1T8j3GtxtcLBR5.UYSijQhnAZd6Umm5thwEEHqfp/L/4s2', '/storage/users/SuAcTVSVHdESRywvGM7n6ey5XUZ4C8S7zTXTXYuR.jpg', '582843', 'TX, VA', '1', '1', '2022-01-14 19:55:24', '0', NULL, NULL, NULL, NULL, NULL, NULL, NULL, NULL, '0', NULL, NULL, 0, 0, 0, 'https://www.realtytek.net', 'I am a tech founder and real estate professional that values agents. Looking forward to elevating your services to the next level with useful tech that helps you close deals.', 'Your business in the palm of your hand.', '/storage/users/qHrnG7KBUUFYXM2EgWZ16r5uVdoWW74xQFF1dqOA.jpg', '/storage/users/iOe0YeFohv2S3J7GTFiBx1yTMP1tMnaIpyP0RJgf.jpg', 'Realtytek', 'A Digital Sales Cycle', NULL, '1', NULL, NULL, '0', '2022-01-15 00:53:58', '2022-02-02 09:16:08', NULL),
(60, 1, 0, 'jordanw', 'jordanw1942', 'jordanw1942', 'jhondoehokan@yopmail.com', '+1-1221886358', '$2y$10$LG7PcP4ulZ9uswqK8Pmg2O0wZZB0MrhWrUONty0PAvXxL/h9LoRoC', NULL, '0987654321', 'florida', '1', '1', '2022-01-31 05:34:18', '0', NULL, NULL, NULL, NULL, NULL, NULL, NULL, NULL, '0', NULL, NULL, 0, 0, 0, NULL, NULL, NULL, NULL, NULL, NULL, NULL, NULL, '1', NULL, NULL, '0', '2022-01-31 10:33:44', '2022-01-31 05:34:18', NULL),
(61, 2, 60, '1peter', '1peter', '1peter', '1peter1@yopmail.com', '+1-15921652200', '$2y$10$LfP72GxhU6xWiBisO5xh0uWrfrF8R3siYRaYOzP59Nu73xIIp09La', '/storage/customer/fuNsaMtztmfZPFe5W3Y6sSB7EazVIWCI2Pe6I7Mz.jpg', NULL, NULL, '1', '0', NULL, '0', NULL, NULL, NULL, NULL, NULL, 'none', NULL, NULL, '0', NULL, NULL, 0, 0, 0, NULL, NULL, NULL, NULL, NULL, NULL, NULL, NULL, '0', NULL, NULL, '0', '2022-02-01 06:57:20', '2022-02-01 01:57:20', NULL),
(62, 2, 60, '1peter', '1peter1290', '1peter1290', 'jhone@yopmail.com', '+1-15121652200', '$2y$10$UTcstlLTOJKqDTVDicHzye6V3DdDjRHw4gk0F08miE.VQemxMdQwi', '/storage/customer/DTdAaA8raDzKfpFxDigSOE3QDPEUercoJfUc4OGH.jpg', NULL, NULL, '1', '0', NULL, '0', NULL, NULL, NULL, NULL, NULL, 'none', NULL, NULL, '0', NULL, NULL, 0, 0, 0, NULL, NULL, NULL, NULL, NULL, NULL, NULL, NULL, '0', NULL, NULL, '0', '2022-02-01 13:36:12', '2022-02-01 08:36:12', NULL),
(63, 1, 0, 'jordanw1', 'jordanw1', 'jordanw1', 'jhondoehokan1@yopmail.com', '+1-1221886398', '$2y$10$d9Lk3I.0LzW9e9Zg0fWlp.F7Vbj2BZlG9K5Lq11SPLVJAIvQojwLm', NULL, '0987654321', 'florida', '1', '0', NULL, '0', NULL, NULL, NULL, NULL, NULL, NULL, NULL, NULL, '0', NULL, NULL, 0, 0, 0, NULL, NULL, NULL, NULL, NULL, NULL, NULL, NULL, '0', NULL, NULL, '0', '2022-02-03 05:23:47', '2022-02-03 00:23:47', NULL),
(64, 1, 0, 'Andrew', 'andrew', 'andrew', 'andrew@retrocubellc.com', '+1-4698096608', '$2y$10$8Z7b3OuFylXQiVD7fRd.UOMVLWjn5cUp01pCVmmY3Jv5cNZixETni', NULL, '2252345', 'Missouri', '1', '1', '2022-02-03 15:30:58', '0', NULL, NULL, NULL, NULL, NULL, '1234 Hilary St, Houston, Texas 77026', NULL, NULL, '0', NULL, NULL, 0, 0, 0, 'https://www.realtytek.net', 'My business', 'Something Clever', '/storage/users/guorhyN485l26gSP0xlPrk0944XyCGJY7r93pmFS.jpg', '/storage/users/cAJVLMlA7q00hi5Lh4meAWqeT9BShdAFWMXg9gJl.jpg', 'ABC Realty', 'Buyers Agent', '2022-02-03', '1', NULL, NULL, '0', '2022-02-03 20:30:32', '2022-02-21 13:13:43', NULL),
(67, 2, 64, 'Alonzo Armstrong', 'alonzo-armstrong', 'alonzo-armstrong', 'karmstrong1968@gmail.com', '+1-2813825105', '$2y$10$zAXLGqJCY6brUBMXQPuBrO0IZ9oQ9or/TQtxm8avS0mUUCiWVS7uC', '/storage/customer/js8bB6eSeqwvuumd8s6qacfJcvcbrNfukp0wffPa.jpg', NULL, NULL, '1', '1', '2022-02-22 14:00:40', '0', NULL, NULL, NULL, NULL, NULL, '2537 James David Way, Alexandria 22306', NULL, NULL, '0', NULL, NULL, 0, 0, 0, NULL, NULL, NULL, NULL, NULL, NULL, NULL, NULL, '1', NULL, NULL, '0', '2022-02-08 01:49:57', '2022-02-22 14:00:40', NULL),
(68, 2, 64, 'Dee Dee Armstrong', 'dee-dee-armstrong', 'dee-dee-armstrong', 'karlndelinda@outlook.com', '+1-7037218107', '$2y$10$9Ha7AobDJ9wc4OJ3Ar3BJOdEoPV7A5KAOsoa659WOxZWaN881kRbq', '/storage/customer/vEtLLwoyCC4WHt9DHKWFvbQrtfmAQ7tTpt83yGcm.jpg', NULL, NULL, '1', '0', NULL, '0', NULL, NULL, NULL, NULL, NULL, '7003 Cherry Hills Rd, Houston, TX 77069', NULL, NULL, '0', NULL, NULL, 0, 0, 0, NULL, NULL, NULL, NULL, NULL, NULL, NULL, NULL, '0', NULL, NULL, '0', '2022-02-11 19:09:13', '2022-02-11 14:09:13', NULL),
(69, 1, 0, 'cca', 'cca', 'cca', 'cc10@yopmail.com', '+1-800444444', '$2y$10$2rMi533K6CZp8sTOwFwWU.4KrEX7SUl5Au4mhC0vgKYl555ZrujNm', NULL, '11', 'hhh', '1', '1', '2022-02-15 00:23:47', '0', NULL, NULL, NULL, NULL, NULL, NULL, NULL, NULL, '0', NULL, NULL, 0, 0, 0, NULL, NULL, NULL, NULL, NULL, NULL, NULL, NULL, '1', NULL, NULL, '0', '2022-02-15 05:23:31', '2022-02-15 00:23:47', NULL),
(70, 1, 0, 'rty', 'rty', 'rty', 'rty@yopmail.com', '+1-8524345454', '$2y$10$/j1klqsAdFljxG2J0LcAzutZKwc9VAxapoiN72zgalgCOKjJh0bG.', NULL, 'asd899', 'aaa', '1', '1', '2022-02-15 06:49:41', '0', NULL, NULL, NULL, NULL, NULL, 'mmmm', NULL, NULL, '0', NULL, NULL, 0, 0, 0, 'https://www.google.com', 'good to', 'toto', '/storage/users/9vvjXtCubragB4dpZ36lzBJ0mkGCrvr1IosO2EXf.jpg', NULL, 'Manola yob', 'asdfgh', NULL, '1', NULL, NULL, '0', '2022-02-15 11:49:14', '2022-02-15 06:55:53', NULL),
(71, 1, 0, 'Rosa Em', 'agent', 'agent', 'agent@yopmail.com', '+1-8536523655', '$2y$10$dylivbiyp1ahVPC6bgAqSOwvaSlpms0fFDUNtqVzJaMylfkX5L2NS', '/storage/users/Hz4Fg41cEApV4K2cHaMqmy0IRXZDyvvWycO41xwt.jpg', '12824', 'Washington', '1', '1', '2022-02-16 05:30:29', '0', NULL, NULL, NULL, NULL, NULL, NULL, NULL, NULL, '0', NULL, NULL, 0, 0, 0, NULL, NULL, NULL, NULL, '/storage/users/RT4VGh6KMqR5rrCAlJtiwfJgCaoPFV2TkTF62M5g.jpg', NULL, NULL, '2022-07-13', '1', NULL, '/storage/users/UesNLhn8ABW37wkBeOAb0OiBx3mHkwoFBIhWaT76.pdf', '0', '2022-02-16 10:29:32', '2022-07-13 10:51:09', NULL),
(72, 1, 0, 'jordanw1', 'jordanw11272', 'jordanw11272', 'jhondoehok@yopmail.com', '+1-1221886391', '$2y$10$8xuPO.Rb3bsp6Yi4x4O8c.h9y5PAK0k.o0y.92Gcb.Tpdt8nNXA8W', NULL, '0987654321', 'florida', '1', '1', '2022-02-16 06:24:26', '0', NULL, NULL, NULL, NULL, NULL, NULL, NULL, NULL, '0', NULL, NULL, 0, 0, 0, NULL, NULL, NULL, NULL, NULL, NULL, NULL, NULL, '1', NULL, NULL, '0', '2022-02-16 11:24:09', '2022-02-16 06:24:26', NULL),
(73, 2, 3, 'client', 'client', 'client', 'customer@yopmail.com', '+1-8568536555', '$2y$10$hC8vtOUEUPsARLue0.IYcuuNZv8kijVZL0b98rvY1HTByNinzGBEi', '/storage/customer/wqYBwnVk2aG7LomuvssPsua6JVAgj2GK7Sj8fAKU.jpg', NULL, NULL, '1', '1', '2022-02-16 06:43:17', '0', NULL, NULL, 'nmmm', 'nnmn', NULL, 'nnnnn', NULL, NULL, '0', NULL, NULL, 0, 0, 0, NULL, NULL, NULL, NULL, NULL, NULL, NULL, NULL, '1', NULL, NULL, '1', '2022-02-16 11:41:58', '2022-03-07 09:44:54', NULL),
(74, 2, 71, 'customer', 'cust', 'cust', 'cust@yopmail.com', '+1-8524785422', '$2y$10$s0K.62I.a6SXMHnqnrRNKO5sFjNnEQeRBdaYzrP.2FjZ/QBqQUpbu', '/storage/customer/oFVEj4DstkCOdTGtmmSkjL76um7MyerpZuMPeD6T.jpg', NULL, NULL, '1', '0', NULL, '0', NULL, NULL, 'arlington', 'washington', '10001', 'bnmm', NULL, NULL, '0', NULL, NULL, 0, 0, 0, NULL, NULL, NULL, NULL, NULL, NULL, NULL, NULL, '0', NULL, NULL, '0', '2022-02-17 06:23:14', '2022-02-17 01:38:52', NULL),
(75, 2, 71, 'cust 2', 'cust-2', 'cust-2', 'cust2@yopmail.com', '+1-9662542414', '$2y$10$ob/C7/1YMQ8pwHJe9nBpI.gNWf5WS/2fK6ZsuqIqob/h2VDNSU7lu', NULL, NULL, NULL, '1', '1', NULL, '0', NULL, NULL, 'Arlington', 'Washington', '10001', 'mmmmmmm', NULL, NULL, '0', NULL, NULL, 0, 0, 0, NULL, NULL, NULL, NULL, NULL, NULL, NULL, NULL, '0', NULL, NULL, '0', '2022-02-17 06:39:50', '2022-02-17 01:47:23', NULL),
(76, 2, 71, 'custo 3', 'custo-3', 'custo-3', 'custo3@yopmail.com', '+1-8523685236', '$2y$10$enTllnNWZxY6pUPEyomezOqPTJm/exCPaROxY/TbDToAbBN2rbjCG', '/storage/customer/CmkoFGiGLoZKrJ6WRydCauoY6zlYFzNSu3pFUF5J.jpg', NULL, NULL, '1', '1', NULL, '0', NULL, NULL, 'arlington', 'Washington', '10001', 'mnb', NULL, NULL, '0', NULL, NULL, 0, 0, 0, NULL, NULL, NULL, NULL, NULL, NULL, NULL, NULL, '0', NULL, NULL, '0', '2022-02-21 07:22:27', '2022-02-24 05:10:29', NULL),
(77, 2, 71, 'custo4', 'custo4', 'custo4', 'custo4@yopmail.com', '+1-8525464954', '$2y$10$1EI/UVICbYq5M4UgN4iKfuTAzHMDPgQG6DEFauOm2z6gESHYsXKuK', '/storage/customer/yqClxlL764eTDrVpUyNz0VOrNiBhtEIVoBCT9TUq.jpg', NULL, NULL, '1', '1', '2022-02-22 00:59:23', '0', NULL, NULL, 'arlington', 'Washington', '1001', 'mmmmm', NULL, NULL, '0', NULL, NULL, 0, 0, 0, NULL, NULL, NULL, NULL, NULL, NULL, NULL, NULL, '1', NULL, NULL, '1', '2022-02-22 05:58:43', '2022-02-24 05:05:48', NULL),
(78, 2, 72, 'robbin', 'robbin', 'robbin', 'jhone1@yopmail.com', '+1-2024342244', '$2y$10$dgXXbcT0V0anDCbRfxeniuFBmfoMJAcIcrWuoa7M3v/jVYigFk22K', '/storage/customer/2LazDXqUZr1X35do4X7lPNFNT2Yj6pSPedsq5xB3.jpg', NULL, NULL, '1', '1', NULL, '0', NULL, NULL, NULL, NULL, NULL, 'usa', NULL, NULL, '0', NULL, NULL, 0, 0, 0, NULL, NULL, NULL, NULL, NULL, NULL, NULL, NULL, '0', NULL, NULL, '1', '2022-02-24 08:25:03', '2022-02-24 03:27:21', NULL),
(79, 2, 71, 'custo5', 'custo5', 'custo5', 'custo5@yopmail.com', '+1-8524346451', '$2y$10$2C.ofBHK33mwemCSXAl0Ee3UOfNoxe5Owj1Y.SV7ZmpOMiRLd0pHm', NULL, NULL, NULL, '1', '1', '2022-02-24 05:20:28', '0', NULL, NULL, 'mmmmppq', 'mmm', '10001', 'mmmm', NULL, NULL, '0', NULL, NULL, 0, 0, 0, NULL, NULL, NULL, NULL, NULL, NULL, NULL, NULL, '1', NULL, NULL, '1', '2022-02-24 10:19:58', '2022-02-24 05:39:52', NULL),
(80, 2, 71, 'custo6', 'custo6', 'custo6', 'custo6@yopmail.com', '+1-8536536636', '$2y$10$LnygPDzDfhjWLvRPGqJSQ.lPR6M5Xhbp8zInUrTokd4Eq3vlJ1V0.', NULL, NULL, NULL, '1', '1', '2022-02-24 06:39:09', '0', NULL, NULL, 'mmmm', 'mmmm', '10001', 'mmmmm', NULL, NULL, '0', NULL, NULL, 0, 0, 0, NULL, NULL, NULL, NULL, NULL, NULL, NULL, NULL, '1', NULL, NULL, '1', '2022-02-24 11:38:09', '2022-02-24 06:51:30', NULL),
(81, 1, 0, 'johnson charles', 'johnson', 'johnson', 'johnson@yopmail.com', '+1-5412345678', '$2y$10$hfLc20g0inv1HszhC60RcehDJ/NUnlYpqNc8hRl/oPp7sP93fYzI6', '/storage/users/D5o9XlTPmxqhhgrRjpNUkrUU7v96CFWUAmk7fKQs.jpg', 'lic-12345', 'state A', '1', '1', '2022-02-28 03:06:41', '0', NULL, NULL, NULL, NULL, NULL, 'test address for realator', NULL, NULL, '0', NULL, NULL, 0, 0, 0, 'https://www.google.com', 'test abc about us test abc about us test abc about us test abc about us test abc about us test abc about us \n\ntest abc about us test abc about us test abc about us bbbj', 'tag 1', NULL, '/storage/users/cXIPuagpqc3QbhSX4jeZxBhUQQbIlgZu0ZJ9Uckm.jpg', 'test company', 'company description', '2022-02-28', '1', NULL, '/storage/users/xPekcyEfCXOUe0gSUomjeV9idj9alNiiM3H4CeyN.pdf', '0', '2022-02-28 08:06:12', '2022-02-28 04:06:16', NULL),
(82, 2, 81, 'customer', 'customer', 'customer', 'customer.abc@yopmail.com', '+1-5412356478', '$2y$10$C2Y/fUVyp/NZzrhwluUxXOIu2CB88t2cwwVYuJQnOTL9eSN32b.oG', NULL, NULL, NULL, '1', '1', '2022-02-28 05:13:43', '0', NULL, NULL, 'new york', 'state Abc', '12345', 'abc str', NULL, NULL, '0', NULL, NULL, 0, 0, 0, NULL, NULL, NULL, NULL, NULL, NULL, NULL, NULL, '1', NULL, NULL, '0', '2022-02-28 08:45:56', '2022-02-28 05:13:43', NULL),
(83, 2, 81, 'andrew', 'andrew1849', 'andrew1849', 'maddy@retrocubellc.com', '+1-4698096609', '$2y$10$XguIGLXi.E7q9FjgKUln9.jVk2KKc2ObCNdhylmaxrlNKcwZ4ORrW', NULL, NULL, NULL, '1', '1', '2022-02-28 13:16:36', '0', NULL, NULL, 'nebraska', 'alaska', '46652', 'agah', NULL, NULL, '0', NULL, NULL, 0, 0, 0, NULL, NULL, NULL, NULL, NULL, NULL, NULL, NULL, '1', NULL, NULL, '1', '2022-02-28 18:14:51', '2022-02-28 13:17:52', NULL),
(84, 2, 81, 'Anna Delvay', 'anna-delvay', 'anna-delvay', 'Delindak@getcaptureapp.com', '+1-2127779311', '$2y$10$MGiHp6.gGzSTvVYCWdU5F.ISbVamerFkcQaWmoRCXZ.0Urj4VpEau', '/storage/customer/zkud7YAvmpoWjvX6FM3gdJh57X1Tz8lMsZcFBbCW.jpg', NULL, NULL, '1', '1', '2022-02-28 21:43:05', '0', NULL, NULL, NULL, NULL, NULL, '1234 Fake Street, New York, NY 20001', NULL, NULL, '0', NULL, NULL, 0, 0, 0, NULL, NULL, NULL, NULL, NULL, NULL, NULL, NULL, '1', NULL, NULL, '0', '2022-03-01 00:01:32', '2022-02-28 21:43:05', NULL),
(85, 2, 81, 'ashton', 'ashton', 'ashton', 'ashton@yopmail.com', '+1-5412345671', '$2y$10$Q/5ywNPHAmAsYDneVQVpw.jWFTwszxKxoq9L2AF1TOn8PdDYAF2vO', NULL, NULL, NULL, '1', '0', NULL, '0', NULL, NULL, 'city a', 'abc state', 'qwe123', 'st 1', NULL, NULL, '0', NULL, NULL, 0, 0, 0, NULL, NULL, NULL, NULL, NULL, NULL, NULL, NULL, '0', NULL, NULL, '0', '2022-03-02 10:08:32', '2022-03-02 05:08:32', NULL),
(86, 1, 0, 'agent1', 'agent1', 'agent1', 'agent1@yopmail.com', '+1-8563256553', '$2y$10$fv0FBvjWON/6Zr.8ALTl8eOnwsIU1NtOXcyR8rZ3/3ZVnVwQYVlOG', '/storage/users/H1S2GAgMz5xncqEEaZwSl8yOMkKzQlbtMQB6WXqq.jpg', '96877', 'Washington', '1', '1', '2022-03-04 02:16:53', '0', NULL, NULL, NULL, NULL, NULL, NULL, NULL, NULL, '0', NULL, NULL, 0, 0, 0, NULL, NULL, NULL, NULL, NULL, NULL, NULL, NULL, '1', NULL, '/storage/users/EPmNpJQvxhoEvwkqKtDcha1aXw3tqUaCF6TMbnUv.pdf', '0', '2022-03-04 07:16:36', '2022-03-04 02:18:03', NULL),
(87, 1, 0, 'jordanw1', 'jordanw11543', 'jordanw11543', 'jhondoehok11@yopmail.com', '+1-1221886392', '$2y$10$FBhMhZ4bjKUFfW6eJu1OtuJvWRN0QpAOE70.rnTcv2SfoJ5FuzD.C', NULL, '0987654321', 'florida', '1', '1', NULL, '0', NULL, NULL, NULL, NULL, NULL, NULL, NULL, NULL, '0', NULL, NULL, 0, 0, 0, NULL, NULL, NULL, NULL, NULL, NULL, NULL, NULL, '0', NULL, NULL, '0', '2022-03-07 12:29:28', '2022-03-07 07:29:28', NULL),
(88, 2, 71, 'custo7', 'custo7', 'custo7', 'custo7@yopmail.com', '+1-5423454546', '$2y$10$3mAFLZomfCAQ.iequH4OauRDe9Gui.b96MUAslqv8WOjRHPpDpO.6', '/storage/customer/QRiYAUA3rEfIpusInkhFmr1hzYj6IsUtDYbWXolN.jpg', NULL, NULL, '1', '1', NULL, '0', NULL, NULL, 'nnmnbb', 'nnnmn', '73681', 'mmmmmm', NULL, NULL, '0', NULL, NULL, 0, 0, 0, NULL, NULL, NULL, NULL, NULL, NULL, NULL, NULL, '0', NULL, NULL, '1', '2022-03-08 09:54:26', '2022-05-19 05:43:36', NULL),
(89, 1, 0, 'james', 'james', 'james', 'james@yopmail.com', '+1-2025550139', '$2y$10$KyfEgBkHxxvgsmoNsPlupuw1RiUNCWFTGn/.nELWn6AM1W43gm07K', NULL, '1250', 'CAA', '1', '1', NULL, '0', NULL, NULL, NULL, NULL, NULL, NULL, NULL, NULL, '0', NULL, NULL, 0, 0, 0, NULL, NULL, NULL, NULL, NULL, NULL, NULL, NULL, '0', NULL, NULL, '0', '2022-03-11 12:57:58', '2022-03-13 11:21:37', NULL),
(90, 2, 89, 'robbin', 'robbin1495', 'robbin1495', 'jhone1jhone1@yopmail.com', '+1-2024342242', '$2y$10$30pG/K8crtZQJHk15NkQcOEZjxURe9Vd5iJ89609gYfoDiCxCGPIi', '/storage/customer/sSdKJasXaKO8LetHVBnYNeUsrGTHClwGwaazBm2s.jpg', NULL, NULL, '1', '1', '2022-03-11 08:02:36', '0', NULL, NULL, NULL, NULL, NULL, 'usa', NULL, NULL, '0', NULL, NULL, 0, 0, 0, NULL, NULL, NULL, NULL, NULL, NULL, NULL, NULL, '1', NULL, NULL, '0', '2022-03-11 13:00:23', '2022-03-11 13:02:36', NULL),
(91, 1, 0, 'paul', 'paul', 'paul', 'paul@yopmail.com', '+1-5412345674', '$2y$10$xA5phi1kEQvMBhGhi.8Mee30tKJbCe7.ovE0Aekvby/7UOWJVvP76', '/storage/users/CS9Uf0JcfU9tOGVIshtDDDWUizvrWjedDfVWyOV5.jpg', 'lc-1', 'new york', '1', '1', '2022-03-13 07:12:03', '0', NULL, NULL, NULL, NULL, NULL, NULL, NULL, NULL, '0', NULL, NULL, 0, 0, 0, NULL, NULL, NULL, NULL, NULL, NULL, NULL, '2022-03-13', '1', NULL, NULL, '0', '2022-03-13 16:11:40', '2022-03-13 11:18:47', NULL),
(92, 1, 0, 'realty17', 'realty17', 'realty17', 'realty17@yopmail.com', '+1-8523956569', '$2y$10$ZxbJBRGAaixVAENSGWpOSOL1scqnWFBTCwvobkKmcCVY2w2w4UwwG', NULL, 'jklm', 'jklm', '1', '1', '2022-03-16 06:33:04', '0', NULL, NULL, NULL, NULL, NULL, NULL, NULL, NULL, '0', NULL, NULL, 0, 0, 0, NULL, NULL, NULL, NULL, NULL, NULL, NULL, '2022-04-16', '1', NULL, NULL, '0', '2022-03-16 15:32:37', '2022-03-16 10:51:54', NULL),
(93, 1, 0, 'collin', 'collin', 'collin', 'collin@yopmail.com', '+1-5412345670', '$2y$10$.sUkbxPRl0jh/C8kFOE8peNjo8kgUMkxqOneeagcNDKC.Ov/A065m', NULL, 'lc-123', 'state abc', '1', '1', '2022-03-16 11:23:02', '0', NULL, NULL, NULL, NULL, NULL, NULL, NULL, NULL, '0', NULL, NULL, 0, 0, 0, NULL, NULL, NULL, NULL, NULL, NULL, NULL, NULL, '1', NULL, NULL, '0', '2022-03-16 20:20:35', '2022-03-16 15:23:02', NULL),
(94, 1, 0, 'realty19', 'realty19', 'realty19', 'realty19@yopmail.com', '+1-8535466556', '$2y$10$YHZIzdq6ygFsqjwGqm53EuRem382rD10pLy7UEbZDa5H1DoLX5x2W', NULL, 'mnb', 'bnm', '1', '1', '2022-03-18 06:21:22', '0', NULL, NULL, NULL, NULL, NULL, NULL, NULL, NULL, '0', NULL, NULL, 0, 0, 0, 'https://', NULL, NULL, NULL, NULL, NULL, NULL, '2022-06-13', '1', NULL, '/storage/users/SEQv5g3BJ6c9tPoUf5x2WV7C6qDBTncTIlYSP4Ox.bin', '0', '2022-03-18 15:21:03', '2022-06-13 06:27:03', NULL),
(95, 2, 94, 'test', 'test1359', 'test1359', 'test@yopmail.com', '+1-5412345666', '$2y$10$RkkLjz0nvbMQXfXyF/Nvp.018Abicj6CJK2D5WEtW89nKuvKTLl7u', NULL, NULL, NULL, '1', '0', NULL, '0', NULL, NULL, 'city abc', 'star 1', 'abcs', 'addeess', NULL, NULL, '0', NULL, NULL, 0, 0, 0, NULL, NULL, NULL, NULL, NULL, NULL, NULL, NULL, '0', NULL, NULL, '0', '2022-03-18 15:41:37', '2022-03-18 10:41:37', NULL),
(96, 1, 0, 'tealty29', 'tealty29', 'tealty29', 'realty20@yopmail.com', '+1-5412369878', '$2y$10$1zo6v/Ds72215ii2xwTYsuAb9FAAdf8dRXL8LbuAN9FtVyYWLMwmW', NULL, 'lavjs', 'abc starPw@123', '1', '1', '2022-03-18 06:44:14', '0', NULL, NULL, NULL, NULL, NULL, NULL, NULL, NULL, '0', NULL, NULL, 0, 0, 0, NULL, NULL, NULL, NULL, '/storage/users/n8tz8ErsfKX1QumrD85j4JSF5VxZUv5dC7v4SgAr.jpg', NULL, NULL, NULL, '1', NULL, NULL, '0', '2022-03-18 15:44:06', '2022-05-30 04:42:10', NULL),
(97, 1, 0, 'tom', 'tom', 'tom', 'tom@yopmail.com', '+1-5412345677', '$2y$10$IYlKnOkFdZ2Yy3LENlKTOer/nhqo9l.rEIDP1O7zb7zoW7.h0J8Ba', NULL, 'lc123', 'stae 1', '1', '1', '2022-03-20 14:10:51', '0', NULL, NULL, NULL, NULL, NULL, NULL, NULL, NULL, '0', NULL, NULL, 0, 0, 0, NULL, NULL, NULL, NULL, NULL, NULL, NULL, '2022-03-20', '1', NULL, NULL, '0', '2022-03-20 23:09:54', '2022-03-20 18:12:15', NULL),
(98, 1, 0, 'shaun', 'shaun', 'shaun', 'shaun@yopmail.com', '+1-5412347560', '$2y$10$V3Lg5KVLWTe5OaSzpdcDwucg/r/9MkZ30JOh3JLj50x5z1XXfZRPO', NULL, 'lic', 'state', '1', '1', '2022-03-21 06:26:02', '0', NULL, NULL, NULL, NULL, NULL, NULL, NULL, NULL, '0', NULL, NULL, 0, 0, 0, NULL, NULL, NULL, NULL, NULL, NULL, NULL, '2022-03-21', '1', NULL, '/storage/users/RSszOumrg0TP44Z3km9AzGlOwVN2WDKa3lIsw8rK.pdf', '0', '2022-03-21 15:25:51', '2022-03-22 05:52:57', NULL),
(99, 2, 98, 'customer', 'customer1596', 'customer1596', 'cust99@yopmail.com', '+1-5412345607', '$2y$10$y6IpvNIWtl7CNwIVPzhtYuzz50NfxHu5OWgnLxjIN4ICwUTWWwSGm', NULL, NULL, NULL, '1', '1', '2022-03-21 06:31:45', '0', NULL, NULL, 'sbbs', 'sbsb', 'xghd', 'dgsh', NULL, NULL, '0', NULL, NULL, 0, 0, 0, NULL, NULL, NULL, NULL, NULL, NULL, NULL, NULL, '1', NULL, NULL, '1', '2022-03-21 15:31:08', '2022-03-21 10:35:31', NULL),
(100, 2, 98, 'cust 88', 'cust-88', 'cust-88', 'cust88@yopmail.com', '+1-9566564646', '$2y$10$WLJ8dZUF1OSDyMedv07MKOmKUmRh1vw688CdrVpZLWuqcYGyZQTra', '/storage/customer/GkUfFOmk9UzwLi0a1SgRwCdFjXl3wAvE2LqtyS7f.jpg', NULL, NULL, '1', '1', '2022-03-21 06:52:59', '0', NULL, NULL, 'abc', 'abc', '8639', 'abc', NULL, NULL, '0', NULL, NULL, 0, 0, 0, NULL, NULL, NULL, NULL, NULL, NULL, NULL, NULL, '1', NULL, NULL, '1', '2022-03-21 15:52:35', '2022-03-21 10:54:50', NULL),
(101, 2, 94, 'test2', 'test21967', 'test21967', 'test2@yopmail.com', '+1-2255665666', '$2y$10$nEzuztP7XOeRJ/MuqzIehuG41yBQnmHuraI7AD22GBB/0WRMUrjcG', '/storage/customer/kOUnyLoF7EJm1UvNt5qtiAhoOOhhGW0dQ5OQGahI.jpg', NULL, NULL, '1', '1', '2022-03-22 01:11:15', '0', NULL, NULL, 'bhjgt', 'mvjih', '10001', 'bkjnm', NULL, NULL, '0', NULL, NULL, 0, 0, 0, NULL, NULL, NULL, NULL, NULL, NULL, NULL, NULL, '1', NULL, NULL, '1', '2022-03-22 10:10:34', '2022-03-22 05:17:12', NULL),
(102, 1, 0, 'realty22', 'realty22', 'realty22', 'realty22@yopmail.com', '+1-8523484546', '$2y$10$ktiF29jz1/mWA0lc7l0fluUWzJP2RcRbTsQmJ3Ifok3cZjEzy89a6', '/storage/users/1XhEPSZiO9kI7hOBiW2SXf29N2CURgXgU5sAjDlq.jpg', '1242', 'was', '1', '1', '2022-03-23 04:47:26', '0', NULL, NULL, 'washington ed', 'alabama ed', '2771 72', 'ado', NULL, NULL, '0', NULL, NULL, 0, 0, 0, NULL, 'good day', 'tags', '/storage/users/Cyogz98BnINIFTxCkW8a9gmttsCaFrcOjkbAbIVa.jpg', '/storage/users/vSo4B4ByzkiyjIi3ONlGshhMZvIdmW3CTFiBehBs.jpg', 'Easter tech', 'no specil', '2022-04-20', '1', NULL, '/storage/users/1eY7ogxzvJQ0qBKO0HGVM1tn8sIWCNCGu3N7zN0p.pdf', '0', '2022-03-23 13:47:02', '2022-04-20 08:49:25', NULL),
(103, 2, 102, 'cust1', 'cust1', 'cust1', 'cust1@yopmail.com', '+1-5243484546', '$2y$10$hHLhYyzgtUCVFkz7nQWIpu0771R.7yh5af9oJ1obnBe4w5u69XwLC', '/storage/customer/6pPttdywPDPiwoQMTftSh9UbbT2lgJVpp3NRcQ4n.jpg', NULL, NULL, '1', '1', '2022-03-23 06:56:55', '0', NULL, NULL, 'bmb', 'bnb', '6283', 'mnm', NULL, NULL, '0', NULL, NULL, 0, 0, 0, NULL, NULL, NULL, NULL, NULL, NULL, NULL, NULL, '1', NULL, NULL, '1', '2022-03-23 15:53:48', '2022-03-23 10:59:05', NULL),
(104, 2, 102, 'cust3', 'cust2', 'cust2', 'cust3@yopmail.com', '+1-8243828564', '$2y$10$aJxmxOExHGP5Rqc.U8ZXE.POiWT5U28siptoIOrlg7F6sxTaNAN4C', '/storage/customer/RyuzTQckoeAxlDJ4MOm93shtgWMN4eL4gjh6t8GQ.jpg', NULL, NULL, '1', '1', '2022-03-23 06:57:07', '0', NULL, NULL, 'bnb', 'bnb', '1001', 'mnm', NULL, NULL, '0', NULL, NULL, 0, 0, 0, NULL, NULL, NULL, NULL, NULL, NULL, NULL, NULL, '1', NULL, NULL, '1', '2022-03-23 15:54:37', '2022-03-24 08:33:48', NULL),
(105, 1, 0, 'agar', 'agar', 'agar', 'agar@yopmail.com', '+1-541236548', '$2y$10$8w7G9ltTZRKhL71lV/B1Ku39zrrxQgYeX5wtUzrL5vVTK/pRh312u', '/storage/users/yPpIXbHrdMIzWpbRvsnhrVBOYg19yEcXD9NWvmys.jpg', 'lic123', 'state', '1', '1', '2022-03-23 08:46:38', '0', NULL, NULL, NULL, NULL, NULL, NULL, NULL, NULL, '0', NULL, NULL, 0, 0, 0, NULL, NULL, NULL, NULL, NULL, NULL, NULL, '2022-03-25', '1', NULL, '/storage/users/vN93kG6oybFUtLUDO44V0W9tCD2sdPLuB1ZBvjLi.pdf', '0', '2022-03-23 17:46:19', '2022-06-13 09:06:11', NULL),
(106, 2, 105, 'charles', 'charles', 'charles', 'charles@yopmail.com', '+1-5415847213', '$2y$10$9tvv4CtcCNtLobgG6du9POuxd82QbJYlBFD/O5dm1ki8H4M7g82se', '/storage/customer/GEQzoFH2p0HC2xJZikRQ61ka3V8SukzmyqTul09x.jpg', NULL, NULL, '1', '1', NULL, '0', NULL, NULL, 'city  A', 'state abc', '13edhdjs', 'address 123', NULL, NULL, '0', NULL, NULL, 0, 0, 0, NULL, NULL, NULL, NULL, NULL, NULL, NULL, NULL, '0', NULL, NULL, '1', '2022-03-23 17:56:21', '2022-03-23 15:43:30', NULL),
(107, 2, 105, 'adam', 'adam', 'adam', 'adam@yopmail.com', '+1-5412369875', '$2y$10$efg3WddijGgbzaaCJr2cAOt/3RTpb0Z.IfOZJ2.R2ucCSBJpDOR8e', '/storage/customer/Jmlpsxzpxumke80T7wffrEsjYXGKvmlxE13toPAH.jpg', NULL, NULL, '1', '1', NULL, '0', NULL, NULL, 'dhdb', 'xnsn', '1334', 'shshs', NULL, NULL, '0', NULL, NULL, 0, 0, 0, NULL, NULL, NULL, NULL, NULL, NULL, NULL, NULL, '0', NULL, NULL, '1', '2022-03-23 17:58:09', '2022-03-23 13:02:04', NULL),
(109, 2, 105, 'ashton', 'ashton1200', 'ashton1200', 'ashton99@yopmail.com', '+1-5412346098', '$2y$10$OUSZuABJaRFvKd40yUyeguKusKIwbOHwW4b02wQWggh97tDYAGY7G', NULL, NULL, NULL, '1', '0', NULL, '0', NULL, NULL, 'bdbb', 'hdhdh', 'bdbd', 'dbdhh', NULL, NULL, '0', NULL, NULL, 0, 0, 0, NULL, NULL, NULL, NULL, NULL, NULL, NULL, NULL, '0', NULL, NULL, '0', '2022-03-25 16:10:13', '2022-03-25 11:10:13', NULL),
(110, 1, 0, 'Test Build', 'test-build', 'test-build', 'realty_client3@gmail.com', '+1-7033829097', '$2y$10$XcBymBNXdiDkzY4X2pQ/seAdHp4RvwjQLiFcsQPVYpDZDDAJnVbKW', NULL, '582984', 'Texas', '1', '0', NULL, '0', NULL, NULL, NULL, NULL, NULL, NULL, NULL, NULL, '0', NULL, NULL, 0, 0, 0, NULL, NULL, NULL, NULL, NULL, NULL, NULL, NULL, '0', NULL, NULL, '0', '2022-03-26 02:57:17', '2022-03-25 21:57:17', NULL),
(111, 1, 0, 'Carolyn Washington', 'carolyn-washington', 'carolyn-washington', 'dollbaby1052@gmail.com', '+1-7034598669', '$2y$10$yK5RzqZzzZw6XjEtWxVP2OxTHnsa12tSdCgWXW4Ch3P00ksm8Kjhm', '/storage/users/M1cxTZ1KBEx8oXrNG89aMiEj6VL0ZAso3qZ8e4vW.jpg', '5606713', 'Texas', '1', '1', '2022-03-29 18:02:28', '0', NULL, NULL, NULL, NULL, NULL, NULL, NULL, NULL, '0', NULL, NULL, 0, 0, 0, NULL, NULL, NULL, NULL, '/storage/users/7hcygsj0YzWS3raXhRtAMiIiJDynk92EsSWnHgk5.jpg', NULL, NULL, '2022-06-13', '1', NULL, '/storage/users/3c2KsZ1Bve8bbEpUHeyrA2t8yYUIVznxbudTXDZ5.pdf', '0', '2022-03-30 01:04:31', '2022-06-13 20:41:38', NULL),
(112, 2, 111, 'LB and Carolyn Washington', 'cookie-khardashian', 'cookie-khardashian', 'larrybw0952@outlook.com', '+1-2817779311', '$2y$10$uOeOpdLXl3s7zF3m6.Jc1O78Xq/cEwe7rQ/QyMMLcZLRvGqR6n3W2', '/storage/customer/BLYP5AGCt4LeqAeNRzzEmmVqYBqvuKHayNBNOIhS.jpg', NULL, NULL, '1', '1', '2022-03-29 17:13:13', '0', NULL, NULL, 'Houston', 'Texas', '77049', '1234 Idk Yet', NULL, NULL, '0', NULL, NULL, 0, 0, 0, NULL, NULL, NULL, NULL, NULL, NULL, NULL, NULL, '1', NULL, NULL, '1', '2022-03-30 02:06:01', '2022-03-30 02:03:24', NULL),
(113, 2, 111, 'Hattie Washington', 'hattie-washington', 'hattie-washington', 'hattiewashington@yahoo.com', '+1-2817394203', '$2y$10$80gFf9ban/10duYDtUIzfuu9s7xLw6KPcRf.kznPMteqahpllxQXi', NULL, NULL, NULL, '1', '0', NULL, '0', NULL, NULL, 'Houston', 'Texas', '77049', '14411 Lea Crest', NULL, NULL, '0', NULL, NULL, 0, 0, 0, NULL, NULL, NULL, NULL, NULL, NULL, NULL, NULL, '0', NULL, NULL, '0', '2022-04-12 22:23:00', '2022-04-12 17:23:00', NULL);
INSERT INTO `users` (`id`, `user_group_id`, `parent_id`, `name`, `username`, `slug`, `email`, `mobile_no`, `password`, `image_url`, `license_number`, `licence_state`, `status`, `is_email_verify`, `email_verify_at`, `is_mobile_verify`, `mobile_verify_at`, `country`, `city`, `state`, `zipcode`, `address`, `latitude`, `longitude`, `online_status`, `mobile_otp`, `email_otp`, `total_property`, `total_rating`, `total_review`, `website`, `about_us`, `tag_line`, `logo_url`, `share_profile_image`, `company_name`, `company_description`, `subscription_expiry_date`, `invitation_acceptance`, `remember_token`, `agent_agrement`, `is_agrement_accept`, `created_at`, `updated_at`, `deleted_at`) VALUES
(114, 2, 111, 'Anitra Babineaux', 'anitra-babineaux', 'anitra-babineaux', 'anitra.babineaux@gmail.com', '+1-8323067434', '$2y$10$dHqJSUxrVxrathQrHvunj.NpZyMMEac70gYQzZzqQAhpZZ.3Kk6Rm', NULL, NULL, NULL, '1', '0', NULL, '0', NULL, NULL, 'Houston', 'Texas', '77494', '1234 Unknown', NULL, NULL, '0', NULL, NULL, 0, 0, 0, NULL, NULL, NULL, NULL, NULL, NULL, NULL, NULL, '0', NULL, NULL, '0', '2022-04-12 22:27:14', '2022-04-12 17:27:14', NULL),
(115, 1, 0, 'jhoneissac', 'jhoneissac', 'jhoneissac', 'jhoneissac@yopmail.com', '+1-2085550139', '$2y$10$MIqJDP/Zo/Qhy/8nikLPtOsOExPWGqO/ZTNfb/NYBuGudRs26f4Oe', NULL, '1250', 'CAA', '1', '1', '2022-04-14 07:39:24', '0', NULL, NULL, NULL, NULL, NULL, NULL, NULL, NULL, '0', NULL, NULL, 0, 0, 0, NULL, NULL, NULL, NULL, NULL, NULL, NULL, NULL, '1', NULL, NULL, '0', '2022-04-14 16:39:07', '2022-04-14 11:39:24', NULL),
(116, 2, 115, 'robbin', 'robbin1555', 'robbin1555', 'jhone11@yopmail.com', '+1-2024342241', '$2y$10$XB/mYK6rike5sw.oSr4fiebYFYJVL18mtv6lRTc.zJqWymBtvwxAe', NULL, NULL, NULL, '1', '0', NULL, '0', NULL, NULL, NULL, NULL, NULL, 'usa', NULL, NULL, '0', NULL, NULL, 0, 0, 0, NULL, NULL, NULL, NULL, NULL, NULL, NULL, NULL, '0', NULL, NULL, '0', '2022-04-19 11:22:44', '2022-04-19 06:22:44', NULL),
(117, 2, 102, 'leads', 'leads', 'leads', 'lead@yopmail.com', '+1-3155146490', '$2y$10$eZSwRDWNW9/YcmPlavhNk.MFH7slpJ/Wp82otsUSaPCvuIs8k3X42', NULL, NULL, NULL, '1', '0', NULL, '0', NULL, NULL, 'asd', 'asd', '1001', 'asd', NULL, NULL, '0', NULL, NULL, 0, 0, 0, NULL, NULL, NULL, NULL, NULL, NULL, NULL, NULL, '0', NULL, NULL, '0', '2022-04-20 09:22:10', '2022-04-20 04:22:10', NULL),
(118, 1, 0, 'Karl Armstrong', 'karl-armstrong', 'karl-armstrong', 'karl-armstrong@outlook.com', '+1-7033600636', '$2y$10$PgrAKK5q1kXokW1B7gGGYuv024ZzH.EnUlIPzDlhvV0aZhp7zDR9W', NULL, '00593675', 'Virginia', '1', '1', '2022-05-06 23:34:48', '0', NULL, NULL, NULL, NULL, NULL, NULL, NULL, NULL, '0', NULL, NULL, 0, 0, 0, NULL, NULL, NULL, NULL, NULL, NULL, NULL, NULL, '1', NULL, NULL, '0', '2022-05-07 08:33:56', '2022-06-09 21:57:15', NULL),
(119, 1, 0, 'Sample Agent', 'sample-agent', 'sample-agent', 'rebrokerapp0508@gmail.com', '+1-3013829097', '$2y$10$MgbKEHQztF5ln5LQFwRci.BIWmLL56p3FM8wNACVVZnNGssGGNkxG', NULL, '0225843', 'Maryland', '1', '1', '2022-06-12 14:49:54', '0', NULL, NULL, NULL, NULL, NULL, NULL, NULL, NULL, '0', NULL, NULL, 0, 0, 0, NULL, NULL, NULL, NULL, NULL, NULL, NULL, NULL, '1', NULL, NULL, '0', '2022-05-09 01:27:49', '2022-06-12 18:49:54', NULL),
(120, 1, 0, 'allan', 'allan', 'allan', 'allan@yopmail.com', '+1-5412345680', '$2y$10$kqBdDHXV2UsJSRvLs8Uh7OXWymZNdE8MmFlOluvDevENpt/Vc5dfu', '/storage/users/2XS5PD718vxlKoHOQcLis4cCfNnLHXtft33wzGdQ.jpg', 'lc-123', 'state A', '1', '1', '2022-05-09 08:03:05', '0', NULL, NULL, 'city about testing about testing about testing about testing about testing about testing about testi', 'state about testing about testing about testing about testing about testing about testing about test', '12345 about testing about testing about testing about testing about testing about testing about test', 'address about testing about testing about testing about testing about testing about testing about te', NULL, NULL, '0', NULL, NULL, 0, 0, 0, 'https://google.com', 'about testing about testing about testing about testing about testing about testing about testing about testing about testing about testing about testing about testing about testing about testing about testing about testing about testing about testing about testing about testing about testing about testing about testing about testing about testing about testing about testing about testing about testing about testing about testing about testing about testing about testing about testing about testing about testing about testing about testing about testing abcd about testing about testing about testing about testing about testing about testing about testing about testing about testing about testing about testing about testing about testing about testing about testing about testing about testing about testing about testing about testing about testing about testing about testing about testing about testing about testing about testing about testing about testing about testing about testing about testing about testing about testing about testing about testing about testing about testing about testing about testing abcd about testing about testing about testing about testing about testing about testing about testing about testing about testing about testing about testing about testing about testing about testing about testing about testing about testing about testing about testing about testing about testing about testing about testing about testing about testing about testing about testing about testing about testing about testing about testing about testing about testing about testing about testing about testing about testing about testing about testing about testing abcd about testing about testing about testing about testing about testing about testing about testing about testing about testing about testing about testing about testing about testing about testing about testing about testing about testing about testing about testing about testing about testing about testing about testing about testing about testing about testing about testing about testing about testing about testing about testing about testing about testing about testing about testing about testing about testing about testing about testing about testing abcd', 'ltag tag line tag line tag line tag line tag line tag line tag line tag litag line tag line tag line tag line tag line tag line tag line line tag line tag line  tag line tag line tag line tag line abcd', '/storage/users/Du3y826JDM59CwyS66nRMtjUHCKqkT7erGQaeU5d.jpg', '/storage/users/BWhLJ8Y60T1yADqVaNN3rO1y9tRaNxngQUcLffVc.jpg', 'company about testing about testing about testing about testing about testing about testing about testing about testing about testing about testing about testing about testing about testing about testing about testing about testing about testing about tes', 'description about testing about testing about testing about testing about testing about testing about testing about testing about testing about testing about testing about testing about testing about testing about testing about testing about testing about testing about testing about testing about testing about testing about testing about testing about testing about testing about testing about testing about testing about testing about testing about testing about testing about testing about testing about testing about testing about testing about testing about testing abcd about testing about testing about testing about testing about testing about testing about testing about testing about testing about testing about testing about testing about testing about testing about testing about testing about testing about testing about testing about testing about testing about testing about testing about testing about testing about testing about testing about testing about testing about testing about testing about testing about testing about testing about testing about testing about testing about testing about testing about testing abcd about testing about testing about testing about testing about testing about testing about testing about testing about testing about testing about testing about testing about testing about testing about testing about testing about testing about testing about testing about testing about testing about testing about testing about testing about testing about testing about testing about testing about testing about testing about testing about testing about testing about testing about testing about testing about testing about testing about testing about testing abcd about testing about testing about testing about testing about testing about testing about testing about testing about testing about testing about testing about testing about testing about testing about testing about testing about testing about testing about testing about testing about testing about testing about testing about testing about testing about testing about testing about testing about testing about testing about testing about testing about testing about testing about testing about testing about testing about testing about testing about testing abcd', NULL, '1', NULL, NULL, '0', '2022-05-09 17:02:08', '2022-05-09 12:32:08', NULL),
(121, 2, 111, 'Karl Armstrong', 'karl-armstrong1528', 'karl-armstrong1528', 'karl.armstrong@verizon.net', '+1-8554290124', '$2y$10$xez8iqT89AAiF3kd3LYxdekQyJr669cGVmKW24E5a.HQQ1EZpcrLy', '/storage/customer/Z99pJ8IF0HsldajhBhhe3Ke9KGXO9WYN6qezQh8J.jpg', NULL, NULL, '1', '0', NULL, '0', NULL, NULL, 'Alexandria', 'Virginia', '22306', '1438 James David Way', NULL, NULL, '0', NULL, NULL, 0, 0, 0, NULL, NULL, NULL, NULL, NULL, NULL, NULL, NULL, '0', NULL, NULL, '0', '2022-06-05 07:22:38', '2022-06-05 02:22:38', NULL),
(123, 1, 0, 'johnson', 'johnson1539', 'johnson1539', 'johnson@yomil.com', '+1-5412582589', '$2y$10$r8O.fIpRrX0ARa3SB55mA.iuNSd.7YGXtKzluo.wxCPVGKGv89xJW', NULL, '123456', '123456', '1', '0', NULL, '0', NULL, NULL, NULL, NULL, NULL, NULL, NULL, NULL, '0', NULL, NULL, 0, 0, 0, NULL, NULL, NULL, NULL, NULL, NULL, NULL, NULL, '0', NULL, NULL, '0', '2022-06-09 18:56:56', '2022-06-09 13:56:56', NULL),
(124, 1, 0, 'johnson bell', 'johnson-bell', 'johnson-bell', 'bell@yopmail.com', '+1-541258258', '$2y$10$Q.n3Bv3OpYyADFYpNwpHqurkhqkhdrVGYcO0MYF6NqPeoBovaTzhO', NULL, '123456', 'abc', '1', '1', '2022-06-09 10:07:33', '0', NULL, NULL, NULL, NULL, NULL, NULL, NULL, NULL, '0', NULL, NULL, 0, 0, 0, NULL, NULL, NULL, NULL, NULL, NULL, NULL, NULL, '1', NULL, NULL, '0', '2022-06-09 19:06:51', '2022-06-09 14:07:33', NULL),
(125, 2, 111, 'Charlee Armstrong', 'charlee-armstrong', 'charlee-armstrong', 'charleealu713@gmail.con', '+1-5712019378', '$2y$10$.6tDvqLafWmgeSRkqwhzNuw3i7MgqWckNt1UeEmWoN46NltyKLuxC', '/storage/customer/Ex7UcttIoRnCRJIoRefeESGpDJOG4kBXZS4lKAjj.jpg', NULL, NULL, '1', '0', NULL, '0', NULL, NULL, 'Alexandria', 'Virginia', '22306', '421 Panda Lane', NULL, NULL, '0', NULL, NULL, 0, 0, 0, NULL, NULL, NULL, NULL, NULL, NULL, NULL, NULL, '0', NULL, NULL, '0', '2022-06-09 20:00:20', '2022-06-09 15:04:14', NULL),
(126, 1, 0, 'Karl Armstrong', 'karl-armstrong1621', 'karl-armstrong1621', 'karl.armstrong@outlook.con', '+1-7739969603', '$2y$10$ddvbPgb7m/DwUa7pMIMf6uOy5ztq5zvQc3BnkvdJW.JAM3svV17I2', NULL, '843123', 'Virginia', '1', '0', NULL, '0', NULL, NULL, NULL, NULL, NULL, NULL, NULL, NULL, '0', NULL, NULL, 0, 0, 0, NULL, NULL, NULL, NULL, NULL, NULL, NULL, NULL, '0', NULL, NULL, '0', '2022-06-10 02:02:45', '2022-06-09 21:02:45', NULL),
(127, 1, 0, 'Charlee Armstrong', 'charlee-armstrong1436', 'charlee-armstrong1436', 'charleealu713@gmail.com', '+1-5717019238', '$2y$10$mZLmmvpyJiVS1g1G7UG7c.LVw20S/elU6Ifn8Pqf6k5jauQEhk/di', NULL, '2252345', 'Virginia', '1', '1', '2022-06-12 14:50:43', '0', NULL, NULL, NULL, NULL, NULL, NULL, NULL, NULL, '0', NULL, NULL, 0, 0, 0, NULL, NULL, NULL, NULL, NULL, NULL, NULL, NULL, '1', NULL, NULL, '0', '2022-06-10 03:43:36', '2022-06-12 18:50:43', NULL),
(128, 2, 111, 'Alyssa Lu', 'alyssa-lu', 'alyssa-lu', 'realtytekllc@gmail.com', '+1-5712817202', '$2y$10$5iRMeVUZRm2VZHBmOECVJe.E7hn.nyQ49RNGx4LwTNbIgs5azcnq6', '/storage/customer/z2qvYWAe7L5ffs433cCAZzqA72ldUg9iFtFXEzp6.jpg', NULL, NULL, '1', '1', '2022-06-13 16:55:20', '0', NULL, NULL, 'Alexandria', 'Virginis', '22306', '7696H Richmonda', NULL, NULL, '0', NULL, NULL, 0, 0, 0, NULL, NULL, NULL, NULL, NULL, NULL, NULL, NULL, '1', NULL, NULL, '1', '2022-06-14 01:51:42', '2022-06-13 20:56:05', NULL),
(129, 2, 111, 'Karl Alonzo Jr', 'karl-alonzo-jr', 'karl-alonzo-jr', 'karlarmstrong007@gmail.com', '+1-7708915418', '$2y$10$7KJQmQkRGKnDR16hGKqSnOrISZzI8p8Hzlg0X06.eRHrLbTAXkCmm', '/storage/customer/dbbDFy0XIj2sA7px5OxIKQp1gKSQ2jOCeMOMy5dE.jpg', NULL, NULL, '1', '1', '2022-06-30 22:06:23', '0', NULL, NULL, 'Atlanta', 'Georgia', '30281', '1234 Somewhere Street', NULL, NULL, '0', NULL, NULL, 0, 0, 0, NULL, NULL, NULL, NULL, NULL, NULL, NULL, NULL, '1', NULL, NULL, '1', '2022-07-01 07:04:24', '2022-07-01 02:07:55', NULL);

-- --------------------------------------------------------

--
-- Table structure for table `user_api_token`
--

CREATE TABLE `user_api_token` (
  `id` bigint(20) UNSIGNED NOT NULL,
  `user_id` bigint(20) UNSIGNED NOT NULL,
  `api_token` varchar(255) COLLATE utf8mb4_unicode_ci NOT NULL,
  `refresh_token` varchar(255) COLLATE utf8mb4_unicode_ci NOT NULL,
  `udid` varchar(255) COLLATE utf8mb4_unicode_ci NOT NULL,
  `device_type` varchar(100) COLLATE utf8mb4_unicode_ci DEFAULT NULL,
  `device_token` text COLLATE utf8mb4_unicode_ci,
  `platform_type` varchar(100) COLLATE utf8mb4_unicode_ci NOT NULL DEFAULT 'custom',
  `platform_id` varchar(255) COLLATE utf8mb4_unicode_ci DEFAULT NULL,
  `ip_address` varchar(50) COLLATE utf8mb4_unicode_ci DEFAULT NULL,
  `user_agent` text COLLATE utf8mb4_unicode_ci,
  `created_at` timestamp NULL DEFAULT NULL,
  `updated_at` timestamp NULL DEFAULT NULL,
  `deleted_at` timestamp NULL DEFAULT NULL
) ENGINE=InnoDB DEFAULT CHARSET=utf8mb4 COLLATE=utf8mb4_unicode_ci;

--
-- Dumping data for table `user_api_token`
--

INSERT INTO `user_api_token` (`id`, `user_id`, `api_token`, `refresh_token`, `udid`, `device_type`, `device_token`, `platform_type`, `platform_id`, `ip_address`, `user_agent`, `created_at`, `updated_at`, `deleted_at`) VALUES
(6, 4, '905bd9b517167f9a67b6ab4a670280be0dc33b0d68763a4e658b749bc5988741', '16e630413e95d635159e6e0db94ac02d2c4fbb421e56bf3b214494abea8e5375', 'e3f72d1b-3799-4c9e-b43a-9b79a08facae', 'android', 'd053a7ae-6359-474f-b829-a031ca579884', 'custom', NULL, '124.29.238.131', 'capturebroker/1 CFNetwork/1240.0.4 Darwin/20.6.0', '2021-12-03 10:32:50', '2021-12-03 10:32:50', NULL),
(7, 6, '581a958cc9ac4c29c0eeba2c0aaed81f984eb311700f931044b10d3f75729b82', '641dd625856c39f4edb533e0b1efc6bd0ac8169933038bff88bbeacc490c5711', 'e772afbf-65a2-4263-9ef9-65a3763d55b5', 'android', '1234567890', 'custom', NULL, '110.93.250.194', 'PostmanRuntime/7.28.4', '2021-12-03 11:51:48', NULL, NULL),
(8, 7, '1a7688c1f1cfc8af79d3f3546a64b4312af82cdbb04554ed37ce93c5ccb87519', 'f249c1bbef4dc654e43a3ce337a0473251152b963ba645f8be115dcffa9813a5', 'e772afbf-65a2-4263-9ef9-65a3763d55b5', 'android', '1234567890', 'custom', NULL, '110.93.250.194', 'PostmanRuntime/7.28.4', '2021-12-03 12:08:03', '2021-12-03 12:08:03', NULL),
(10, 8, '2893ac639c80e40ec8070b97b5dcda1ed48ddb94e191bcf73376a683ec094b28', '43334ee9e0fb0d5bf37f2cbc560661f49356449494a48bd10e7aa3d843c885c0', 'e772afbf-65a2-4263-9ef9-65a3763d55b5', 'android', '1234567890', 'custom', NULL, '110.93.250.194', 'PostmanRuntime/7.28.4', '2021-12-03 11:56:51', '2021-12-03 11:56:51', NULL),
(11, 10, '6ed3baa9fe2e64b501d6c4900029911061c2e602be21d84dcac8d95a5ceed7a8', '8a5cfc3776c720c85e5e6b70e2b488a41527f72f6a25f6ea444f0e83f7e9968a', 'e772afbf-65a2-4263-9ef9-65a3763d55b5', 'android', '1234567890', 'custom', NULL, '110.93.250.194', 'PostmanRuntime/7.28.4', '2021-12-03 12:09:33', NULL, NULL),
(13, 3, 'e8befe50f2162b9f10788902c7ab06981dbde8333606d9403479894a72625be1', '40b255b7be2d35d3a79b3c9c9b30b7d5022413b3555fe7dddc9028ea8e9fd676', '01589e7b-b1a9-41c6-82bf-cd5ef8f5f61f', 'android', '886040b8-7644-41b9-af43-482befe49f85', 'custom', NULL, '192.140.145.242', 'capturebroker/1 CFNetwork/1312 Darwin/20.6.0', '2021-12-06 04:21:42', '2021-12-06 04:21:42', NULL),
(14, 4, '9656e42eb5d88d02956a72bbf582274728c57a91ba3900857efe17e44adb793d', 'd1264dae73a5eb72bc633d1732baba2546b8cadfcb23319a1099473186680104', '6d976524-385e-49e7-870f-b38dea504549', 'android', 'f7d0139b-573c-4cfd-a7ef-85c4ace4bf96', 'custom', NULL, '124.29.238.131', 'capturebroker/1 CFNetwork/1312 Darwin/21.0.0', '2021-12-06 06:26:19', '2021-12-06 06:26:19', NULL),
(17, 11, '0002d997e49b79193940b2461be67c41da81420ebe48df9fe057a5d80f3f25de', '4f10d27bf46cbb481be2e6e636661ccac80add99a546b3f8dae10017ce639b26', 'd3a512c9-cce8-4810-9661-95a5d07a22ac', 'android', '4adde914-ffee-4eea-a797-9329950d7f75', 'custom', NULL, '124.29.238.131', 'okhttp/3.12.12', '2021-12-06 10:37:48', '2021-12-06 10:37:48', NULL),
(18, 3, '48817466a524a0826f9bef4e3022584cc888c20756f7f62e4ba466b0dcae7a0f', '3ed78ade93990c7828ae5f419e567906da63f187833f810b77635e0ec9f4feb8', 'a5e71d9e-8ddf-4264-b00e-11b00803f0e7', 'android', '6645cfa2-64dd-4d37-ad64-cba9ab37ea62', 'custom', NULL, '124.29.238.131', 'capturebroker/1 CFNetwork/1312 Darwin/21.0.0', '2021-12-06 10:56:27', '2021-12-06 10:56:27', NULL),
(19, 3, 'f06be262217274a027a07ae3922afd018bf6fb7c7bf87daf46699171949fe389', '8aabae60e65d6bd6f46421d76728e9a4409e504243314ace3feb86d448792ab8', 'c1b3facf-be33-4f0f-924c-335dc5c6cec9', 'android', '2163f8e9-454e-46ec-9829-6b22cffe2f3b', 'custom', NULL, '124.29.238.131', 'capturebroker/1 CFNetwork/1325.0.1 Darwin/21.1.0', '2021-12-06 11:08:42', '2021-12-06 11:08:42', NULL),
(28, 12, '97e85d77d767bc52a59cb207b9c36d48bd2fb85d015e1bc28f918c3c991a1702', 'c0e598102fbdf3afe19c64486ac3c7df3b06f445588bd925c8adff4a1e52d47b', 'fd1a1ef7-897f-493a-84a6-9852761e1b13', 'ios', 'cd190c47-129a-468d-b901-bdcb23818dfc', 'custom', NULL, '124.29.238.131', 'capturecustomer/1 CFNetwork/1325.0.1 Darwin/21.1.0', '2021-12-07 15:45:38', '2021-12-07 15:45:38', NULL),
(29, 13, '2e4f1865401b90da85ca40362935329e69adb2728f60201112de3aa7ae3a10e1', '83c8aa3646a0e5a48c4014ef8aaf431318ebc14bc4eff001d14cddb34a1a44c5', 'd02573f4-97ed-477b-99db-b6cf9eec9606', 'android', 'd90fd054-5cf2-11ec-b66f-3e7464d56a04', 'custom', NULL, '124.29.238.131', 'okhttp/3.12.12', '2021-12-14 15:34:17', '2021-12-14 15:34:17', NULL),
(31, 14, '607f8c76cc01bd2e7be71d0dd97c983d16e8ea145f33d0b0a2d4fb4a75c791eb', '690013f9c0215a0a18f775127c12266a41d69aebb0d3ba1e63e4eb97c11144c7', '225362f1-7df7-482b-84a3-0088e21ef93e', 'ios', 'b5cf0c1a-5db3-11ec-99cf-3a6015140584', 'custom', NULL, '110.93.250.194', 'capturecustomer/1 CFNetwork/1325.0.1 Darwin/21.1.0', '2021-12-15 14:34:10', '2021-12-15 14:34:10', NULL),
(32, 16, '3630c0cc4062ecc3a9f48d526262917c2df378448cf0867c8168a96b6a6dd4b5', '774c0c3b33445145aa3e47e5c8226d297ab4bdecad8626dd10e313827e62d9a3', '553601f0-760a-4ee5-8b36-b5f35d2d9fc6', 'android', '9721deba-5db2-11ec-b470-964cb0c9c604', 'custom', NULL, '110.93.250.194', 'capturebroker/1 CFNetwork/1325.0.1 Darwin/21.1.0', '2021-12-15 15:40:18', NULL, NULL),
(34, 4, 'f42a71d36c46c872088070c7f662420434d20df5829d2e1f440f4990f89fe959', '395d1a85b4241e478f7af465ec873035ad183aae669398c66a47c24e9c0cfa22', '31d72dfd-e5ce-4fa8-afda-f8992e093bed', 'android', '8b66fed2-5e31-11ec-b468-f60a003c481a', 'custom', NULL, '110.93.250.194', 'capturebroker/1 CFNetwork/1240.0.4 Darwin/20.6.0', '2021-12-16 05:44:08', '2021-12-16 05:44:08', NULL),
(38, 17, 'e81bec892ecb8dbd348fef4868260b11c941a3c449d0b65da9527729782509cf', '678016a5f2f64e72d53add5a0e4ce26051a9feef854c87a53f4bfc54c00833a0', '0c950c82-86dc-4285-8ae7-7eb5fd26c531', 'android', 'e84aeac0-5e7f-11ec-bc85-e268e0d3fb5d', 'custom', NULL, '110.93.250.194', 'capturebroker/1 CFNetwork/1325.0.1 Darwin/21.1.0', '2021-12-16 14:55:48', '2021-12-16 14:55:48', NULL),
(39, 18, '0db63602160464e35cd55f8ea116c351f885af05445faccbe66db4fc65a666e2', 'aa5e4cb27d1a10664e7af35a346dd40dae266566d382bc954f9d8829b5a57b33', '6cadea93-630a-4b39-b8c3-34bcb2fc3f87', 'android', '499a87f4-5e80-11ec-88be-92dbbe2fac25', 'custom', NULL, '110.93.250.194', 'okhttp/3.12.12', '2021-12-16 15:17:32', '2021-12-16 15:17:32', NULL),
(40, 19, 'e7012edc2fdfcf4cfe25bd8e73ee1a85423dd0ac2f117705e2899bdcd3a43369', 'c41175b4abc8c9e5cf87f5a1263eb93ffca2edf231432184ce26c2b249394b18', 'cb92cd29-28bd-4ef8-92cd-c20f925b9200', 'ios', 'f74c263c-5e80-11ec-9686-26a6f91545ca', 'custom', NULL, '110.93.250.194', 'capturecustomer/1 CFNetwork/1325.0.1 Darwin/21.1.0', '2021-12-16 15:33:46', '2021-12-16 15:33:46', NULL),
(43, 22, '452290df506135ac28bd41c6e9ed76fcc243647ede90478fbed3827af0d35f36', '02fc8e1d597107c8314cf47becf1e000f48c410b65f6c4fe2a461a9b81f581aa', '75338c5f-54a0-48ef-a7a3-af1b5c563e73', 'android', '36871238-621b-11ec-bc5e-d22f00511af7', 'custom', NULL, '192.140.145.242', 'capturebroker/1 CFNetwork/1240.0.4 Darwin/20.6.0', '2021-12-21 05:09:46', '2021-12-21 05:09:46', NULL),
(48, 24, '33d5a1e0cc5035013c0262ab3abbdf5395913c5724ca8fcc7cc86e0a71da436f', '1a86774a0626e3f8bafcde8d0e32366a266a86fd7753fe2a43a8b5052015db8b', '7b0ccc8d-04f6-4441-a6f1-968119634dd9', 'android', 'fc87043e-6220-11ec-9edc-9e2702f016d1', 'custom', NULL, '192.140.145.242', 'capturebroker/1 CFNetwork/1240.0.4 Darwin/20.6.0', '2021-12-21 06:33:23', '2021-12-21 06:33:23', NULL),
(50, 4, '956d4e12cf586b7434ef6e157324c70deb656674c0dfc34ce448638cb771d607', 'feb8b0b678069d9f4b473f2586f8c7e8ac61ab9e62df9039133563da371c65a6', 'd87868bf-ce3a-48cd-a304-4d378bc055db', 'android', '3239b43a-6241-11ec-899c-e612b6392c70', 'custom', NULL, '124.29.238.131', 'okhttp/3.12.12', '2021-12-21 09:41:20', '2021-12-21 09:41:20', NULL),
(53, 4, 'a304aa478af2cd9c3dd26d075f24a260b01a1810a014e6df2c84f0dfd0194a21', '258c4d56b9fd8950e1a3de06f8c7997670888a470f765ecbc947db0fe3aca888', 'c708cb96-f190-46f4-8547-2f8f83975cfc', 'android', 'ab483716-6246-11ec-9a37-e6bcad06a9f6', 'custom', NULL, '124.29.238.131', 'capturebroker/1 CFNetwork/1240.0.4 Darwin/20.6.0', '2021-12-21 10:21:12', '2021-12-21 10:21:12', NULL),
(55, 25, 'e0c038409620f35803529e02d320cfbe4589b8fca6ed301dcd15c6b034d4cc13', 'f57deb362da8cc125beec3ba69a7ccd5ba5c315b5d5ecd5ebd60412c11554c20', '9d6c3715-e7ba-4e6b-b1dc-f80e8d5b9941', 'android', '96b55664-630c-11ec-a908-5a1ab58130bf', 'custom', NULL, '192.140.145.242', 'capturebroker/1 CFNetwork/1240.0.4 Darwin/20.6.0', '2021-12-22 09:51:48', '2021-12-22 09:51:48', NULL),
(56, 26, 'e8798e784987b0a99bc0d25c348559029482297bb5f9015ae9e6c23e13df5997', '6871030213595e949699773d5fe20f16cab9cd00ca60a8ec882caaac681e25c3', '17ad0adc-9339-4f15-bed9-29131a067db6', 'android', 'f8b215da-6313-11ec-ae0d-0af07b1ccb04', 'custom', NULL, '124.29.238.131', 'capturebroker/1 CFNetwork/1240.0.4 Darwin/20.6.0', '2021-12-22 10:53:04', '2021-12-22 10:53:04', NULL),
(58, 27, '2de2c4eadf034c0f4dadbd356b1f889d84d907f8babe89f353b89a20356c65a7', 'cb1d4ead6c349196cffc7c5a6834b7087937c61c2cdb094719b2822f104103a7', 'f4c60488-e642-4281-b6e9-00ab2dbe4636', 'android', '94c0c080-6322-11ec-8d85-02422dc485c1', 'custom', NULL, '192.140.145.242', 'capturebroker/1 CFNetwork/1325.0.1 Darwin/21.1.0', '2021-12-22 12:36:24', '2021-12-22 12:36:24', NULL),
(59, 27, '1fbabba7bf7900fb83262ac785d84cd71b5e3c221a44cdcc181f7567081d2dd6', '7d14123c5247487bffb5052a12723aea8f9bee0350334f2c9b8bcfcbb53ef1c0', 'e772afbf-65a2-4263-9ef9-65a3763d55b5', 'android', '1234567892', 'custom', NULL, '110.93.250.194', 'PostmanRuntime/7.28.4', '2021-12-24 04:59:00', '2021-12-24 04:59:00', NULL),
(66, 29, '1fbfe13319209e1f062a7e054ec59f57a47ee09cae103d185e6b62e8c592dfcf', '3df846847009b7c25d971fe31d614537193f7b76c9ec3fc27d422f6261eb6823', 'e772afbf-65a2-4263-9ef9-65a3763d55b5', 'android', '1234567892', 'custom', NULL, '110.93.250.194', 'PostmanRuntime/7.28.4', '2021-12-24 06:41:03', '2021-12-24 06:41:03', NULL),
(68, 32, '535163cc58c4f002a34b9066265891d1161977a3bcb1861891e0a031ed987f74', '02b3519c53b27e27e5e74985f71967cbae248c9365d6f8bc479f4950d20c10e5', '6f8f9bc5-489f-4ed9-8e36-25330ee13044', 'android', 'a6ad5e60-64b3-11ec-94aa-a2c5986a1ed3', 'custom', NULL, '192.140.145.242', 'capturebroker/1 CFNetwork/1325.0.1 Darwin/21.1.0', '2021-12-24 07:29:43', '2021-12-24 07:29:43', NULL),
(69, 33, '5e8cd739e4426ae08fdeec04b89707bec2beff365777c4048ffa7bd183444ac7', '1f4e99a1c4d80ece1a6021c057c50182ef13cfa2ab3963dc03f980410a8c7c9e', 'd7e61b3b-014a-41f0-b20a-45b413d682cc', 'android', 'ae01ca5a-64b5-11ec-bcc4-b25927159216', 'custom', NULL, '192.140.145.242', 'okhttp/3.12.12', '2021-12-24 07:38:09', '2021-12-24 07:38:09', NULL),
(78, 20, 'e431d2507a1728e1d64edfe25a8d465d43cc55364cfeb1bb5883a3bde1cf3e79', 'cd4e4b42f4617b631cff8af4c00f0309e599dcc706260d2f6985cc2fb160eb3b', 'f90e4924-d585-4572-8b6d-0a1e173693ed', 'android', 'da042b78-67cd-11ec-9135-465cdf7da218', 'custom', NULL, '124.29.238.131', 'capturebroker/1 CFNetwork/1240.0.4 Darwin/20.6.0', '2021-12-28 08:09:52', '2021-12-28 08:09:52', NULL),
(80, 34, '176cc7c5bc85b0b831b912370fe763716b7932724249fb39d0d38936c4e04a76', 'd867bd7c8821d284f05e0b402c05773928bd5c2e0cc6f515923ae40bd940aec1', '50d618af-b5bf-45e9-9326-59e358243e06', 'android', 'ce3debea-6867-11ec-bd8d-6a7d14bdd1f5', 'custom', NULL, '124.29.238.131', 'capturebroker/1 CFNetwork/1325.0.1 Darwin/21.1.0', '2021-12-29 00:28:04', '2021-12-29 00:28:04', NULL),
(83, 34, '743d6cf4ae85a4092bbe4a685cfa6781e60f4f8b66de002190ecef9dd3da0069', '201f2e06dab658fa5e6cc45ec1dd7577f30b7cb29e5276bc9bfb93aac18ef5d1', '42f706b7-b68a-42a7-b6e0-7dea8d452475', 'android', '7f57e94c-6888-11ec-bbd0-ea506583ecb8', 'custom', NULL, '124.29.238.131', 'capturebroker/1 CFNetwork/1240.0.4 Darwin/20.6.0', '2021-12-29 04:42:43', '2021-12-29 04:42:43', NULL),
(84, 4, '6c09c41c6ed2080c778fff03bc108d3424a5a7d06cdb703196ce1bc755c3021d', '5be47d9171547a37845e95ad316244ba2123502d0dec15308115d6ff99a275b1', '09962ba9-4087-4925-b1ba-f9e880a18454', 'android', '83ebe914-6896-11ec-9308-deb39a0429f6', 'custom', NULL, '124.29.238.131', 'capturebroker/1 CFNetwork/1240.0.4 Darwin/20.6.0', '2021-12-29 06:00:35', '2021-12-29 06:00:35', NULL),
(85, 38, '3aa099504ad4888ac453f6d08d8e0b2be55d0df8288e720d9b6d511061097520', '73567a551848be4a8c611e75a6febd42d846f3b9cb8f693521c1067bcd07780b', 'e772afbf-65a2-4263-9ef9-65a3763d55b51', 'android', '1234567890', 'custom', NULL, '110.93.250.194', 'PostmanRuntime/7.28.4', '2021-12-29 06:32:16', NULL, NULL),
(86, 38, '774f17d8931f3ce9532a950c5bb1f73311dc39d9a3c0e1ec082ab90d8bc5bbb8', '7318f34bcf360b3af14ab01c8552cc2bd9eccddff1b601402e95a49b6e8dc693', 'e772afbf-65a2-4263-9ef9-65a3763d55b5', 'android', '1234567892', 'custom', NULL, '110.93.250.194', 'PostmanRuntime/7.28.4', '2021-12-29 06:33:03', '2021-12-29 06:33:03', NULL),
(93, 44, 'c35d6f7b41ef82520791623f069a2837b25530dd5537a716c23c72110fd23b2c', '1f3680775f41d94d143ced4cea97135644ee90d399e5e32e3d594eb3a397b227', '7f84df80-7f1d-4daf-8810-dd7374ae2c1d', 'android', '3a74fd48-68aa-11ec-9517-9a8dae37fdc1', 'custom', NULL, '124.29.238.131', 'capturebroker/1 CFNetwork/1325.0.1 Darwin/21.1.0', '2021-12-29 09:35:42', '2021-12-29 09:35:42', NULL),
(97, 47, '943219a047dc733f03a0cf32a5f9d01bb96f478e4f6fe9460bc579a4f92f4dec', '47af5d881303a38ca9a7b80790ebebbf7766f1aca33811bfa744a2b25ce16cf0', 'd49a8c24-bdce-46f9-b5ba-21a3d21490b5', 'android', '2bd00d98-696b-11ec-9053-16fe1fd06f92', 'custom', NULL, '124.29.238.131', 'capturebroker/1 CFNetwork/1240.0.4 Darwin/20.6.0', '2021-12-30 07:36:29', '2021-12-30 07:36:29', NULL),
(104, 48, 'a9f7ae780c9cd84426c0ebdb2212f8d582b5ceba65ffe5a55a18c2a4adee2c3f', 'f2c631150580753a4b8038637b340e8e39996be9efd9c75dc92dc040ceef3059', 'ed3a0da6-4064-4352-a9ba-45a58b74f5b4', 'android', '847fb7a2-6986-11ec-8952-5eaced2d296d', 'custom', NULL, '192.140.145.242', 'okhttp/3.12.12', '2021-12-30 11:00:33', '2021-12-30 11:00:33', NULL),
(106, 33, '387e28837b6374c83cbbf47c62d6348a9312377f738a59e2ae87955e6c81116f', '10c19a4c81bba72f22a0636d0fb81a3ef2b633b193ad215d844aebaae6b44bc6', '650358d9-e0bf-4cc4-a3be-67b7bcd542d9', 'android', 'f803e06c-69fa-11ec-9c8f-b256006bb068', 'custom', NULL, '124.29.238.131', 'okhttp/3.12.12', '2021-12-31 05:17:02', '2021-12-31 05:17:02', NULL),
(111, 48, '0c66883be0bfadcdf18399d498359414eac97f1711e3a461f6532a34b3907e83', 'ea0932a61bcdd5b6c4d2f3634c9d7de2b271c1d491f6a7ef4189101c63931903', 'ba54c0bb-6f29-493b-a955-37f73860f199', 'ios', 'f884eb78-6a43-11ec-b875-5e1b1a0f1c18', 'custom', NULL, '124.29.238.131', 'capturecustomer/1 CFNetwork/1325.0.1 Darwin/21.1.0', '2021-12-31 10:36:06', '2021-12-31 10:36:06', NULL),
(114, 27, 'afcc52971aac654465cd611c7fc5ceb12ca026a501dcca49ad8ac1909f9c5c2d', 'cde45202afde5660143b8e109cddb5d53024f76a33563c1ae37f7c1218c3bb4e', '0a112dbc-3e7b-42cc-9e1e-c4fbbe3e03b2', 'android', '8181872a-6c87-11ec-9b05-fe29b504916c', 'custom', NULL, '124.29.238.131', 'capturebroker/1 CFNetwork/1325.0.1 Darwin/21.1.0', '2022-01-03 07:05:47', '2022-01-03 07:05:47', NULL),
(117, 55, 'b851b9e50fe571f85d266ac543b992eb9f771d20bbb25e9eb34ceb097db3f935', 'b72bd46f37c1c06f20f89f3dfd54abd557251e16ec5e606d52479ac2174d5e5e', 'd2ec74bb-3540-43b3-8fa3-42e5128374f7', 'android', '2e357aca-747c-11ec-a935-6688af083075', 'custom', NULL, '124.29.238.131', 'capturebroker/1 CFNetwork/1327.0.4 Darwin/21.2.0', '2022-01-13 09:23:42', NULL, NULL),
(118, 56, '590053ea6102044587792bcf5e455fc87afb5b7da5e1d12f3613eee916b9aecc', 'a91f1adea4f6b82df7592c36d839ff9a23ea062786f92a4bb1c57693aa148fd5', 'd2ec74bb-3540-43b3-8fa3-42e5128374f7', 'android', '2e357aca-747c-11ec-a935-6688af083075', 'custom', NULL, '124.29.238.131', 'capturebroker/1 CFNetwork/1327.0.4 Darwin/21.2.0', '2022-01-13 09:28:57', NULL, NULL),
(120, 57, '1c313918a1f245114e6009a92a000548018a742b1b3b2388da60d33018859768', '9f5260375e2d1e9a967b19618da9cea8db223da84e39d29e8895f4770b3ae302', 'd2ec74bb-3540-43b3-8fa3-42e5128374f7', 'android', '2e357aca-747c-11ec-a935-6688af083075', 'custom', NULL, '124.29.238.131', 'capturebroker/1 CFNetwork/1327.0.4 Darwin/21.2.0', '2022-01-13 09:41:46', '2022-01-13 09:41:46', NULL),
(121, 58, 'e3b5575ea7d24478ccf64b613b70b2015a6578bc96d9ad4fa77e7c7953892f59', 'cb644fe1a58b57fc50cbe58e7ae07c5e4d7a4b5b2102b0eb021d4b331743eebf', '77c11057-2777-4e9e-958a-3a947cf5e231', 'android', '3773cc7a-7537-11ec-9bb4-42b80eff9457', 'custom', NULL, '124.29.238.131', 'okhttp/3.12.12', '2022-01-14 07:43:14', '2022-01-14 07:43:14', NULL),
(122, 59, '98c6cccaaa35f3194c6669e7da85977a66d48c49e1fd97d7747c425a2c7e8c6a', '376c3fd7d9e4db1990c9ffa863d0ff721099faf13f556d5feb97111fe11529f0', '61c4fcf8-3f2f-41a6-a0ce-b5c14966f752', 'android', 'c89f92de-7581-11ec-8810-c2384a6d37bc', 'custom', NULL, '96.255.60.50', 'okhttp/3.12.12', '2022-01-14 19:55:51', '2022-01-14 19:55:51', NULL),
(124, 60, '565c5e3802338ad39b17894e8680631831922fdcff5aca9e244adaae9dc7b613', 'ff9b315f7127689a7ec64b10f4b8689c6b759758e6dd56820698b96b70abb68f', 'e772afbf-65a2-4263-9ef9-65a3763d55b51', 'android', '1234567890', 'custom', NULL, '110.93.250.194', 'PostmanRuntime/7.29.0', '2022-01-31 05:33:44', NULL, NULL),
(125, 60, '5402b95d670c8989dcb78bc2f1c5d413e6e7e101839e884972424b98eb9bd5e6', '04924902b1cbb61688160d8ad2ad0547a1559b9f18cc433801bfb3ad9bec8c71', 'e772afbf-65a2-4263-9ef9-65a3763d55b5', 'android', '1234567892', 'custom', NULL, '110.93.250.194', 'PostmanRuntime/7.29.0', '2022-02-01 08:36:03', '2022-02-01 08:36:03', NULL),
(126, 63, 'd240a142cca0b7dfb59ce7fef1eccf89970fa5cb41eedacd036469b7db54a964', 'd227f1dfbd434d3e21efc8368e1e7a775748a00cb1236fc07a80434a7cfe0abb', 'e772afbf-65a2-4263-9ef9-65a3763d55b51', 'android', '1234567890', 'custom', NULL, '110.93.250.194', 'PostmanRuntime/7.29.0', '2022-02-03 00:23:47', NULL, NULL),
(131, 1, '4b6c1e0d51f9d2073793b482fe793d04d57a7becc53e91fe653945194143b032', 'd537be32fd4fd82d3efa636f4930aa37531164e03a2422325f521fcf5a1f83ee', '6db36836-80d7-400e-a876-00eba377ce31', 'android', '4ad23a34-8b69-11ec-a1b6-96ac8187e396', 'custom', NULL, '70.21.14.2', 'okhttp/3.12.12', '2022-02-11 14:30:00', '2022-02-11 14:30:00', NULL),
(133, 3, 'e317220eb637fb45b956c35617f000fc8ea2507317e8c13be9f6f649ee354e90', '1855a7479ab269a04eb9d2b4be7dea8aabbff3562eaffdf3a6ab1256bbcdd9a3', '4c9e448c-de44-4a6d-b73b-db8bc305809b', 'android', '997660ba-8e1c-11ec-b2d9-d6e63587b5bb', 'custom', NULL, '124.29.238.131', 'okhttp/3.12.12', '2022-02-15 00:06:51', '2022-02-15 00:06:51', NULL),
(134, 69, 'bd3fbd8747903ebed2ccbfb66e111d2bbe818561a1a0b1efbb049b6f95685f48', 'dadc92be12b8d3baf3ba8edcc13bcf973f7041b84874a52e0ac4a7aa32bbd4e8', '5f6dd4ee-940f-4728-98ec-7fe78bf43603', 'android', '47d174c2-8e1f-11ec-8444-d65c43b360e6', 'custom', NULL, '124.29.238.131', 'okhttp/3.12.12', '2022-02-15 00:23:59', '2022-02-15 00:23:59', NULL),
(139, 72, '62a5401a8e7627c641254518ebfce751921a4f76a6495d3d8150f58aefc19683', '258a795257d54ad0bf85264af37dbc654d2b1682362fa7a408cb70c7b03e5952', 'e772afbf-65a2-4263-9ef9-65a3763d55b51', 'android', '1234567890', 'custom', NULL, '110.93.250.194', 'PostmanRuntime/7.29.0', '2022-02-16 06:24:10', NULL, NULL),
(140, 72, 'ff66fa7130949416f01f3511630e45ee5bd77509b6914b5c376e549f8e3a6ea3', '12d49b22fe1af05edf68afef55bd6302db237077e97dcc7317255a65dd26c567', 'e772afbf-65a2-4263-9ef9-65a3763d55b5', 'android', '1234567892', 'custom', NULL, '110.93.250.194', 'PostmanRuntime/7.29.0', '2022-02-24 03:23:19', '2022-02-24 03:23:19', NULL),
(145, 75, '1608d6c89eb95ff61a8652daa6110a1b2decbd0dc893a548298c55e6b2fa6574', '7d7ed1f425788b82e967eeb70cfaebd65e3682427316578339d75bb764f7dd8f', 'f3a8f70b-769d-48d9-8e4f-3d9b828f4000', 'ios', '70cb1bc4-7dbe-11ec-8f26-8a343b02e91d', 'custom', NULL, '124.29.238.131', 'capturecustomer/1 CFNetwork/1325.0.1 Darwin/21.1.0', '2022-02-17 01:47:36', '2022-02-17 01:47:36', NULL),
(153, 1, 'ba1de8365aec5c49a22831b96a153ee8c1078c37c3749ee9726532d84a26ddf7', '130bcac76388edc82d1e25e76f72556bcd803e0e4610b167b5b391856525d125', '35fa9c42-023e-4752-a3c9-893605c1a973', 'android', 'aaacf23a-9340-11ec-a6f3-4696295fe26f', 'custom', NULL, '192.140.145.242', 'okhttp/3.12.12', '2022-02-21 14:38:58', '2022-02-21 14:38:58', NULL),
(154, 1, '12f1ba8534ab250d3afaab4d4187fee6acca7fca95db6c09ccb9b1e332f9c456', '2970a21d69f5f01dcbcff286aec0efbb99133d0394cf91bba43b24f3ace084c4', '1f7011e4-03b5-4c37-bf3e-320263725edc', 'android', '5fb890d8-934d-11ec-9453-fe64beb98311', 'custom', NULL, '70.21.14.2', 'okhttp/3.12.12', '2022-02-21 14:41:29', '2022-02-21 14:41:29', NULL),
(157, 76, '3db168a535def74f7a92d3fa52e2da54868e6eb54bb946e227623c0cd30f497c', '37b24a40a66fec1d594acd9ff3e320609078332315c348672099b3b8a36fc7ab', 'd1032b38-93ea-4511-be1b-05cadfa836c3', 'ios', '76a8f7d6-62f8-11ec-9bb3-deb173703cf4', 'custom', NULL, '124.29.238.131', 'capturecustomer/1 CFNetwork/1312 Darwin/20.6.0', '2022-02-21 23:53:19', '2022-02-21 23:53:19', NULL),
(167, 77, '1a6f988267f1bbb3a7575cf9bb07fa8e7588a49c307e340f6073e2522010df24', 'c9e6c24f3df5d46b86ea042462b0cd25d5c9b4eff0734189895f2f7228c89e45', 'be53c11c-832a-44fd-a304-b45728ab6211', 'ios', '65ad300c-92e4-11ec-bd53-9e12bbd7d903', 'custom', NULL, '192.140.145.242', 'capturecustomer/1 CFNetwork/1325.0.1 Darwin/21.1.0', '2022-02-23 05:43:34', '2022-02-23 05:43:34', NULL),
(168, 77, '9786317e9819ebc4362c9039910599eb2385e67b01d46229b459ba25d38901ef', 'a3244b6a7e3cca6adfc958cc16f0a6d5d379f7c52293390a4a5d365617426a9f', '9f9763b6-94a1-4a1f-ad94-eeef7f00ec98', 'ios', 'e26a29d4-949b-11ec-a9c2-fa66d31c50e1', 'custom', NULL, '192.140.145.242', 'capturecustomer/1 CFNetwork/1325.0.1 Darwin/21.1.0', '2022-02-23 06:29:53', '2022-02-23 06:29:53', NULL),
(169, 77, '591b8c4e152e52806a862b6ab4984d8105585282a9ebbf1de0148a04f7044af9', 'd98cecf7c3257a39070f479b9a496596e12bc0da859f32ce3b3f92bcd010703a', 'cc8849bd-5b19-4146-a66d-1a0b9c2a99dc', 'ios', 'ee6d2eba-952d-11ec-83c5-96d35e591ba8', 'custom', NULL, '124.29.238.131', 'capturecustomer/1 CFNetwork/1240.0.4 Darwin/20.6.0', '2022-02-23 23:59:37', '2022-02-23 23:59:37', NULL),
(174, 77, 'cabbdb975ca2e3777f6c1a89670554e3610a42315bec2ab60ef64d47cf3630cd', 'fbe800f4048d6f2c3a84336663651eb85807dfe50f3cbda517168f75036dbb3c', '264f6c78-7430-4f99-86a3-be27fc29c662', 'ios', 'ee6d2eba-952d-11ec-83c5-96d35e591ba8', 'custom', NULL, '124.29.238.131', 'capturecustomer/1 CFNetwork/1240.0.4 Darwin/20.6.0', '2022-02-24 01:46:45', '2022-02-24 01:46:45', NULL),
(176, 78, '8e54bf5e6cabadec5fdb6d91e183864356e38a4ee10f94f64bd46d778c791e8a', 'cb5f8879b24f172df98d3d17753ff7d182cfa572840cb65fa0422e10fcee9de3', 'e772afbf-65a2-4263-9ef9-65a3763d55b5', 'android', '1234567890', 'custom', NULL, '110.93.250.194', 'PostmanRuntime/7.29.0', '2022-02-24 03:27:31', '2022-02-24 03:27:31', NULL),
(178, 77, '840f1740970be879c0d66213aa79fbf7fcde59fa31d96e61a2b310c4a1064487', '6deeda1c3bc57219f2dbb1366640431546d11efe7690e828498ca3c8adf755c8', 'e772afbf-65a2-4263-9ef9-65a3763d55b5', 'android', '1234567890', 'custom', NULL, '124.29.238.131', 'Mozilla/5.0 (Macintosh; Intel Mac OS X 10_15_7) AppleWebKit/537.36 (KHTML, like Gecko) Chrome/98.0.4758.102 Safari/537.36', '2022-02-24 05:46:27', '2022-02-24 05:46:27', NULL),
(183, 79, 'cb39cd136ad2b85fe636fa32ca4454c0252500d76ca9f1c1708b853ed5579312', 'fde7b6206ff22e7f5b519cf9ebc8b5d2c4789d6212a8057033aa576bb33651f2', '961f5231-1f8f-4cce-a20e-661207765b67', 'android', '6b6fc1dc-955d-11ec-b85f-c23a50ae4856', 'custom', NULL, '124.29.238.131', 'okhttp/3.12.12', '2022-02-24 05:36:16', '2022-02-24 05:36:16', NULL),
(185, 80, 'b4f89034ba08f15c1a4355d756d7a2a6c67d5c01845d1d725ac35d986a10eb54', 'ab7ac1d29910882ac2a6364851316533b9cdedaba98d71483e627396fd10be76', '3a6d1069-35ff-479f-87a5-bef584eefd36', 'android', '4787b6f0-9565-11ec-92b6-fe53e0058ccf', 'custom', NULL, '124.29.238.131', 'okhttp/3.12.12', '2022-02-24 06:40:31', '2022-02-24 06:40:31', NULL),
(186, 81, 'afea8203cbbdc28f3111ede7ee4ea7b1312bf3253f9c7f5781be917e8d3b4cbc', 'd1a1862d0508a7957a94b88204581189333c0e13edcdc71ad36ab9597b3d692b', 'c556646d-2c5b-4a1c-ab4e-f4a162b0d081', 'android', 'f5a1a9cc-9866-11ec-a174-f6d707767293', 'custom', NULL, '192.140.145.242', 'capturebroker/1 CFNetwork/1240.0.4 Darwin/20.6.0', '2022-02-28 03:06:12', NULL, NULL),
(190, 81, 'c2c2a9a23b72e680e4822b77633d7a16468ab1c14e6f2bca1b8dbe33c44e1012', '51ec6e12e7c47e00afdb28171b9f207ca0b2ff5a57b0dd06cc3fba762aafc6fe', 'd9e4d37f-b6da-44e0-a1d6-7bc45a4594ef', 'android', 'f5a1a9cc-9866-11ec-a174-f6d707767293', 'custom', NULL, '124.29.238.131', 'capturebroker/1 CFNetwork/1240.0.4 Darwin/20.6.0', '2022-02-28 15:03:06', '2022-02-28 15:03:06', NULL),
(191, 81, '11f87b5cdb884726eb2413c665550ad3453f896462f0909cd3899e68cb0c39ba', 'bfc9cf887db80097ae24ac667355cd1c5e13678f2fdd70b52880c950d1ca3558', '9e9c1274-fb79-4758-92d9-b66ec849e108', 'android', '4ad73884-934a-11ec-becd-02525edff3f9', 'custom', NULL, '96.255.60.50', 'capturebroker/1 CFNetwork/1329 Darwin/21.3.0', '2022-02-28 18:49:44', '2022-02-28 18:49:44', NULL),
(192, 83, 'f3091c3b56fa89f078327f3e4afdfad78b958e19e05185e67fbf270d9e1f50d7', '37119145f8172c470bdaf40bac4d4ba663034b132179c35024d1d2a66d000430', 'a80ad55a-c2e5-4efc-b432-6fa51683a737', 'ios', '055cabc4-98f2-11ec-ae3a-dedce3003b03', 'custom', NULL, '96.255.60.50', 'capturecustomer/1 CFNetwork/1329 Darwin/21.3.0', '2022-02-28 18:57:55', '2022-02-28 18:57:55', NULL),
(198, 87, 'a0e0b907d922077d74906e959a02a9826bbb1b8402784b0d1c7cecbbfa5e44ea', 'df0659c6a765cf36fdf954cde06cc49de1f44aaace6463d2dae8121d96679a7e', 'e772afbf-65a2-4263-9ef9-65a3763d55b51', 'android', '1234567890', 'custom', NULL, '110.93.250.194', 'PostmanRuntime/7.29.0', '2022-03-07 07:29:28', NULL, NULL),
(199, 87, '745617cd4666ce42d020652fed9a1839596413da44fe1b86412608a555686ea1', '8843654d65d7d750e10eb175621cf12daa637eca034236b4ffd87fca12ec5a71', 'e772afbf-65a2-4263-9ef9-65a3763d55b5', 'android', '1234567892', 'custom', NULL, '110.93.250.194', 'PostmanRuntime/7.29.0', '2022-03-07 07:30:15', '2022-03-07 07:30:15', NULL),
(201, 73, '922f056aa9dd253319b5fca6ffa284924b32824061bc5b98e91729c2fc8350d9', 'dca87ec4c667e5940d35d819af47ceefb34d46ab32009903f5c7a77da69996db', 'ec27b157-c98a-4b4d-b9d9-b60aee30fb56', 'ios', 'e26a29d4-949b-11ec-a9c2-fa66d31c50e1', 'custom', NULL, '192.140.145.242', 'capturecustomer/1 CFNetwork/1325.0.1 Darwin/21.1.0', '2022-03-07 09:32:46', '2022-03-07 09:32:46', NULL),
(205, 80, '5209ee93ff8a7b0751faab6246b24c71fc0d837a3fd3d323743fc358fb7e3669', '7793584aa53c4918dd85a20d00a23769c6a7a2d18b8796b72e611c6603464e0f', 'fe2a7bf9-4e02-478b-83a9-1e23dfdf7334', 'ios', 'e26a29d4-949b-11ec-a9c2-fa66d31c50e1', 'custom', NULL, '124.29.238.131', 'capturecustomer/1 CFNetwork/1325.0.1 Darwin/21.1.0', '2022-03-07 11:55:21', '2022-03-07 11:55:21', NULL),
(213, 92, '8f66d8779383d0acdb1def7a47c4380c5c87273da430da8b6db6ff246d4f5b4c', '034c9d06c748c62c95e55fa4f7524e10105d85f6140e9d22c84fcd6dfea7c595', 'a536ef43-65f9-4d1a-bd99-32669e3d6cbf', 'android', '3ec51ef6-a51c-11ec-842d-16557e0cef69', 'custom', NULL, '192.140.145.242', 'okhttp/3.12.12', '2022-03-16 10:33:27', '2022-03-16 10:33:27', NULL),
(214, 93, '38ea5446599d824421d462570c7c3bfdfdf6da3ef08931f8d9ef252f253e16e2', '7e88e208ba80b675f79c0c33aed0aa583658e558448372ff7f820ea500b7dab6', '8dba8e91-4302-475a-8d86-e45a73006cbd', 'android', 'd4150072-a2b8-11ec-b7af-7e77665ebd34', 'custom', NULL, '111.119.183.47', 'capturebroker/1 CFNetwork/1240.0.4 Darwin/20.6.0', '2022-03-16 15:20:35', NULL, NULL),
(225, 93, 'b5f519ff343bfa4686726f3b02ed56327b80faf5187ae769e474fdccd7080599', 'cfc563c550b32113c28c9c2ced05bae05c4937ab4f65d4a9ed6ab02b9979fb37', '04098a8a-c172-44c4-87f0-76def1cb1935', 'android', 'fec48faa-a87f-11ec-b14d-86c9f25ce2ef', 'custom', NULL, '204.157.97.55', 'okhttp/3.12.12', '2022-03-20 18:01:23', '2022-03-20 18:01:23', NULL),
(226, 97, '2e8bba9790fa9f9aabdb3561d1508d9fce48da219bfb51aae5483df3f27ec66d', '510b5b45184a9d84df807e46e1769f1543635659d8b008090545a6f464e24fab', 'c24266b4-e0bf-4e49-8a60-44dc48cc9621', 'android', 'd4150072-a2b8-11ec-b7af-7e77665ebd34', 'custom', NULL, '204.157.97.55', 'capturebroker/1 CFNetwork/1240.0.4 Darwin/20.6.0', '2022-03-20 18:09:54', NULL, NULL),
(227, 97, '3bc4f114f9fc70a8eaf1aebc7bc99a85be81eb563a1f6f3a9ceb4cbec907eb5b', '1771e8dbfa21332322239add58abdc6fbdf047307682ed7e8066e5bb32eab378', '1f734379-de41-4d8b-acd2-9abf2e13c87c', 'android', 'd4150072-a2b8-11ec-b7af-7e77665ebd34', 'custom', NULL, '204.157.97.55', 'capturebroker/1 CFNetwork/1240.0.4 Darwin/20.6.0', '2022-03-20 18:11:06', '2022-03-20 18:11:06', NULL),
(230, 98, 'ce3e7af2434dd9a47a2f653eb693240b99205f6ed231b3fd32fe9969c612137e', 'dea47ac352a851df0366836f76778fce664e8dc5849ff0efe6d506b0758bacf2', '48582aa4-1ca6-49a8-8c17-31a89f58099f', 'android', '3eb1f6b4-a909-11ec-b2e0-ee8d014df12b', 'custom', NULL, '124.29.238.131', 'okhttp/3.12.12', '2022-03-21 10:28:37', '2022-03-21 10:28:37', NULL),
(235, 101, '10295824a9cff9615a9f9b49b2fa38f9925828a20370a4d14af1420bd53b280e', 'e3e6d818aebfecc19eff1c32d2f0164ffbb6cc35c25707b083f431602fb6a699', '52906b83-85fc-492a-972d-c515257cbad7', 'ios', 'a7dcc6a8-a99c-11ec-a681-86ede277dfe8', 'custom', NULL, '124.29.238.131', 'capturecustomer/1 CFNetwork/1312 Darwin/21.0.0', '2022-03-22 05:17:00', '2022-03-22 05:17:00', NULL),
(241, 102, '6fffb549fed40f951c66ea07007b846d0824279a81ab82591df57f547157b747', '308244d2dd731b68c8f4361a3a6777f79afff10447a095a4fa835a93337c19da', '00850a07-37b6-4444-8116-067b7fcb2426', 'android', '904b8efc-aa69-11ec-9091-3a55397ca2be', 'custom', NULL, '124.29.238.131', 'capturebroker/1 CFNetwork/1325.0.1 Darwin/21.1.0', '2022-03-23 08:47:47', '2022-03-23 08:47:47', NULL),
(242, 103, '3350782a64ff1da023fc033ea2d92e290fec06744f58cce6c5de858288ec6337', '9cf778b228d685cd1b2ba2b568dc1ffb2eeaa912aefca43630569a61a2141e8a', '15257270-9178-4073-9338-d74632abb3c1', 'ios', 'd74b2a74-aa69-11ec-a18c-2643063cd051', 'custom', NULL, '110.93.250.194', 'capturecustomer/1 CFNetwork/1325.0.1 Darwin/21.1.0', '2022-03-23 10:59:01', '2022-03-23 10:59:01', NULL),
(243, 102, '40b7c7b1156478bf815d259df3687384f140efd2e6a8faf0bb5cf7f3e169f5cf', '03a13238c02e6c3e5ff8de2e13a612642d10a186a77ceb126350af27ec2f9a5e', 'e772afbf-65a2-4263-9ef9-65a3763d55b5', 'android', '1234567892', 'custom', NULL, '110.93.250.194', 'PostmanRuntime/7.29.0', '2022-04-14 11:38:04', '2022-04-14 11:38:04', NULL),
(244, 103, '0b232a9e3b1fe24e336e7bad205110025bd8e2a7ccee61ea57843e3720257223', '11b4bb24dacdcae26a30655d71177e47e95cdec92f0cae6eb8a4068dd9b096d6', 'e772afbf-65a2-4263-9ef9-65a3763d55b5', 'android', '1234567890', 'custom', NULL, '110.93.250.194', 'PostmanRuntime/7.29.0', '2022-04-22 06:23:35', '2022-04-22 06:23:35', NULL),
(262, 103, 'd1fa1423966bfcd4260f1bdb6eae81030461cc24a5673e391cd9024f7283de46', '6004f4d79c61ca494c56bf4bd8228f88709314a7b861e2312db83cc2572ddfd9', '705b3dbb-21c9-4f0d-9520-817e83790554', 'ios', 'd0015720-ab54-11ec-ab9e-2e568411efa6', 'custom', NULL, '124.29.238.131', 'capturecustomer/1 CFNetwork/1325.0.1 Darwin/21.1.0', '2022-03-24 08:36:31', '2022-03-24 08:36:31', NULL),
(264, 106, '6c9c0aa6ed527abfa59b47341170155e2576078c4443cb9e8a6897cd4f010b65', '08cd6fda305a09db8a5a308731f70cfafca0b4edd8209cda37ec20b9671cafba', 'de133370-828a-4f31-871f-ced4c9e5bd33', 'ios', '834a3b64-a90a-11ec-aa67-8a685bfae426', 'custom', NULL, '124.29.238.131', 'capturecustomer/1 CFNetwork/1240.0.4 Darwin/20.6.0', '2022-03-24 09:25:50', '2022-03-24 09:25:50', NULL),
(273, 106, 'eef112f5e1a5527c3a3ee9fded89e73daf024c7be1780260a4c2b3dfe7179c8b', '7915fc8761d0f5adcf70ea91e83a1da7f4900d7b94e374153c10d3c186f61b3a', 'ff740621-a8c7-45d8-8e74-197d9c50016a', 'ios', '5a97c484-ac2f-11ec-a5e6-f23affe8e2f6', 'custom', NULL, '192.140.145.242', 'capturecustomer/1 CFNetwork/1240.0.4 Darwin/20.6.0', '2022-03-25 11:01:27', '2022-03-25 11:01:27', NULL),
(280, 110, 'e25dcbd7a673b28a39c994ca6d6fefd7f9ae6e43add70943c8a4af0316e841b4', '59aad5f4ede851db9814901ee773a4bd85a6f4f8ce868e5d837282612ca10269', '7b06259c-6f8f-41f5-954e-166f2bcab209', 'android', '2c8404a0-ac88-11ec-a477-9ac0b1f5800e', 'custom', NULL, '96.255.60.50', 'capturebroker/1 CFNetwork/1329 Darwin/21.3.0', '2022-03-25 21:57:17', NULL, NULL),
(281, 1, 'a4f029906f172ff6e90c09afc2a87e337b1f7dbfea8ddfda435903178bc3491a', 'f41254c8ab6fce80010f010dfea150a30ec6e70e147d5fcf4dd326774f501371', '7b06259c-6f8f-41f5-954e-166f2bcab209', 'android', '2c8404a0-ac88-11ec-a477-9ac0b1f5800e', 'custom', NULL, '96.255.60.50', 'capturebroker/1 CFNetwork/1329 Darwin/21.3.0', '2022-03-28 03:54:30', '2022-03-28 03:54:30', NULL),
(283, 111, '341946dac4630267f1432afd659e57ad62d36d3950952e2414790c5346239997', '5adce1f5d4883f630a91032e85fb00a811e4ba53f6101331962fde15ef4e08ff', '71b061fb-f923-4e71-8579-239dd44e38c4', 'android', '685f413e-afa2-11ec-99e5-2eb4e83a0bd6', 'custom', NULL, '96.255.60.50', 'capturebroker/1 CFNetwork/1329 Darwin/21.3.0', '2022-03-29 20:08:37', '2022-03-29 20:08:37', NULL),
(284, 112, '72be8d90f7c717bef60b577fdaa45f6605bfba20f0a4185e56cc9bd8b2cb68e0', '14df83c685d9ea09326e0ec27782f8a0322690091a7a55ab1f572253ac6f6297', '41133c9e-e56c-49c1-8654-88533fdb9003', 'android', '939984b8-af9d-11ec-b3e2-1e2b91818f66', 'custom', NULL, '96.255.60.50', 'okhttp/3.12.12', '2022-03-29 21:13:41', '2022-03-29 21:13:41', NULL),
(286, 4, 'aee1ace0a8e12934a1965962030c72556a7dd61f1a8226df81f0af1536245ab6', '84f5827b6e3cef9f2d3f4474e27d89bb672981889253f84dc997cc10d8e187b6', 'b015505e-c597-4240-8397-7d75df8c60d5', 'android', 'b082d32a-955a-11ec-8ec1-92278a8719cc', 'custom', NULL, '124.29.238.131', 'capturebroker/1 CFNetwork/1329 Darwin/21.3.0', '2022-04-11 09:28:24', '2022-04-11 09:28:24', NULL),
(287, 4, 'a4507afed72814a680586f567c4573ef69e493df22bcd95612215985106c0dd0', '7f4c8fc98a47a7943b7c38448694fc3ee56c14f4b0076c20cd199cc92cb10777', '782964c3-7201-4862-a99d-d71c3e1d21f3', 'android', '2c9ea810-584f-4f8d-8851-115a5af044e0', 'custom', NULL, '124.29.238.131', 'capturebroker/1 CFNetwork/1329 Darwin/21.3.0', '2022-04-11 09:45:51', '2022-04-11 09:45:51', NULL),
(289, 102, 'fddb18bb6fda0b7f6d1e2caf2bb59d679ba7641d9875dcc811e788bbebec76e1', '4a3c27c538a28b08470c41cc44e9df1b69dcd5c3d0644e6c7594709a20240d6f', '90b8673f-4a97-47b0-95c5-de0a961f4d56', 'android', '63401446-4478-4e59-b817-14e0b8f04567', 'custom', NULL, '192.140.145.242', 'okhttp/3.12.12', '2022-04-12 06:13:43', '2022-04-12 06:13:43', NULL),
(290, 102, '2f9c3f011f5648335b0e6445b30e034d3dd728a143ac96521078cd8ec1e4bbe8', '78fee1e410d7b441efd1eb948d554031ef61ac7ab9b102e832003d433caa3937', '4a0b41d8-d9c2-4474-8cae-fee695570d33', 'android', '0551e624-3e9e-44fc-8e17-8703de9a61c5', 'custom', NULL, '124.29.238.131', 'okhttp/3.12.12', '2022-04-12 08:29:24', '2022-04-12 08:29:24', NULL),
(291, 115, '56407113e28ba7c1ac355b6197a976d23ad3707e6b2f3667ac587e99b860be70', '174bff9caf3a7227831f76c18cc23a3e49c87781560da0172e7c6c748e97c957', 'e772afbf-65a2-4263-9ef9-65a3763d55b5', 'android', '1234567892', 'custom', NULL, '110.93.250.194', 'PostmanRuntime/7.29.0', '2022-04-19 06:21:48', '2022-04-19 06:21:48', NULL),
(294, 102, '051344df83e2d20c8a18e8bad4467d73b1d653277789fef128cecfde59628c80', '05f6dbf5eb4e577400f9d1647fefddb5be48a450a964fabcdb2356b0dc7c288a', 'dc970c85-6630-40a7-9be6-d36f238cc04c', 'android', '52daa131-7ef9-4dcc-91bf-faf741a56bdd', 'custom', NULL, '192.140.145.242', 'capturebroker/1 CFNetwork/1325.0.1 Darwin/21.1.0', '2022-04-19 06:35:01', '2022-04-19 06:35:01', NULL),
(295, 102, '77b7b32b62ebfb29612faa9a87e78951ac1dfe17b589b8d71f48e02ae2e995f6', '9b90be077e8bfb67b356fd9c02f43d20f769bed1255005d613db294ee77817ec', '754f2cc2-a3e6-40b9-a09d-24788bd28440', 'android', '52daa131-7ef9-4dcc-91bf-faf741a56bdd', 'custom', NULL, '192.140.145.242', 'capturebroker/1 CFNetwork/1325.0.1 Darwin/21.1.0', '2022-04-20 05:39:39', '2022-04-20 05:39:39', NULL),
(296, 103, '8cfcecfd599215f53939bdd3b02f02a69970c6ffbefe4fc4c9f80e606c427e54', 'dffac9cae8430d657e79314ed38903ac25090f5aa687492e4fc768cce0f8f9df', '27e34a8e-a7c9-4541-8e66-dba80f00503e', 'ios', '2f60df18-ab6b-11ec-be36-66e7cec4a21f', 'custom', NULL, '192.140.145.242', 'capturecustomer/1 CFNetwork/1325.0.1 Darwin/21.1.0', '2022-04-20 08:51:53', '2022-04-20 08:51:53', NULL),
(297, 103, '0b0c8f35e266b175521aa067dd6428e34073770366b50378f2de8221400293d4', '8e56c9524d2b2c0de354b377187af855ccf1a582ae81894dcf24a1c0882b1adb', 'a599ceac-298b-4928-bbb4-1b271c5cbb91', 'ios', '59fd8b68-f828-48ff-915b-c8240a4fcb60', 'custom', NULL, '110.93.250.194', 'capturecustomer/1 CFNetwork/1312 Darwin/20.6.0', '2022-04-22 03:48:05', '2022-04-22 03:48:05', NULL),
(298, 103, '4fa93b64a6db4f950b2597fdfcb0e8375e1b7a0bd3bbb04cf1a326bb0c02e74e', 'a279e4b642ebff0af4588247e633921638a681b74e25e1b5bd28918bdfebead5', '1f492a38-5a27-411d-8fe3-9d7cc276ba10', 'android', 'ba974d04-c075-4004-a6ac-aaa3406ef3ae', 'custom', NULL, '110.93.250.194', 'okhttp/3.12.12', '2022-04-25 04:50:51', '2022-04-25 04:50:51', NULL),
(304, 120, '57a04e50bc3a28cd301f04c9c5c9f08ccf9019b2b314b4ed3a16185a3149bb19', '1d70fecc9f45ffffbbdb0d1a1a91e19bca117687a1f6c83507e025626dfdd387', '92c80c03-525e-48dd-b492-5faef209ab2c', 'android', 'cab90303-8ee9-4f7b-8a59-fd36c047c801', 'custom', NULL, '110.93.250.194', 'capturebroker/1 CFNetwork/1240.0.4 Darwin/20.6.0', '2022-05-09 12:02:09', NULL, NULL),
(306, 120, '0272d946bfcfea4d705d6a71b36d90011512a2775026dc94a588b4f71ab31942', '2beb457c21d63bd530e61b5f03d26e32068d6ae8787afb9ebae40a43143ab55a', '67333832-d85b-453f-a5c7-a22d15bda122', 'android', 'cab90303-8ee9-4f7b-8a59-fd36c047c801', 'custom', NULL, '110.93.250.194', 'capturebroker/1 CFNetwork/1240.0.4 Darwin/20.6.0', '2022-05-09 12:16:57', '2022-05-09 12:16:57', NULL),
(308, 71, '3b12993b7f8338a827e539cfe488ddc5c0ed0379075a2f1cf6e853f713453786', 'ff8249f515a855b7f6a0f6ffb4bcc29707ce419a7f9ecbbc28a66e60c3569162', 'c8c3134e-96fb-4bf5-a55c-94f152936225', 'android', 'bfe9ccf3-7cc0-403c-a7c6-d910800694dd', 'custom', NULL, '110.93.250.194', 'capturebroker/1 CFNetwork/1331.0.7 Darwin/21.4.0', '2022-05-19 05:33:16', '2022-05-19 05:33:16', NULL),
(309, 88, '05c2a29596df1c2cbc5c9f0e7d2b2ddbb86c0525b1862358259a462c75575a90', '81828906374925a5e88a00004a35e52a281c5624d79ded724f611fd951b9d743', '4729d1c5-4ae3-4393-ac0d-7a98053d7bcf', 'ios', 'eec7c132-1aa2-46c3-be08-9d8222faa202', 'custom', NULL, '110.93.250.194', 'capturecustomer/1 CFNetwork/1331.0.7 Darwin/21.4.0', '2022-05-19 05:43:32', '2022-05-19 05:43:32', NULL),
(311, 94, 'e184a372126a5681e7efa527f5df48430e44496529631612606381ea43499b1e', 'df93efe2b2aacfd9104ca66d746d6b498330c4d49ad608d7511dd861116c1120', 'aaa6a9bb-e5ed-4733-ae5f-1d65035153f5', 'android', 'a5deaff8-9680-417a-aa96-81db06718cd2', 'custom', NULL, '110.93.250.194', 'capturebroker/1 CFNetwork/1333.0.4 Darwin/21.5.0', '2022-06-03 09:08:10', '2022-06-03 09:08:10', NULL),
(315, 123, '29e99bccd7ee3bbcb0809704ad3cf3864f0f00346bfa86b94f2bd1d515715bd3', '584a43a1f77ad7a3640087d669bcf86311829f10a5f317496cba128af50b0de3', '4451c8dd-9dab-418d-ae1d-eba7563c8829', 'android', '3bc5ffb5-8b6b-4f44-a53b-a42e718ec8dc', 'custom', NULL, '110.93.250.194', 'capturebroker/1 CFNetwork/1240.0.4 Darwin/20.6.0', '2022-06-09 13:56:56', NULL, NULL),
(318, 126, '6107761cea5b35966044a140e2466b4995ef5166988d54120d30a9e02fb699cc', '25fd27b1be08013928f37317449188603cf62320417542380cb9a3e46884069e', '6a9a3880-4e57-468a-92c9-6fcc3f1349c8', 'android', '1963d3b9-231c-415a-8fc1-e5a1558a1b04', 'custom', NULL, '173.66.214.235', 'capturebroker/1 CFNetwork/1333.0.4 Darwin/21.5.0', '2022-06-09 21:02:45', NULL, NULL),
(326, 111, '2d45715654aa5bdc271e926bd970c82ec9e741e24d8ecf888c2ba583ccc45911', '0a72497bad28c49852792e3301660ac05f5de9e62f4b35e40f7dfa8908250bfb', '96ee2836-a3f2-4553-a5bc-05f64d4cc705', 'android', 'cd889730-5681-4940-83b4-31bac0a15709', 'custom', NULL, '172.58.191.190', 'capturebroker/1 CFNetwork/1333.0.4 Darwin/21.5.0', '2022-06-12 18:44:07', '2022-06-12 18:44:07', NULL),
(327, 94, '6da5e05792093c95236469a02dc26034a27e06755d95fbf77279818c557bdd50', 'e5d6533e441ac089009087ea230234c56196cecc0a11dc4e49c875c1bffb93e1', '57c824f1-460d-4a34-9459-1f467f34a0cd', 'android', '70d0b9ce-9e64-47c8-93f3-ab4161d82168', 'custom', NULL, '110.93.250.194', 'capturebroker/1 CFNetwork/1325.0.1 Darwin/21.1.0', '2022-06-13 04:05:17', '2022-06-13 04:05:17', NULL),
(328, 101, 'c7b5c20f0348a5c3e89707bf7118d8bc98ddaa2d49f3fb3e146224ba867c2fc1', 'e64a2b0891ef610d09dc04f679299fec730f5cc3875c33781ebab29a0000ffdd', '93c6e5be-770d-4e10-9259-d90c49378a6a', 'ios', '66550059-f45d-445a-bc2b-246f0585e3f5', 'custom', NULL, '110.93.250.194', 'capturecustomer/1 CFNetwork/1325.0.1 Darwin/21.1.0', '2022-06-13 04:08:06', '2022-06-13 04:08:06', NULL),
(329, 94, '47028d998e83f1f4aac783b61dbeeef40b60bd8f692698483cfcbd7748b54a0d', '8dc04e9d792dd2d5c4417f6f4a2a154e8fd84848858bb5747bf74963d11fbc51', '96725b6a-26e7-465b-837c-7016afdd300a', 'android', 'ae091646-a4a5-485c-96cf-6bf075d801bd', 'custom', NULL, '110.93.250.194', 'okhttp/3.12.12', '2022-06-13 06:41:03', '2022-06-13 06:41:03', NULL),
(330, 105, '4be60a6d07a3dc78989b55a393ed255481f9d8594ded263080a9db1f566e58a2', 'ee03ab19ed3977b2a5700ae18521c8da7229c3989586e4a08a4a04d948809539', '1fd12f45-2c7c-4db6-a6fb-3fc097b99f64', 'android', 'bee34187-25b6-411c-8baa-d5d6bbda2809', 'custom', NULL, '110.93.250.194', 'capturebroker/1 CFNetwork/1240.0.4 Darwin/20.6.0', '2022-06-13 09:06:14', '2022-06-13 09:06:14', NULL),
(335, 129, '02c47c620d25b104abb9554f0a8b6a278442918bade316d74e506f3734f23ac7', 'bf0169a86b1a14cc20b97488ea02e14335ec52c13e982fe9d9b17306e6663ee2', '58331099-6303-4011-b470-e442e3ece11e', 'ios', 'f130777e-7dff-442f-b85f-c2c65d4c3c15', 'custom', NULL, '172.58.63.152', 'capturecustomer/1 CFNetwork/1333.0.4 Darwin/21.5.0', '2022-07-01 02:07:37', '2022-07-01 02:07:37', NULL),
(337, 71, '85bfbff3fa6a3a558887a1da0e4a68cfb21a59586d82341a4c0b0c24d4eedfd5', '58fca1bf50be33b828d20e85b03959b8a53162287afa22c2d0911dfb2892ff05', '65ddcf79-ece8-4d63-b844-b11f7a6f7409', 'android', '7dd735fe-a6aa-11ec-96ac-568793d651c6', 'custom', NULL, '110.93.250.194', 'capturebroker/1 CFNetwork/1240.0.4 Darwin/20.6.0', '2022-07-08 11:29:02', '2022-07-08 11:29:02', NULL),
(339, 71, 'c9a41e6c255e0315940139c3379a819aca97181724193dcc499cb2df58728190', '5c654718697eb9cc2366e2a2e04a9d3657cb1a3b07345f0b21042f7eb483e9cd', '4ba4f3fd-91ca-4936-9bdb-bd1854349882', 'android', '4dc762e6-2d30-413a-aff0-472cc9bc0bbb', 'custom', NULL, '110.93.250.194', 'capturebroker/1 CFNetwork/1312 Darwin/21.0.0', '2022-07-13 10:06:40', '2022-07-13 10:06:40', NULL),
(340, 71, '09c9b0c8111e7cf20c52383b3f34cec1f313038461f0983107d7d23315f0534f', '73d127e0fd6450b38f2a5af63fe41e076e0867b1a4fbc4a171c445a1132cd5c1', 'cea17c2e-1269-4150-bdc7-28f65010fb6e', 'android', 'ccb36fbf-1f49-4fe0-aa81-72144f373a17', 'custom', NULL, '110.93.250.194', 'capturebroker/1 CFNetwork/1325.0.1 Darwin/21.1.0', '2022-07-13 10:47:29', '2022-07-13 10:47:29', NULL);

-- --------------------------------------------------------

--
-- Table structure for table `user_groups`
--

CREATE TABLE `user_groups` (
  `id` bigint(20) UNSIGNED NOT NULL,
  `title` varchar(50) COLLATE utf8mb4_unicode_ci NOT NULL,
  `slug` varchar(50) COLLATE utf8mb4_unicode_ci NOT NULL,
  `status` enum('1','0') COLLATE utf8mb4_unicode_ci NOT NULL DEFAULT '1',
  `created_at` timestamp NULL DEFAULT NULL,
  `updated_at` timestamp NULL DEFAULT NULL,
  `deleted_at` timestamp NULL DEFAULT NULL
) ENGINE=InnoDB DEFAULT CHARSET=utf8mb4 COLLATE=utf8mb4_unicode_ci;

--
-- Dumping data for table `user_groups`
--

INSERT INTO `user_groups` (`id`, `title`, `slug`, `status`, `created_at`, `updated_at`, `deleted_at`) VALUES
(1, 'Agent', 'agent', '1', '2021-12-02 06:29:29', NULL, NULL),
(2, 'Customer', 'customer', '1', '2021-12-02 06:29:29', NULL, NULL);

-- --------------------------------------------------------

--
-- Table structure for table `user_review`
--

CREATE TABLE `user_review` (
  `id` bigint(20) UNSIGNED NOT NULL,
  `user_id` bigint(20) UNSIGNED NOT NULL,
  `buyer_id` bigint(20) UNSIGNED NOT NULL,
  `buyer_property_id` bigint(20) UNSIGNED NOT NULL,
  `slug` varchar(255) COLLATE utf8mb4_unicode_ci NOT NULL,
  `rating` varchar(255) COLLATE utf8mb4_unicode_ci NOT NULL,
  `review` text COLLATE utf8mb4_unicode_ci NOT NULL,
  `status` enum('0','1') COLLATE utf8mb4_unicode_ci NOT NULL DEFAULT '0',
  `created_at` timestamp NULL DEFAULT NULL,
  `updated_at` timestamp NULL DEFAULT NULL,
  `deleted_at` timestamp NULL DEFAULT NULL
) ENGINE=InnoDB DEFAULT CHARSET=utf8mb4 COLLATE=utf8mb4_unicode_ci;

--
-- Dumping data for table `user_review`
--

INSERT INTO `user_review` (`id`, `user_id`, `buyer_id`, `buyer_property_id`, `slug`, `rating`, `review`, `status`, `created_at`, `updated_at`, `deleted_at`) VALUES
(1, 12, 3, 8, '61af81f9d2e8e', '4', 'Dd', '1', '2021-12-07 15:47:05', '2021-12-07 15:47:05', NULL),
(2, 12, 3, 9, '61af822ce054a', '4', 'Bzbz', '1', '2021-12-07 15:47:56', '2021-12-07 15:47:56', NULL),
(3, 14, 6, 12, '61b9fffe24261', '5', 'ludlud', '1', '2021-12-15 14:47:26', '2021-12-15 14:47:26', NULL),
(4, 5, 1, 4, '61bb32c00f601', '3', 'To good', '1', '2021-12-16 12:36:16', '2021-12-16 12:36:16', NULL),
(5, 21, 15, 26, '61caf4a928ee2', '5', 'Fg', '1', '2021-12-28 06:27:37', '2021-12-28 06:27:37', NULL),
(6, 106, 61, 77, '623c210a97a41', '5', 'I like it', '1', '2022-03-24 06:43:06', '2022-03-24 06:43:06', NULL),
(7, 106, 68, 96, '623daa5877468', '5', 'Good', '1', '2022-03-25 10:41:12', '2022-03-25 10:41:12', NULL),
(8, 112, 79, 107, '624f32ec04aaa', '4', 'Love it', '1', '2022-04-07 17:52:28', '2022-04-07 17:52:28', NULL);

-- --------------------------------------------------------

--
-- Table structure for table `user_subscriptions`
--

CREATE TABLE `user_subscriptions` (
  `id` bigint(20) UNSIGNED NOT NULL,
  `user_id` bigint(20) UNSIGNED NOT NULL,
  `subscription_package_id` bigint(20) UNSIGNED NOT NULL,
  `gateway_transaction_id` varchar(255) COLLATE utf8mb4_unicode_ci NOT NULL,
  `gateway_original_transaction_id` varchar(255) COLLATE utf8mb4_unicode_ci NOT NULL,
  `subscription_expiry_date` date NOT NULL,
  `status` enum('active','expired','cancel') COLLATE utf8mb4_unicode_ci NOT NULL,
  `is_trial_period` enum('0','1') COLLATE utf8mb4_unicode_ci NOT NULL,
  `device_type` varchar(255) COLLATE utf8mb4_unicode_ci NOT NULL,
  `created_at` timestamp NULL DEFAULT NULL,
  `updated_at` timestamp NULL DEFAULT NULL,
  `deleted_at` timestamp NULL DEFAULT NULL
) ENGINE=InnoDB DEFAULT CHARSET=utf8mb4 COLLATE=utf8mb4_unicode_ci;

--
-- Dumping data for table `user_subscriptions`
--

INSERT INTO `user_subscriptions` (`id`, `user_id`, `subscription_package_id`, `gateway_transaction_id`, `gateway_original_transaction_id`, `subscription_expiry_date`, `status`, `is_trial_period`, `device_type`, `created_at`, `updated_at`, `deleted_at`) VALUES
(1, 3, 1, '1000000922731151', '1000000912342041', '2022-02-01', 'expired', '1', 'ios', '2021-12-03 04:57:07', '2021-12-03 04:57:11', NULL),
(2, 3, 1, '1000000922731688', '1000000912342041', '2022-12-03', 'expired', '0', 'ios', '2021-12-03 04:57:11', '2021-12-06 11:51:18', NULL),
(3, 4, 1, '1000000923314211', '1000000923314211', '2022-02-01', 'expired', '1', 'ios', '2021-12-03 06:00:57', '2021-12-21 09:41:48', NULL),
(4, 9, 1, 'GPA.3331-3339-2072-70817', 'kckjcjdnmkejgjnnakafjdpp.AO-J1OyZDGO3NMOoHHTVK9dxEHJBUBgnRTtFUG-Zkeeu-vctwxccU9xCRLlv-L72i_2ymDQKOKFfEMnLyJsyiOyKdhUOemHwaw', '2022-02-01', 'active', '1', 'android', '2021-12-03 11:59:22', '2021-12-03 11:59:22', NULL),
(5, 3, 1, '1000000922733726', '1000000912342041', '2022-12-06', 'expired', '0', 'ios', '2021-12-06 11:51:18', '2021-12-06 11:53:01', NULL),
(6, 3, 1, '1000000924914560', '1000000912342041', '2022-12-06', 'expired', '0', 'ios', '2021-12-06 11:53:01', '2021-12-06 11:55:44', NULL),
(7, 3, 1, '1000000924915137', '1000000912342041', '2022-12-06', 'expired', '0', 'ios', '2021-12-06 11:55:44', '2021-12-06 11:58:29', NULL),
(8, 3, 1, '1000000924915694', '1000000912342041', '2022-12-06', 'expired', '0', 'ios', '2021-12-06 11:58:30', '2021-12-07 05:39:59', NULL),
(9, 11, 1, 'GPA.3361-6990-9111-05849', 'obcgandhkheegkndidednjkj.AO-J1Oyi1ZPJ5iRV877tzewEcbKqC3ky3nbZRt8fO2oFSGpeahSuL8jxstBr9ngvmHLmOnzvzwgon85vxZIhDNfxzCfdIamdiw', '2022-02-04', 'active', '1', 'android', '2021-12-06 13:38:08', '2021-12-06 13:38:08', NULL),
(10, 3, 1, '1000000924919795', '1000000912342041', '2022-12-07', 'expired', '0', 'ios', '2021-12-07 05:39:59', '2021-12-07 05:43:38', NULL),
(11, 3, 1, '1000000925411197', '1000000912342041', '2022-12-07', 'expired', '0', 'ios', '2021-12-07 05:43:39', '2021-12-07 05:49:17', NULL),
(12, 3, 1, '1000000925416985', '1000000912342041', '2022-12-07', 'expired', '0', 'ios', '2021-12-07 05:49:17', '2021-12-07 05:53:51', NULL),
(13, 3, 1, '1000000925419360', '1000000912342041', '2022-12-07', 'expired', '0', 'ios', '2021-12-07 05:53:51', '2021-12-07 05:54:44', NULL),
(14, 3, 1, '1000000925420195', '1000000912342041', '2022-12-07', 'expired', '0', 'ios', '2021-12-07 05:54:44', '2021-12-07 05:56:33', NULL),
(15, 3, 1, '1000000925424083', '1000000912342041', '2022-12-07', 'expired', '0', 'ios', '2021-12-07 05:56:33', '2021-12-07 05:57:00', NULL),
(16, 3, 1, '1000000925424083', '1000000912342041', '2022-12-07', 'expired', '0', 'ios', '2021-12-07 05:56:33', '2021-12-07 05:57:00', NULL),
(17, 3, 1, '1000000925424129', '1000000912342041', '2022-12-07', 'expired', '0', 'ios', '2021-12-07 05:57:00', '2021-12-07 06:02:31', NULL),
(18, 3, 1, '1000000925425370', '1000000912342041', '2022-12-07', 'expired', '0', 'ios', '2021-12-07 06:02:31', '2022-02-15 00:07:25', NULL),
(19, 13, 1, 'GPA.3358-4842-5257-29422', 'lgbnhnplgpbjnhibfpibpcgd.AO-J1OwndRRhP8sdyEfuMtc1Mz3AHknscrI93U9X-tLw9js6DWKSHN9ZXFezkR6gSn5zdIFJd1EGnNt3PkCGfMtx6oqG5rhiKQ', '2022-02-12', 'active', '1', 'android', '2021-12-14 15:34:54', '2021-12-14 15:34:54', NULL),
(20, 18, 2, 'GPA.3399-3903-4467-62722', 'bdfnpnfpjikmkjhdopighiaf.AO-J1Owkk449LfLB0SC2Y7P5E7jhedWOXhsV5ryjpjlvd-HzxJjwnY_T17wQQWGkwy6gkxUpsZhCVZ8xtIE8CNZ1mwyyj7J_3g', '2022-02-14', 'expired', '1', 'android', '2021-12-16 15:19:04', '2021-12-16 15:19:15', NULL),
(21, 18, 2, 'GPA.3399-3903-4467-62722', 'bdfnpnfpjikmkjhdopighiaf.AO-J1Owkk449LfLB0SC2Y7P5E7jhedWOXhsV5ryjpjlvd-HzxJjwnY_T17wQQWGkwy6gkxUpsZhCVZ8xtIE8CNZ1mwyyj7J_3g', '2022-02-14', 'expired', '1', 'android', '2021-12-16 15:19:04', '2021-12-16 15:19:15', NULL),
(22, 18, 1, 'GPA.3311-7026-7872-41108', 'pllcmakhakpndkgmdcdleopk.AO-J1Owyo-6lSKTSeVoSAjJ7ZtgAOogLDOfkYPj9d9ujQTHkotaB8BB5S8qWwS2bGDA6xn3UOlcD8gBY1NwHxH9K-jD_NfRk3Q', '2022-02-14', 'active', '1', 'android', '2021-12-16 15:19:15', '2021-12-16 15:19:15', NULL),
(23, 18, 1, 'GPA.3311-7026-7872-41108', 'pllcmakhakpndkgmdcdleopk.AO-J1Owyo-6lSKTSeVoSAjJ7ZtgAOogLDOfkYPj9d9ujQTHkotaB8BB5S8qWwS2bGDA6xn3UOlcD8gBY1NwHxH9K-jD_NfRk3Q', '2022-02-14', 'active', '1', 'android', '2021-12-16 15:19:15', '2021-12-16 15:19:15', NULL),
(24, 17, 2, '1000000932397923', '1000000932397923', '2022-02-14', 'active', '1', 'ios', '2021-12-16 15:57:56', '2021-12-16 15:57:56', NULL),
(25, 20, 1, '1000000934414579', '1000000934414579', '2022-02-18', 'active', '1', 'ios', '2021-12-20 14:44:15', '2021-12-20 14:44:15', NULL),
(26, 22, 1, '1000000934739574', '1000000934739574', '2022-02-19', 'active', '1', 'ios', '2021-12-21 05:14:21', '2021-12-21 05:14:21', NULL),
(27, 23, 1, '1000000934746274', '1000000934746274', '2022-02-19', 'active', '1', 'ios', '2021-12-21 05:28:27', '2021-12-21 05:28:27', NULL),
(28, 24, 1, '1000000934779789', '1000000934779789', '2022-02-19', 'active', '1', 'ios', '2021-12-21 06:35:37', '2021-12-21 06:35:37', NULL),
(29, 4, 1, 'GPA.3318-9335-9415-32282', 'injihikdiadijjbjngbkjhgf.AO-J1Oy9IuvPctz50V1Eh4flSpsxlcmq4Ft5Fd_GCN1W8bJ4125P5NZEL3hI8jYMIp0N2lBm3lwFDZ4sQHv7OpjFfq47DiSQ7Q', '2022-12-21', 'active', '0', 'android', '2021-12-21 09:41:48', '2021-12-21 09:41:48', NULL),
(30, 4, 1, 'GPA.3318-9335-9415-32282', 'injihikdiadijjbjngbkjhgf.AO-J1Oy9IuvPctz50V1Eh4flSpsxlcmq4Ft5Fd_GCN1W8bJ4125P5NZEL3hI8jYMIp0N2lBm3lwFDZ4sQHv7OpjFfq47DiSQ7Q', '2022-12-21', 'active', '0', 'android', '2021-12-21 09:41:48', '2021-12-21 09:41:48', NULL),
(31, 25, 2, '1000000935900369', '1000000935900369', '2022-02-20', 'active', '1', 'ios', '2021-12-22 09:53:39', '2021-12-22 09:53:39', NULL),
(32, 26, 2, '1000000935959312', '1000000935959312', '2022-02-20', 'expired', '1', 'ios', '2021-12-22 10:54:55', '2021-12-22 12:03:13', NULL),
(33, 26, 1, 'GPA.3366-0204-9755-75493', 'deblfjcmfphlomibloaagajk.AO-J1Ow-l4ZkMsiLvWfq-UE4zLDP4CUiLgmXQIe02kKicUczPLu3npprzEiFzDkojjdA7oFvXP4fVm_hDb9H5jIEdVXF41u6dQ', '2022-02-20', 'active', '1', 'android', '2021-12-22 12:03:13', '2021-12-22 12:03:13', NULL),
(34, 27, 2, '1000000936049718', '1000000936049718', '2022-02-20', 'expired', '1', 'ios', '2021-12-22 12:38:27', '2022-01-03 06:30:32', NULL),
(35, 28, 2, 'GPA.3317-7755-7731-69550', 'loaojinhnbgabinfobkkcend.AO-J1OxDD1Q4gHOymyc5ymAdkDcjO2QKWxOtzuMw3hnqqTb2q2aChneQzKwGkmrp5XhLaUiIGzrBoPESmsfcyDRsqx9e1hR1Mg', '2022-02-21', 'expired', '1', 'android', '2021-12-23 05:13:28', '2021-12-27 05:01:46', NULL),
(36, 28, 2, 'GPA.3317-7755-7731-69550', 'loaojinhnbgabinfobkkcend.AO-J1OxDD1Q4gHOymyc5ymAdkDcjO2QKWxOtzuMw3hnqqTb2q2aChneQzKwGkmrp5XhLaUiIGzrBoPESmsfcyDRsqx9e1hR1Mg', '2022-02-21', 'expired', '1', 'android', '2021-12-23 05:13:28', '2021-12-27 05:01:46', NULL),
(37, 30, 2, '1000000937498688', '1000000937498688', '2021-12-24', 'active', '1', 'ios', '2021-12-24 06:15:20', '2021-12-24 06:15:20', NULL),
(38, 31, 2, '1000000937504504', '1000000937504504', '2021-12-24', 'expired', '1', 'ios', '2021-12-24 06:21:37', '2022-03-18 08:40:48', NULL),
(39, 31, 2, '1000000937504504', '1000000937504504', '2021-12-24', 'expired', '1', 'ios', '2021-12-24 06:21:37', '2021-12-24 06:21:37', NULL),
(50, 29, 1, '1000000936049718', '1300000936049714', '2021-12-23', 'expired', '1', 'ios', '2021-12-24 03:04:30', '2021-12-24 03:04:30', NULL),
(51, 32, 2, '1000000937768291', '1000000937768291', '2021-12-24', 'active', '1', 'ios', '2021-12-24 07:30:32', '2021-12-24 07:30:32', NULL),
(52, 32, 2, '1000000937768291', '1000000937768291', '2021-12-24', 'expired', '1', 'ios', '2021-12-24 07:30:32', '2021-12-24 07:30:32', NULL),
(53, 33, 1, 'GPA.3374-5360-4115-61250', 'lpjhpddfdmehoomngmfklgil.AO-J1Oy98frxoS9GSNe_rKH4bFNtYLVOoVmZOmWpQ3t7gvAJDfzgESPDbMaEYjV2GUnBaMu4WWgTmChC3rHMGnCZrpTIKs6TFA', '2022-02-22', 'active', '1', 'android', '2021-12-24 07:38:34', '2021-12-24 07:38:34', NULL),
(54, 34, 2, '1000000938502962', '1000000938502962', '2021-12-27', 'expired', '1', 'ios', '2021-12-27 01:58:35', '2021-12-27 01:58:35', NULL),
(55, 28, 1, 'GPA.3380-2695-2781-59888', 'claedlhapgoioedjpibjjkoo.AO-J1Ozk2kJHIzMTFwfbwkT4MvIvJnD3PDWOTx-9gBe8AqP0UOcnooGQUXDeMbPdM1nTH_JQ-eE3RsWdVDo0X8tibgmPHIKy6Q', '2022-02-25', 'active', '1', 'android', '2021-12-27 05:01:46', '2021-12-27 05:01:46', NULL),
(56, 36, 1, '1000000939435116', '1000000939435116', '2021-12-28', 'expired', '1', 'ios', '2021-12-28 07:33:15', '2021-12-28 07:33:15', NULL),
(57, 34, 2, '1000000939822733', '1000000938502962', '2021-12-29', 'expired', '0', 'ios', '2021-12-29 00:56:26', '2021-12-29 00:57:16', NULL),
(58, 34, 2, '1000000938502962', '1000000938502962', '2021-12-27', 'expired', '0', 'ios', '2021-12-29 00:57:16', '2021-12-29 01:00:26', NULL),
(59, 34, 2, '1000000939822733', '1000000938502962', '2021-12-29', 'expired', '0', 'ios', '2021-12-29 01:00:26', '2021-12-29 01:00:26', NULL),
(60, 34, 2, '1000000939944540', '1000000938502962', '2021-12-29', 'expired', '0', 'ios', '2021-12-29 04:21:36', '2021-12-29 04:21:36', NULL),
(61, 34, 2, '1000000939997767', '1000000938502962', '2021-12-29', 'expired', '0', 'ios', '2021-12-29 04:42:45', '2021-12-29 04:42:45', NULL),
(62, 40, 1, '1000000940181465', '1000000940181465', '2021-12-29', 'expired', '1', 'ios', '2021-12-29 08:25:07', '2021-12-29 08:59:26', NULL),
(63, 40, 1, '1000000940205805', '1000000940181465', '2021-12-29', 'expired', '0', 'ios', '2021-12-29 08:59:26', '2021-12-29 08:59:26', NULL),
(64, 41, 1, '1000000940217761', '1000000940217761', '2021-12-29', 'expired', '1', 'ios', '2021-12-29 09:17:27', '2021-12-29 09:17:27', NULL),
(65, 42, 2, '1000000940219762', '1000000940219762', '2021-12-29', 'expired', '1', 'ios', '2021-12-29 09:22:39', '2021-12-29 09:22:39', NULL),
(66, 43, 1, '1000000940222659', '1000000940222659', '2021-12-29', 'expired', '1', 'ios', '2021-12-29 09:29:11', '2021-12-29 09:29:11', NULL),
(67, 44, 1, '1000000940226880', '1000000940226880', '2021-12-29', 'expired', '1', 'ios', '2021-12-29 09:36:26', '2021-12-30 00:20:04', NULL),
(68, 44, 1, '1000000940226880', '1000000940226880', '2021-12-29', 'expired', '1', 'ios', '2021-12-29 09:36:26', '2021-12-30 00:20:04', NULL),
(69, 44, 1, '1000000940267672', '1000000940226880', '2021-12-29', 'expired', '0', 'ios', '2021-12-30 00:20:04', '2021-12-30 00:20:04', NULL),
(70, 44, 2, '1000000940483016', '1000000940226880', '2021-12-30', 'expired', '1', 'ios', '2021-12-30 00:22:56', '2021-12-30 00:22:56', NULL),
(71, 38, 1, '1000000936049728', '1310000936049714', '2021-12-26', 'expired', '1', 'ios', '2021-12-30 03:46:36', '2021-12-30 03:46:36', NULL),
(72, 45, 1, 'GPA.3310-4577-1954-02477', 'kikhnplepgecogclhfadfjhn.AO-J1OzC0OHI8akjsa66FuFGKfPP_Fa3LDv1LeamWHZFSHb0BOBLArj5n5wzrU3yICUdxPFY3rJic8WMnCRd4E24cqCQwU4N8Q', '2022-02-28', 'active', '1', 'android', '2021-12-30 04:04:52', '2021-12-30 04:04:52', NULL),
(73, 45, 1, 'GPA.3310-4577-1954-02477', 'kikhnplepgecogclhfadfjhn.AO-J1OzC0OHI8akjsa66FuFGKfPP_Fa3LDv1LeamWHZFSHb0BOBLArj5n5wzrU3yICUdxPFY3rJic8WMnCRd4E24cqCQwU4N8Q', '2022-02-28', 'active', '1', 'android', '2021-12-30 04:04:52', '2021-12-30 04:04:52', NULL),
(74, 43, 2, 'GPA.3371-8104-4299-89718', 'akcoopbnnldnjbnjknigcoch.AO-J1OzQrQFD6fzuD2fjV64j0vGDsErm8dqs2iMINkMgZqOQ50ov8fEqmF_eqJDfoFtARABjSFHAxPHNJ3fRbsrPwUHDpEyarw', '2022-02-28', 'active', '1', 'android', '2021-12-30 04:17:59', '2021-12-30 04:17:59', NULL),
(75, 47, 2, '1000000940756601', '1000000940756601', '2021-12-30', 'expired', '1', 'ios', '2021-12-30 07:37:36', '2021-12-30 07:37:36', NULL),
(76, 27, 2, '1000000936441756', '1000000936049718', '2021-12-22', 'expired', '0', 'ios', '2022-01-03 06:30:32', '2022-01-03 06:30:32', NULL),
(77, 27, 1, '1000000941792578', '1000000936049718', '2022-01-03', 'expired', '1', 'ios', '2022-01-03 06:31:24', '2022-01-03 07:05:50', NULL),
(78, 27, 1, '1000000941792578', '1000000936049718', '2022-01-03', 'expired', '1', 'ios', '2022-01-03 06:31:24', '2022-01-03 07:05:50', NULL),
(79, 27, 1, '1000000941792579', '1000000936049718', '2022-01-03', 'expired', '0', 'ios', '2022-01-03 07:05:50', '2022-01-03 07:05:50', NULL),
(80, 27, 1, '1000000941910149', '1000000936049718', '2022-01-03', 'expired', '0', 'ios', '2022-01-03 10:45:34', '2022-01-04 05:34:51', NULL),
(81, 27, 1, '1000000941910149', '1000000936049718', '2022-01-03', 'expired', '0', 'ios', '2022-01-03 10:45:34', '2022-01-03 10:45:34', NULL),
(82, 27, 1, '1000000942013933', '1000000936049718', '2022-01-03', 'expired', '0', 'ios', '2022-01-04 05:34:51', '2022-01-04 05:34:51', NULL),
(83, 57, 1, '1000000948516549', '1000000948516549', '2022-01-13', 'expired', '1', 'ios', '2022-01-13 09:44:07', '2022-01-21 10:04:49', NULL),
(84, 58, 1, 'GPA.3379-3678-9923-82035', 'pdlphpgnmnmnamnkplnlpmja.AO-J1OylqrEDiYZ0VO_vxTqnfbzFU233uuL3rAHzGSE4ku1dVRK6Oxy6WBae2x-9gm9I5XC21zGolgpCduvGGy0GAP0l_LSZhQ', '2022-03-15', 'active', '1', 'android', '2022-01-14 07:44:26', '2022-01-14 07:44:26', NULL),
(85, 58, 1, 'GPA.3379-3678-9923-82035', 'pdlphpgnmnmnamnkplnlpmja.AO-J1OylqrEDiYZ0VO_vxTqnfbzFU233uuL3rAHzGSE4ku1dVRK6Oxy6WBae2x-9gm9I5XC21zGolgpCduvGGy0GAP0l_LSZhQ', '2022-03-15', 'active', '1', 'android', '2022-01-14 07:44:26', '2022-01-14 07:44:26', NULL),
(86, 57, 1, '1000000948753067', '1000000948516549', '2022-01-13', 'expired', '0', 'ios', '2022-01-21 10:04:49', '2022-01-21 10:04:49', NULL),
(87, 64, 1, '1000000962371735', '1000000962371735', '2022-02-03', 'expired', '1', 'ios', '2022-02-03 21:57:53', '2022-02-03 22:10:58', NULL),
(88, 64, 1, '1000000962373921', '1000000962371735', '2022-02-03', 'expired', '0', 'ios', '2022-02-03 22:10:58', '2022-02-03 22:15:14', NULL),
(89, 64, 1, '1000000962373921', '1000000962371735', '2022-02-03', 'expired', '0', 'ios', '2022-02-03 22:10:59', '2022-02-03 22:15:14', NULL),
(90, 64, 1, '1000000962375019', '1000000962371735', '2022-02-03', 'expired', '0', 'ios', '2022-02-03 22:15:14', '2022-02-03 22:20:59', NULL),
(91, 64, 1, '1000000962375996', '1000000962371735', '2022-02-03', 'expired', '0', 'ios', '2022-02-03 22:20:59', '2022-02-03 22:23:22', NULL),
(92, 64, 1, '1000000962377615', '1000000962371735', '2022-02-03', 'expired', '0', 'ios', '2022-02-03 22:23:22', '2022-02-03 22:30:58', NULL),
(93, 64, 1, '1000000962378786', '1000000962371735', '2022-02-03', 'expired', '0', 'ios', '2022-02-03 22:30:58', '2022-02-03 22:34:45', NULL),
(94, 64, 1, '1000000962381749', '1000000962371735', '2022-02-03', 'expired', '0', 'ios', '2022-02-03 22:34:45', '2022-02-03 22:43:52', NULL),
(95, 64, 1, '1000000962386873', '1000000962371735', '2022-02-03', 'expired', '0', 'ios', '2022-02-03 22:43:52', '2022-02-03 22:43:52', NULL),
(96, 64, 1, '1000000962388292', '1000000962371735', '2022-02-03', 'expired', '0', 'ios', '2022-02-03 22:52:34', '2022-02-03 23:01:34', NULL),
(97, 64, 1, '1000000962390264', '1000000962371735', '2022-02-03', 'active', '0', 'ios', '2022-02-03 23:01:35', '2022-02-03 23:01:35', NULL),
(98, 3, 1, 'GPA.3321-1246-8335-07015', 'hcfhokpdpcpkfjfbgilfgdhn.AO-J1OxomLhOqUp_rnzBqXt1g3lCq_ROnNWsOkMqpVdLkTfmowR9oExueSlNWqNfxZ3iI90JwZHPZag3Yw76TP9s3V1o5uCMfA', '2022-03-15', 'active', '0', 'android', '2022-02-15 00:07:25', '2022-02-15 00:07:25', NULL),
(99, 3, 1, 'GPA.3321-1246-8335-07015', 'hcfhokpdpcpkfjfbgilfgdhn.AO-J1OxomLhOqUp_rnzBqXt1g3lCq_ROnNWsOkMqpVdLkTfmowR9oExueSlNWqNfxZ3iI90JwZHPZag3Yw76TP9s3V1o5uCMfA', '2022-03-15', 'active', '0', 'android', '2022-02-15 00:07:25', '2022-02-15 00:07:25', NULL),
(100, 71, 1, '1000000970897311', '1000000970897311', '2022-02-17', 'expired', '1', 'ios', '2022-02-17 01:21:40', '2022-02-17 01:21:40', NULL),
(101, 71, 1, '1000000970900421', '1000000970897311', '2022-02-17', 'expired', '0', 'ios', '2022-02-17 01:28:13', '2022-02-17 01:28:13', NULL),
(102, 71, 1, '1000000970906230', '1000000970897311', '2022-02-17', 'expired', '0', 'ios', '2022-02-17 01:34:32', '2022-02-17 01:34:32', NULL),
(103, 71, 1, '1000000970914602', '1000000970897311', '2022-02-17', 'expired', '0', 'ios', '2022-02-17 01:49:09', '2022-02-17 01:49:09', NULL),
(104, 71, 1, '1000000970918168', '1000000970897311', '2022-02-17', 'expired', '0', 'ios', '2022-02-17 01:54:20', '2022-02-17 01:54:20', NULL),
(105, 71, 1, '1000000970925505', '1000000970897311', '2022-02-17', 'expired', '0', 'ios', '2022-02-17 01:59:59', '2022-02-17 01:59:59', NULL),
(106, 71, 1, '1000000970928194', '1000000970897311', '2022-02-17', 'expired', '0', 'ios', '2022-02-17 02:03:56', '2022-02-17 02:03:56', NULL),
(107, 71, 1, '1000000970930882', '1000000970897311', '2022-02-17', 'expired', '0', 'ios', '2022-02-17 02:09:38', '2022-02-17 04:54:55', NULL),
(108, 71, 1, '1000000970941751', '1000000970897311', '2022-02-17', 'expired', '0', 'ios', '2022-02-17 04:54:55', '2022-02-17 04:54:55', NULL),
(109, 71, 1, '1000000971887666', '1000000970897311', '2022-02-18', 'expired', '0', 'ios', '2022-02-18 00:28:47', '2022-02-18 00:36:50', NULL),
(110, 71, 1, '1000000971887666', '1000000970897311', '2022-02-18', 'expired', '0', 'ios', '2022-02-18 00:28:47', '2022-02-18 00:36:50', NULL),
(111, 71, 1, '1000000971889629', '1000000970897311', '2022-02-18', 'expired', '0', 'ios', '2022-02-18 00:36:50', '2022-02-18 00:36:50', NULL),
(112, 71, 1, '1000000971895061', '1000000970897311', '2022-02-18', 'expired', '0', 'ios', '2022-02-18 00:44:34', '2022-02-18 00:44:34', NULL),
(113, 71, 1, '1000000971904924', '1000000970897311', '2022-02-18', 'expired', '0', 'ios', '2022-02-18 01:03:10', '2022-02-18 01:03:10', NULL),
(114, 71, 1, '1000000971909798', '1000000970897311', '2022-02-18', 'expired', '0', 'ios', '2022-02-18 01:07:08', '2022-02-18 01:07:08', NULL),
(115, 71, 1, '1000000971910929', '1000000970897311', '2022-02-18', 'expired', '0', 'ios', '2022-02-18 01:08:40', '2022-02-18 01:08:40', NULL),
(116, 71, 1, '1000000971916656', '1000000970897311', '2022-02-18', 'expired', '0', 'ios', '2022-02-18 01:14:29', '2022-02-18 01:14:29', NULL),
(117, 71, 1, '1000000971920864', '1000000970897311', '2022-02-18', 'expired', '0', 'ios', '2022-02-18 01:18:53', '2022-02-18 01:18:53', NULL),
(118, 71, 1, '1000000971921706', '1000000970897311', '2022-02-18', 'expired', '0', 'ios', '2022-02-18 01:23:30', '2022-02-18 01:23:30', NULL),
(119, 71, 1, '1000000971929451', '1000000970897311', '2022-02-18', 'expired', '0', 'ios', '2022-02-18 01:26:05', '2022-02-18 01:26:05', NULL),
(120, 71, 1, '1000000971932210', '1000000970897311', '2022-02-18', 'expired', '0', 'ios', '2022-02-18 01:31:55', '2022-02-18 01:31:55', NULL),
(121, 71, 1, '1000000971934996', '1000000970897311', '2022-02-18', 'expired', '0', 'ios', '2022-02-18 01:37:42', '2022-02-18 01:37:42', NULL),
(122, 71, 1, '1000000971935779', '1000000970897311', '2022-02-18', 'expired', '0', 'ios', '2022-02-18 01:38:42', '2022-02-18 01:42:06', NULL),
(123, 71, 1, '1000000971935779', '1000000970897311', '2022-02-18', 'expired', '0', 'ios', '2022-02-18 01:38:42', '2022-02-18 01:38:42', NULL),
(124, 71, 1, '1000000971936683', '1000000970897311', '2022-02-18', 'expired', '0', 'ios', '2022-02-18 01:42:06', '2022-02-18 01:42:06', NULL),
(125, 71, 1, '1000000971938585', '1000000970897311', '2022-02-18', 'expired', '0', 'ios', '2022-02-18 01:44:09', '2022-02-18 01:44:09', NULL),
(126, 71, 1, '1000000971938889', '1000000970897311', '2022-02-18', 'expired', '0', 'ios', '2022-02-18 01:44:26', '2022-02-18 01:44:26', NULL),
(127, 71, 1, '1000000971939235', '1000000970897311', '2022-02-18', 'expired', '0', 'ios', '2022-02-18 01:45:46', '2022-02-18 01:45:46', NULL),
(128, 71, 1, '1000000971939561', '1000000970897311', '2022-02-18', 'expired', '0', 'ios', '2022-02-18 01:46:35', '2022-02-18 01:47:10', NULL),
(129, 71, 1, '1000000971939649', '1000000970897311', '2022-02-18', 'expired', '0', 'ios', '2022-02-18 01:47:10', '2022-02-18 01:47:10', NULL),
(130, 71, 1, '1000000971943069', '1000000970897311', '2022-02-18', 'expired', '0', 'ios', '2022-02-18 01:47:27', '2022-02-18 01:52:08', NULL),
(131, 71, 1, '1000000971945453', '1000000970897311', '2022-02-18', 'expired', '0', 'ios', '2022-02-18 01:52:08', '2022-02-18 01:52:08', NULL),
(132, 71, 1, '1000000971946515', '1000000970897311', '2022-02-18', 'expired', '0', 'ios', '2022-02-18 01:53:13', '2022-02-18 01:53:13', NULL),
(133, 71, 1, '1000000971945453', '1000000970897311', '2022-02-18', 'expired', '0', 'ios', '2022-02-18 01:53:15', '2022-02-18 01:53:15', NULL),
(134, 71, 1, '1000000971946515', '1000000970897311', '2022-02-18', 'expired', '0', 'ios', '2022-02-18 01:53:15', '2022-02-18 01:53:15', NULL),
(135, 71, 1, '1000000971946515', '1000000970897311', '2022-02-18', 'expired', '0', 'ios', '2022-02-18 01:53:16', '2022-02-18 01:53:16', NULL),
(136, 71, 1, '1000000971946956', '1000000970897311', '2022-02-18', 'expired', '0', 'ios', '2022-02-18 01:55:55', '2022-02-18 01:57:49', NULL),
(137, 71, 1, '1000000971947567', '1000000970897311', '2022-02-18', 'expired', '0', 'ios', '2022-02-18 01:57:49', '2022-02-18 01:58:56', NULL),
(138, 71, 1, '1000000971947922', '1000000970897311', '2022-02-18', 'expired', '0', 'ios', '2022-02-18 01:58:56', '2022-02-18 01:58:56', NULL),
(139, 71, 1, '1000000971948489', '1000000970897311', '2022-02-18', 'expired', '0', 'ios', '2022-02-18 02:00:56', '2022-02-18 02:00:56', NULL),
(140, 71, 1, '1000000971948661', '1000000970897311', '2022-02-18', 'expired', '0', 'ios', '2022-02-18 02:01:57', '2022-02-18 02:01:57', NULL),
(141, 71, 1, '1000000971952151', '1000000970897311', '2022-02-18', 'expired', '0', 'ios', '2022-02-18 02:02:19', '2022-02-18 02:02:19', NULL),
(142, 71, 1, '1000000971954172', '1000000970897311', '2022-02-18', 'expired', '0', 'ios', '2022-02-18 02:02:38', '2022-02-18 02:02:38', NULL),
(143, 71, 1, '1000000971956444', '1000000970897311', '2022-02-18', 'expired', '0', 'ios', '2022-02-18 02:04:49', '2022-02-18 02:04:49', NULL),
(144, 71, 1, '1000000971957847', '1000000970897311', '2022-02-18', 'expired', '0', 'ios', '2022-02-18 02:05:02', '2022-02-18 02:05:02', NULL),
(145, 71, 1, '1000000971958715', '1000000970897311', '2022-02-18', 'expired', '0', 'ios', '2022-02-18 02:09:16', '2022-02-18 02:09:16', NULL),
(146, 71, 1, '1000000971961892', '1000000970897311', '2022-02-18', 'expired', '0', 'ios', '2022-02-18 02:09:45', '2022-02-18 02:09:45', NULL),
(147, 71, 1, '1000000971962027', '1000000970897311', '2022-02-18', 'expired', '0', 'ios', '2022-02-18 02:09:59', '2022-02-18 02:09:59', NULL),
(148, 71, 1, '1000000971963349', '1000000970897311', '2022-02-18', 'expired', '0', 'ios', '2022-02-18 02:10:54', '2022-02-18 02:10:54', NULL),
(149, 71, 1, '1000000971963482', '1000000970897311', '2022-02-18', 'expired', '0', 'ios', '2022-02-18 02:11:24', '2022-02-18 02:11:24', NULL),
(150, 71, 1, '1000000971967968', '1000000970897311', '2022-02-18', 'expired', '0', 'ios', '2022-02-18 02:11:40', '2022-02-18 02:11:40', NULL),
(151, 71, 1, '1000000971968083', '1000000970897311', '2022-02-18', 'expired', '0', 'ios', '2022-02-18 02:11:52', '2022-02-18 02:11:52', NULL),
(152, 71, 1, '1000000971968497', '1000000970897311', '2022-02-18', 'expired', '0', 'ios', '2022-02-18 02:13:22', '2022-02-18 02:13:22', NULL),
(153, 71, 1, '1000000971969068', '1000000970897311', '2022-02-18', 'expired', '0', 'ios', '2022-02-18 02:14:02', '2022-02-18 02:14:02', NULL),
(154, 71, 1, '1000000971969890', '1000000970897311', '2022-02-18', 'expired', '0', 'ios', '2022-02-18 02:14:36', '2022-02-18 02:14:36', NULL),
(155, 71, 1, '1000000971970154', '1000000970897311', '2022-02-18', 'expired', '0', 'ios', '2022-02-18 02:15:02', '2022-02-18 02:15:02', NULL),
(156, 71, 1, '1000000971970336', '1000000970897311', '2022-02-18', 'expired', '0', 'ios', '2022-02-18 02:15:16', '2022-02-18 02:15:16', NULL),
(157, 71, 1, '1000000971970403', '1000000970897311', '2022-02-18', 'expired', '0', 'ios', '2022-02-18 02:16:41', '2022-02-18 02:16:41', NULL),
(158, 71, 1, '1000000971971217', '1000000970897311', '2022-02-18', 'expired', '0', 'ios', '2022-02-18 02:17:24', '2022-02-18 02:17:44', NULL),
(159, 71, 1, '1000000971971457', '1000000970897311', '2022-02-18', 'expired', '0', 'ios', '2022-02-18 02:17:44', '2022-02-18 02:18:14', NULL),
(160, 71, 1, '1000000971971998', '1000000970897311', '2022-02-18', 'expired', '0', 'ios', '2022-02-18 02:18:14', '2022-02-18 02:18:14', NULL),
(161, 71, 1, '1000000971972298', '1000000970897311', '2022-02-18', 'expired', '0', 'ios', '2022-02-18 02:19:01', '2022-02-18 02:19:16', NULL),
(162, 71, 1, '1000000971973394', '1000000970897311', '2022-02-18', 'expired', '0', 'ios', '2022-02-18 02:19:16', '2022-02-18 02:19:16', NULL),
(163, 71, 1, '1000000971973897', '1000000970897311', '2022-02-18', 'expired', '0', 'ios', '2022-02-18 02:20:16', '2022-02-18 02:20:16', NULL),
(164, 71, 1, '1000000971974449', '1000000970897311', '2022-02-18', 'expired', '0', 'ios', '2022-02-18 02:20:23', '2022-02-18 02:20:23', NULL),
(165, 71, 1, '1000000971974533', '1000000970897311', '2022-02-18', 'expired', '0', 'ios', '2022-02-18 02:21:10', '2022-02-18 02:24:39', NULL),
(166, 71, 1, '1000000971975437', '1000000970897311', '2022-02-18', 'expired', '0', 'ios', '2022-02-18 02:24:39', '2022-02-18 02:24:39', NULL),
(167, 71, 1, '1000000971975851', '1000000970897311', '2022-02-18', 'expired', '0', 'ios', '2022-02-18 02:24:47', '2022-02-18 02:24:47', NULL),
(168, 71, 1, '1000000971975952', '1000000970897311', '2022-02-18', 'expired', '0', 'ios', '2022-02-18 02:27:44', '2022-02-18 02:28:49', NULL),
(169, 71, 1, '1000000971976088', '1000000970897311', '2022-02-18', 'expired', '0', 'ios', '2022-02-18 02:28:49', '2022-02-18 02:28:49', NULL),
(170, 71, 1, '1000000971976843', '1000000970897311', '2022-02-18', 'expired', '0', 'ios', '2022-02-18 02:31:45', '2022-02-18 02:31:45', NULL),
(171, 71, 1, '1000000971977664', '1000000970897311', '2022-02-18', 'expired', '0', 'ios', '2022-02-18 02:32:29', '2022-02-18 02:32:43', NULL),
(172, 71, 1, '1000000971981615', '1000000970897311', '2022-02-18', 'expired', '0', 'ios', '2022-02-18 02:32:43', '2022-02-18 04:33:38', NULL),
(173, 71, 1, '1000000971981646', '1000000970897311', '2022-02-18', 'expired', '0', 'ios', '2022-02-18 04:33:38', '2022-02-18 04:33:38', NULL),
(174, 71, 1, '1000000971984417', '1000000970897311', '2022-02-18', 'expired', '0', 'ios', '2022-02-18 04:34:45', '2022-02-18 04:34:45', NULL),
(175, 71, 1, '1000000971986877', '1000000970897311', '2022-02-18', 'expired', '0', 'ios', '2022-02-18 04:35:03', '2022-02-18 04:35:03', NULL),
(176, 71, 1, '1000000971989514', '1000000970897311', '2022-02-18', 'expired', '0', 'ios', '2022-02-18 04:35:38', '2022-02-18 04:36:44', NULL),
(177, 71, 1, '1000000972106075', '1000000970897311', '2022-02-18', 'expired', '0', 'ios', '2022-02-18 04:36:44', '2022-02-18 04:37:02', NULL),
(178, 71, 1, '1000000972107081', '1000000970897311', '2022-02-18', 'expired', '0', 'ios', '2022-02-18 04:37:02', '2022-02-18 04:37:02', NULL),
(179, 71, 1, '1000000972107167', '1000000970897311', '2022-02-18', 'expired', '0', 'ios', '2022-02-18 04:37:43', '2022-02-18 04:37:43', NULL),
(180, 71, 1, '1000000972107839', '1000000970897311', '2022-02-18', 'expired', '0', 'ios', '2022-02-18 04:44:25', '2022-02-18 04:44:25', NULL),
(181, 71, 1, '1000000972108423', '1000000970897311', '2022-02-18', 'expired', '0', 'ios', '2022-02-18 04:47:33', '2022-02-18 04:47:33', NULL),
(182, 71, 1, '1000000972109217', '1000000970897311', '2022-02-18', 'expired', '0', 'ios', '2022-02-18 04:48:47', '2022-02-18 04:48:47', NULL),
(183, 71, 1, '1000000972109518', '1000000970897311', '2022-02-18', 'expired', '0', 'ios', '2022-02-18 04:48:58', '2022-02-18 04:48:58', NULL),
(184, 71, 1, '1000000972110178', '1000000970897311', '2022-02-18', 'expired', '0', 'ios', '2022-02-18 04:49:12', '2022-02-18 04:49:12', NULL),
(185, 71, 1, '1000000972118495', '1000000970897311', '2022-02-18', 'expired', '0', 'ios', '2022-02-18 04:51:11', '2022-02-18 04:51:12', NULL),
(186, 71, 1, '1000000972119732', '1000000970897311', '2022-02-18', 'expired', '0', 'ios', '2022-02-18 04:51:12', '2022-02-18 04:51:40', NULL),
(187, 71, 1, '1000000972119732', '1000000970897311', '2022-02-18', 'expired', '0', 'ios', '2022-02-18 04:51:12', '2022-02-18 04:51:12', NULL),
(188, 71, 1, '1000000972121793', '1000000970897311', '2022-02-18', 'expired', '0', 'ios', '2022-02-18 04:51:40', '2022-02-18 04:51:40', NULL),
(189, 71, 1, '1000000972124923', '1000000970897311', '2022-02-18', 'expired', '0', 'ios', '2022-02-18 04:52:03', '2022-02-18 04:52:03', NULL),
(190, 71, 1, '1000000972125275', '1000000970897311', '2022-02-18', 'expired', '0', 'ios', '2022-02-18 04:52:31', '2022-02-18 04:52:31', NULL),
(191, 71, 1, '1000000972125387', '1000000970897311', '2022-02-18', 'expired', '0', 'ios', '2022-02-18 04:55:42', '2022-02-18 04:55:42', NULL),
(192, 71, 1, '1000000972126126', '1000000970897311', '2022-02-18', 'expired', '0', 'ios', '2022-02-18 04:55:55', '2022-02-18 04:56:47', NULL),
(193, 71, 1, '1000000972126330', '1000000970897311', '2022-02-18', 'expired', '0', 'ios', '2022-02-18 04:56:47', '2022-02-18 04:56:47', NULL),
(194, 71, 1, '1000000972127177', '1000000970897311', '2022-02-18', 'expired', '0', 'ios', '2022-02-18 04:58:01', '2022-02-18 04:58:01', NULL),
(195, 71, 1, '1000000972127626', '1000000970897311', '2022-02-18', 'expired', '0', 'ios', '2022-02-18 04:58:45', '2022-02-18 04:58:45', NULL),
(196, 71, 1, '1000000972128141', '1000000970897311', '2022-02-18', 'expired', '0', 'ios', '2022-02-18 04:59:51', '2022-02-18 04:59:51', NULL),
(197, 71, 1, '1000000972130682', '1000000970897311', '2022-02-18', 'expired', '0', 'ios', '2022-02-18 05:00:09', '2022-02-18 05:00:32', NULL),
(198, 71, 1, '1000000972130992', '1000000970897311', '2022-02-18', 'expired', '0', 'ios', '2022-02-18 05:00:32', '2022-02-18 05:00:32', NULL),
(199, 71, 1, '1000000972131695', '1000000970897311', '2022-02-18', 'expired', '0', 'ios', '2022-02-18 05:01:50', '2022-02-18 05:02:18', NULL),
(200, 71, 1, '1000000972132827', '1000000970897311', '2022-02-18', 'expired', '0', 'ios', '2022-02-18 05:02:18', '2022-02-18 05:03:30', NULL),
(201, 71, 1, '1000000972133897', '1000000970897311', '2022-02-18', 'expired', '0', 'ios', '2022-02-18 05:03:30', '2022-02-18 05:03:30', NULL),
(202, 71, 1, '1000000972135652', '1000000970897311', '2022-02-18', 'expired', '0', 'ios', '2022-02-18 05:04:16', '2022-02-18 05:04:30', NULL),
(203, 71, 1, '1000000972135899', '1000000970897311', '2022-02-18', 'expired', '0', 'ios', '2022-02-18 05:04:31', '2022-02-18 05:04:31', NULL),
(204, 71, 1, '1000000972135968', '1000000970897311', '2022-02-18', 'expired', '0', 'ios', '2022-02-18 05:05:15', '2022-02-18 05:05:15', NULL),
(205, 71, 1, '1000000972136202', '1000000970897311', '2022-02-18', 'expired', '0', 'ios', '2022-02-18 05:05:55', '2022-02-18 05:05:55', NULL),
(206, 71, 1, '1000000972137721', '1000000970897311', '2022-02-18', 'expired', '0', 'ios', '2022-02-18 05:06:32', '2022-02-18 05:06:32', NULL),
(207, 71, 1, '1000000972138528', '1000000970897311', '2022-02-18', 'expired', '0', 'ios', '2022-02-18 05:07:24', '2022-02-18 05:07:24', NULL),
(208, 71, 1, '1000000972139483', '1000000970897311', '2022-02-18', 'expired', '0', 'ios', '2022-02-18 05:07:54', '2022-02-18 05:08:09', NULL),
(209, 71, 1, '1000000972140004', '1000000970897311', '2022-02-18', 'expired', '0', 'ios', '2022-02-18 05:08:09', '2022-02-18 05:19:47', NULL),
(210, 71, 1, '1000000972140966', '1000000970897311', '2022-02-18', 'expired', '0', 'ios', '2022-02-18 05:19:48', '2022-02-18 05:19:48', NULL),
(211, 71, 1, '1000000972141615', '1000000970897311', '2022-02-18', 'expired', '0', 'ios', '2022-02-18 05:21:15', '2022-02-18 05:22:44', NULL),
(212, 71, 1, '1000000972142443', '1000000970897311', '2022-02-18', 'expired', '0', 'ios', '2022-02-18 05:22:44', '2022-02-18 05:22:44', NULL),
(213, 71, 1, '1000000972143129', '1000000970897311', '2022-02-18', 'expired', '0', 'ios', '2022-02-18 05:22:52', '2022-02-18 05:22:52', NULL),
(214, 71, 1, '1000000972143829', '1000000970897311', '2022-02-18', 'expired', '0', 'ios', '2022-02-18 05:24:04', '2022-02-18 05:24:04', NULL),
(215, 71, 1, '1000000972144122', '1000000970897311', '2022-02-18', 'expired', '0', 'ios', '2022-02-18 05:24:48', '2022-02-18 05:24:48', NULL),
(216, 71, 1, '1000000972144646', '1000000970897311', '2022-02-18', 'expired', '0', 'ios', '2022-02-18 05:26:58', '2022-02-18 05:27:13', NULL),
(217, 71, 1, '1000000972152374', '1000000970897311', '2022-02-18', 'expired', '0', 'ios', '2022-02-18 05:27:13', '2022-02-18 05:27:13', NULL),
(218, 71, 1, '1000000972153152', '1000000970897311', '2022-02-18', 'expired', '0', 'ios', '2022-02-18 05:28:30', '2022-02-18 05:28:30', NULL),
(219, 71, 1, '1000000972154472', '1000000970897311', '2022-02-18', 'expired', '0', 'ios', '2022-02-18 05:29:33', '2022-02-18 05:29:33', NULL),
(220, 71, 1, '1000000972155560', '1000000970897311', '2022-02-18', 'expired', '0', 'ios', '2022-02-18 05:30:25', '2022-02-18 05:30:25', NULL),
(221, 71, 1, '1000000972157377', '1000000970897311', '2022-02-18', 'expired', '0', 'ios', '2022-02-18 05:31:27', '2022-02-18 05:31:27', NULL),
(222, 71, 1, '1000000972157758', '1000000970897311', '2022-02-18', 'expired', '0', 'ios', '2022-02-18 05:33:30', '2022-02-18 05:35:09', NULL),
(223, 71, 1, '1000000972158800', '1000000970897311', '2022-02-18', 'expired', '0', 'ios', '2022-02-18 05:35:09', '2022-02-18 05:39:52', NULL),
(224, 71, 1, '1000000972159651', '1000000970897311', '2022-02-18', 'expired', '0', 'ios', '2022-02-18 05:39:52', '2022-02-18 05:43:22', NULL),
(225, 71, 1, '1000000972159736', '1000000970897311', '2022-02-18', 'expired', '0', 'ios', '2022-02-18 05:43:22', '2022-02-18 05:43:22', NULL),
(226, 71, 1, '1000000972163641', '1000000970897311', '2022-02-18', 'expired', '0', 'ios', '2022-02-18 05:51:44', '2022-02-18 05:51:44', NULL),
(227, 71, 1, '1000000972164576', '1000000970897311', '2022-02-18', 'expired', '0', 'ios', '2022-02-18 06:22:51', '2022-02-18 06:23:04', NULL),
(228, 71, 1, '1000000972166410', '1000000970897311', '2022-02-18', 'expired', '0', 'ios', '2022-02-18 06:23:04', '2022-02-18 06:24:18', NULL),
(229, 71, 1, '1000000972166833', '1000000970897311', '2022-02-18', 'expired', '0', 'ios', '2022-02-18 06:24:18', '2022-02-18 06:24:18', NULL),
(230, 71, 1, '1000000972171862', '1000000970897311', '2022-02-18', 'expired', '0', 'ios', '2022-02-18 06:24:50', '2022-02-18 06:25:31', NULL),
(231, 71, 1, '1000000972183284', '1000000970897311', '2022-02-18', 'expired', '0', 'ios', '2022-02-18 06:25:31', '2022-02-18 06:25:51', NULL),
(232, 71, 1, '1000000972183940', '1000000970897311', '2022-02-18', 'expired', '0', 'ios', '2022-02-18 06:25:52', '2022-02-18 06:25:52', NULL),
(233, 71, 1, '1000000972209199', '1000000970897311', '2022-02-18', 'expired', '0', 'ios', '2022-02-18 06:28:28', '2022-02-18 06:28:41', NULL),
(234, 71, 1, '1000000972209549', '1000000970897311', '2022-02-18', 'expired', '0', 'ios', '2022-02-18 06:28:41', '2022-02-18 06:33:31', NULL),
(235, 71, 1, '1000000972210630', '1000000970897311', '2022-02-18', 'expired', '0', 'ios', '2022-02-18 06:33:31', '2022-02-18 06:34:30', NULL),
(236, 71, 1, '1000000972212083', '1000000970897311', '2022-02-18', 'expired', '0', 'ios', '2022-02-18 06:34:30', '2022-02-18 06:38:02', NULL),
(237, 71, 1, '1000000972212439', '1000000970897311', '2022-02-18', 'expired', '0', 'ios', '2022-02-18 06:38:02', '2022-02-21 00:33:13', NULL),
(238, 71, 1, '1000000972213364', '1000000970897311', '2022-02-18', 'expired', '0', 'ios', '2022-02-21 00:33:13', '2022-02-21 00:33:36', NULL),
(239, 71, 1, '1000000972213552', '1000000970897311', '2022-02-18', 'expired', '0', 'ios', '2022-02-21 00:33:36', '2022-02-21 00:54:22', NULL),
(240, 71, 1, '1000000972215432', '1000000970897311', '2022-02-18', 'expired', '0', 'ios', '2022-02-21 00:54:22', '2022-02-21 00:54:22', NULL),
(241, 71, 1, '1000000973191690', '1000000970897311', '2022-02-21', 'expired', '0', 'ios', '2022-02-21 00:55:15', '2022-02-21 00:55:15', NULL),
(242, 71, 1, '1000000973193433', '1000000970897311', '2022-02-21', 'expired', '0', 'ios', '2022-02-21 01:00:21', '2022-02-21 01:00:21', NULL),
(243, 71, 1, '1000000973198530', '1000000970897311', '2022-02-21', 'expired', '0', 'ios', '2022-02-21 01:10:15', '2022-02-21 01:25:25', NULL),
(244, 71, 1, '1000000973212574', '1000000970897311', '2022-02-21', 'expired', '0', 'ios', '2022-02-21 01:25:25', '2022-02-21 01:25:25', NULL),
(245, 71, 1, '1000000973215989', '1000000970897311', '2022-02-21', 'expired', '0', 'ios', '2022-02-21 01:31:49', '2022-02-21 01:31:49', NULL),
(246, 71, 1, '1000000973227048', '1000000970897311', '2022-02-21', 'expired', '0', 'ios', '2022-02-21 01:44:20', '2022-02-21 01:44:20', NULL),
(247, 71, 1, '1000000973234946', '1000000970897311', '2022-02-21', 'expired', '0', 'ios', '2022-02-21 02:19:06', '2022-02-21 02:19:06', NULL),
(248, 71, 1, '1000000974064056', '1000000970897311', '2022-02-22', 'expired', '0', 'ios', '2022-02-22 00:51:33', '2022-02-22 00:51:33', NULL),
(249, 71, 1, '1000000974066682', '1000000970897311', '2022-02-22', 'expired', '0', 'ios', '2022-02-22 00:59:43', '2022-02-22 00:59:43', NULL),
(250, 71, 1, '1000000974118211', '1000000970897311', '2022-02-22', 'expired', '0', 'ios', '2022-02-22 07:45:01', '2022-02-22 07:45:01', NULL),
(251, 71, 1, '1000000974968369', '1000000970897311', '2022-02-22', 'expired', '0', 'ios', '2022-02-22 23:33:06', '2022-02-22 23:33:06', NULL),
(252, 71, 1, '1000000974968801', '1000000970897311', '2022-02-22', 'expired', '0', 'ios', '2022-02-22 23:33:22', '2022-02-22 23:33:22', NULL),
(253, 71, 1, '1000000974969365', '1000000970897311', '2022-02-22', 'expired', '0', 'ios', '2022-02-22 23:40:26', '2022-02-22 23:40:26', NULL),
(254, 71, 1, '1000000974970045', '1000000970897311', '2022-02-22', 'expired', '0', 'ios', '2022-02-23 00:40:22', '2022-02-23 00:40:22', NULL),
(255, 71, 1, '1000000974972191', '1000000970897311', '2022-02-22', 'expired', '0', 'ios', '2022-02-23 00:40:24', '2022-02-23 00:40:24', NULL),
(256, 71, 1, '1000000974998540', '1000000970897311', '2022-02-23', 'expired', '0', 'ios', '2022-02-23 00:44:08', '2022-02-23 00:44:08', NULL),
(257, 71, 1, '1000000975001065', '1000000970897311', '2022-02-23', 'expired', '0', 'ios', '2022-02-23 00:48:27', '2022-02-23 00:48:27', NULL),
(258, 71, 1, '1000000975002713', '1000000970897311', '2022-02-23', 'expired', '0', 'ios', '2022-02-23 00:53:28', '2022-02-23 00:53:28', NULL),
(259, 71, 1, '1000000975005579', '1000000970897311', '2022-02-23', 'expired', '0', 'ios', '2022-02-23 00:58:16', '2022-02-23 00:58:16', NULL),
(260, 71, 1, '1000000975007485', '1000000970897311', '2022-02-23', 'expired', '0', 'ios', '2022-02-23 01:04:36', '2022-02-23 01:20:49', NULL),
(261, 71, 1, '1000000975021308', '1000000970897311', '2022-02-23', 'expired', '0', 'ios', '2022-02-23 01:20:49', '2022-02-23 01:20:49', NULL),
(262, 71, 1, '1000000975027673', '1000000970897311', '2022-02-23', 'expired', '0', 'ios', '2022-02-23 01:27:27', '2022-02-23 01:35:09', NULL),
(263, 71, 1, '1000000975033105', '1000000970897311', '2022-02-23', 'expired', '0', 'ios', '2022-02-23 01:35:09', '2022-02-23 01:47:15', NULL),
(264, 71, 1, '1000000975036899', '1000000970897311', '2022-02-23', 'expired', '0', 'ios', '2022-02-23 01:47:15', '2022-02-23 01:47:15', NULL),
(265, 71, 1, '1000000975046785', '1000000970897311', '2022-02-23', 'expired', '0', 'ios', '2022-02-23 02:00:35', '2022-02-23 02:00:35', NULL),
(266, 71, 1, '1000000975048888', '1000000970897311', '2022-02-23', 'expired', '0', 'ios', '2022-02-23 02:00:58', '2022-02-23 02:00:58', NULL),
(267, 71, 1, '1000000975050031', '1000000970897311', '2022-02-23', 'expired', '0', 'ios', '2022-02-23 02:01:54', '2022-02-23 02:01:54', NULL),
(268, 71, 1, '1000000975050146', '1000000970897311', '2022-02-23', 'expired', '0', 'ios', '2022-02-23 02:02:33', '2022-02-23 02:02:55', NULL),
(269, 71, 1, '1000000975051090', '1000000970897311', '2022-02-23', 'expired', '0', 'ios', '2022-02-23 02:02:55', '2022-02-23 02:02:55', NULL),
(270, 71, 1, '1000000975051339', '1000000970897311', '2022-02-23', 'expired', '0', 'ios', '2022-02-23 02:05:28', '2022-02-23 02:05:28', NULL),
(271, 71, 1, '1000000975051507', '1000000970897311', '2022-02-23', 'expired', '0', 'ios', '2022-02-23 02:05:45', '2022-02-23 02:05:45', NULL),
(272, 71, 1, '1000000975052684', '1000000970897311', '2022-02-23', 'expired', '0', 'ios', '2022-02-23 02:07:30', '2022-02-23 02:07:30', NULL),
(273, 71, 1, '1000000975053551', '1000000970897311', '2022-02-23', 'expired', '0', 'ios', '2022-02-23 02:07:32', '2022-02-23 02:36:50', NULL),
(274, 71, 1, '1000000975053551', '1000000970897311', '2022-02-23', 'expired', '0', 'ios', '2022-02-23 02:07:32', '2022-02-23 02:07:32', NULL),
(275, 71, 1, '1000000975073748', '1000000970897311', '2022-02-23', 'expired', '0', 'ios', '2022-02-23 02:36:51', '2022-02-23 04:48:43', NULL),
(276, 71, 1, '1000000975075127', '1000000970897311', '2022-02-23', 'expired', '0', 'ios', '2022-02-23 04:48:43', '2022-02-23 04:48:43', NULL),
(277, 71, 1, '1000000975197997', '1000000970897311', '2022-02-23', 'expired', '0', 'ios', '2022-02-23 05:04:11', '2022-02-23 05:04:11', NULL),
(278, 71, 1, '1000000975214422', '1000000970897311', '2022-02-23', 'expired', '0', 'ios', '2022-02-23 05:07:09', '2022-02-23 05:11:40', NULL),
(279, 71, 1, '1000000975216695', '1000000970897311', '2022-02-23', 'expired', '0', 'ios', '2022-02-23 05:11:41', '2022-02-23 05:11:41', NULL),
(280, 71, 1, '1000000975221303', '1000000970897311', '2022-02-23', 'expired', '0', 'ios', '2022-02-23 05:14:55', '2022-02-23 05:14:55', NULL),
(281, 71, 1, '1000000975223959', '1000000970897311', '2022-02-23', 'expired', '0', 'ios', '2022-02-23 05:15:54', '2022-02-23 05:24:32', NULL),
(282, 71, 1, '1000000975224194', '1000000970897311', '2022-02-23', 'expired', '0', 'ios', '2022-02-23 05:24:32', '2022-02-23 05:24:32', NULL),
(283, 71, 1, '1000000975224810', '1000000970897311', '2022-02-23', 'expired', '0', 'ios', '2022-02-23 05:24:37', '2022-02-23 05:24:37', NULL),
(284, 71, 1, '1000000975237324', '1000000970897311', '2022-02-23', 'expired', '0', 'ios', '2022-02-24 05:18:47', '2022-02-24 05:18:47', NULL),
(285, 71, 1, '1000000976203222', '1000000970897311', '2022-02-24', 'expired', '0', 'ios', '2022-02-24 05:19:15', '2022-02-24 06:38:04', NULL),
(286, 71, 1, '1000000976260762', '1000000970897311', '2022-02-24', 'expired', '0', 'ios', '2022-02-24 06:38:04', '2022-02-24 06:38:04', NULL),
(287, 81, 2, '2000000000720976', '2000000000720976', '2022-02-28', 'expired', '1', 'ios', '2022-02-28 03:44:36', '2022-02-28 03:44:36', NULL),
(288, 71, 1, '1000000976260763', '1000000970897311', '2022-02-24', 'expired', '0', 'ios', '2022-02-28 06:18:16', '2022-02-28 06:18:16', NULL),
(289, 71, 1, '1000000976260762', '1000000970897311', '2022-02-24', 'expired', '0', 'ios', '2022-02-28 06:18:16', '2022-02-28 06:18:16', NULL),
(290, 71, 1, '1000000976260762', '1000000970897311', '2022-02-24', 'expired', '0', 'ios', '2022-02-28 06:18:16', '2022-02-28 06:18:16', NULL),
(291, 71, 1, '1000000976260763', '1000000970897311', '2022-02-24', 'expired', '0', 'ios', '2022-02-28 06:18:16', '2022-02-28 06:18:18', NULL),
(292, 71, 1, '1000000976260763', '1000000970897311', '2022-02-24', 'expired', '0', 'ios', '2022-02-28 06:18:17', '2022-02-28 06:18:18', NULL),
(293, 71, 1, '1000000976260762', '1000000970897311', '2022-02-24', 'expired', '0', 'ios', '2022-02-28 06:18:18', '2022-02-28 06:18:18', NULL),
(294, 71, 1, '1000000976260763', '1000000970897311', '2022-02-24', 'expired', '0', 'ios', '2022-03-02 06:14:59', '2022-03-02 06:14:59', NULL),
(295, 71, 2, '2000000002463431', '1000000970897311', '2022-03-02', 'expired', '1', 'ios', '2022-03-02 06:16:17', '2022-03-02 06:16:17', NULL),
(296, 71, 2, '2000000002463432', '1000000970897311', '2022-03-02', 'expired', '0', 'ios', '2022-03-02 06:38:35', '2022-03-02 06:38:35', NULL),
(297, 71, 2, '2000000002480143', '1000000970897311', '2022-03-02', 'expired', '0', 'ios', '2022-03-02 06:52:16', '2022-03-02 06:52:48', NULL),
(298, 71, 2, '2000000002486761', '1000000970897311', '2022-03-02', 'expired', '0', 'ios', '2022-03-02 06:52:48', '2022-03-02 06:55:35', NULL),
(299, 71, 2, '2000000002492534', '1000000970897311', '2022-03-02', 'expired', '0', 'ios', '2022-03-02 06:55:35', '2022-03-02 06:57:38', NULL),
(300, 71, 2, '2000000002494038', '1000000970897311', '2022-03-02', 'expired', '0', 'ios', '2022-03-02 06:57:38', '2022-03-02 06:59:43', NULL),
(301, 71, 2, '2000000002499158', '1000000970897311', '2022-03-02', 'expired', '0', 'ios', '2022-03-02 06:59:43', '2022-03-02 07:00:22', NULL),
(302, 71, 2, '2000000002500997', '1000000970897311', '2022-03-02', 'expired', '0', 'ios', '2022-03-02 07:00:22', '2022-03-02 23:38:46', NULL),
(303, 71, 2, '2000000002870159', '1000000970897311', '2022-03-02', 'expired', '0', 'ios', '2022-03-02 23:38:46', '2022-03-02 23:50:32', NULL),
(304, 71, 2, '2000000002870160', '1000000970897311', '2022-03-02', 'expired', '0', 'ios', '2022-03-02 23:50:32', '2022-03-02 23:50:32', NULL),
(305, 71, 2, '2000000002996313', '1000000970897311', '2022-03-02', 'expired', '0', 'ios', '2022-03-02 23:54:42', '2022-03-02 23:56:34', NULL),
(306, 71, 2, '2000000003002130', '1000000970897311', '2022-03-02', 'expired', '0', 'ios', '2022-03-02 23:56:34', '2022-03-02 23:56:34', NULL),
(307, 71, 2, '2000000003003910', '1000000970897311', '2022-03-02', 'expired', '0', 'ios', '2022-03-03 00:00:33', '2022-03-03 00:00:33', NULL),
(308, 71, 1, '2000000003006582', '1000000970897311', '2022-03-03', 'expired', '0', 'ios', '2022-03-03 00:02:22', '2022-03-03 00:02:22', NULL),
(309, 71, 1, '2000000003006583', '1000000970897311', '2022-03-03', 'expired', '0', 'ios', '2022-03-03 00:04:16', '2022-03-03 00:51:24', NULL),
(310, 71, 1, '2000000003030923', '1000000970897311', '2022-03-03', 'expired', '0', 'ios', '2022-03-03 00:51:24', '2022-03-03 00:51:25', NULL),
(311, 71, 1, '2000000003030924', '1000000970897311', '2022-03-03', 'expired', '0', 'ios', '2022-03-03 00:51:25', '2022-03-03 00:51:25', NULL),
(312, 71, 1, '2000000003034110', '1000000970897311', '2022-03-03', 'expired', '0', 'ios', '2022-03-03 00:54:58', '2022-03-03 00:57:18', NULL),
(313, 71, 1, '2000000003034111', '1000000970897311', '2022-03-03', 'expired', '0', 'ios', '2022-03-03 00:57:18', '2022-03-03 00:57:18', NULL),
(314, 71, 1, '2000000003037475', '1000000970897311', '2022-03-03', 'expired', '0', 'ios', '2022-03-03 00:59:04', '2022-03-03 00:59:04', NULL),
(315, 71, 1, '2000000003045768', '1000000970897311', '2022-03-03', 'expired', '0', 'ios', '2022-03-03 01:25:00', '2022-03-03 01:25:00', NULL),
(316, 71, 1, '2000000003076540', '1000000970897311', '2022-03-03', 'expired', '0', 'ios', '2022-03-03 01:48:37', '2022-03-03 01:58:38', NULL),
(317, 71, 1, '2000000003077681', '1000000970897311', '2022-03-03', 'expired', '0', 'ios', '2022-03-03 01:58:38', '2022-03-03 01:58:38', NULL),
(318, 71, 1, '2000000003086942', '1000000970897311', '2022-03-03', 'expired', '0', 'ios', '2022-03-03 02:10:11', '2022-03-03 02:17:53', NULL),
(319, 71, 1, '2000000003096708', '1000000970897311', '2022-03-03', 'expired', '0', 'ios', '2022-03-03 02:17:53', '2022-03-03 02:17:53', NULL),
(320, 71, 1, '2000000003101359', '1000000970897311', '2022-03-03', 'expired', '0', 'ios', '2022-03-03 02:19:04', '2022-03-03 02:19:04', NULL),
(321, 71, 1, '2000000003101731', '1000000970897311', '2022-03-03', 'expired', '0', 'ios', '2022-03-03 02:28:13', '2022-03-03 02:36:18', NULL),
(322, 71, 1, '2000000003107365', '1000000970897311', '2022-03-03', 'expired', '0', 'ios', '2022-03-03 02:36:18', '2022-03-03 02:37:20', NULL),
(323, 71, 1, '2000000003114477', '1000000970897311', '2022-03-03', 'expired', '0', 'ios', '2022-03-03 02:37:20', '2022-03-03 04:02:08', NULL),
(324, 71, 1, '2000000003115222', '1000000970897311', '2022-03-03', 'expired', '0', 'ios', '2022-03-03 04:02:08', '2022-03-03 04:29:32', NULL),
(325, 71, 1, '2000000003201192', '1000000970897311', '2022-03-03', 'expired', '0', 'ios', '2022-03-03 04:29:32', '2022-03-03 04:50:46', NULL),
(326, 71, 1, '2000000003227642', '1000000970897311', '2022-03-03', 'expired', '0', 'ios', '2022-03-03 04:50:46', '2022-03-03 04:50:46', NULL),
(327, 71, 1, '2000000003251803', '1000000970897311', '2022-03-03', 'expired', '0', 'ios', '2022-03-03 04:51:37', '2022-03-03 04:51:37', NULL),
(328, 71, 1, '2000000003252406', '1000000970897311', '2022-03-03', 'expired', '0', 'ios', '2022-03-03 05:02:56', '2022-03-03 05:18:53', NULL),
(329, 71, 1, '2000000003262804', '1000000970897311', '2022-03-03', 'expired', '0', 'ios', '2022-03-03 05:18:53', '2022-03-03 05:18:53', NULL),
(330, 71, 1, '2000000003275780', '1000000970897311', '2022-03-03', 'expired', '0', 'ios', '2022-03-03 05:19:57', '2022-03-03 05:19:57', NULL),
(331, 71, 1, '2000000003275977', '1000000970897311', '2022-03-03', 'expired', '0', 'ios', '2022-03-03 05:22:10', '2022-03-03 05:22:11', NULL),
(332, 71, 1, '2000000003275780', '1000000970897311', '2022-03-03', 'expired', '0', 'ios', '2022-03-03 05:22:11', '2022-03-03 05:22:11', NULL),
(333, 71, 1, '2000000003275977', '1000000970897311', '2022-03-03', 'expired', '0', 'ios', '2022-03-03 05:22:11', '2022-03-03 05:22:11', NULL),
(334, 71, 1, '2000000003275780', '1000000970897311', '2022-03-03', 'expired', '0', 'ios', '2022-03-03 05:22:11', '2022-03-03 05:22:12', NULL),
(335, 71, 1, '2000000003275977', '1000000970897311', '2022-03-03', 'expired', '0', 'ios', '2022-03-03 05:22:12', '2022-03-03 05:30:55', NULL),
(336, 71, 1, '2000000003275977', '1000000970897311', '2022-03-03', 'expired', '0', 'ios', '2022-03-03 05:22:12', '2022-03-03 05:22:12', NULL),
(337, 71, 1, '2000000003277456', '1000000970897311', '2022-03-03', 'expired', '0', 'ios', '2022-03-03 05:30:55', '2022-03-03 05:30:56', NULL),
(338, 71, 1, '2000000003277456', '1000000970897311', '2022-03-03', 'expired', '0', 'ios', '2022-03-03 05:30:55', '2022-03-03 05:30:55', NULL),
(339, 71, 1, '2000000003284888', '1000000970897311', '2022-03-03', 'expired', '0', 'ios', '2022-03-03 05:30:56', '2022-03-03 05:30:56', NULL),
(340, 71, 1, '2000000003284888', '1000000970897311', '2022-03-03', 'expired', '0', 'ios', '2022-03-03 05:30:56', '2022-03-03 05:30:56', NULL),
(341, 71, 1, '2000000003277456', '1000000970897311', '2022-03-03', 'expired', '0', 'ios', '2022-03-03 05:30:59', '2022-03-03 05:30:59', NULL),
(342, 71, 1, '2000000003284888', '1000000970897311', '2022-03-03', 'expired', '0', 'ios', '2022-03-03 05:30:59', '2022-03-03 05:30:59', NULL),
(343, 71, 1, '2000000003284888', '1000000970897311', '2022-03-03', 'expired', '0', 'ios', '2022-03-03 05:30:59', '2022-03-03 05:30:59', NULL),
(344, 71, 1, '2000000003285067', '1000000970897311', '2022-03-03', 'expired', '0', 'ios', '2022-03-03 05:34:28', '2022-03-03 05:34:28', NULL),
(345, 71, 1, '2000000003294118', '1000000970897311', '2022-03-03', 'expired', '0', 'ios', '2022-03-03 05:45:22', '2022-03-03 05:45:23', NULL),
(346, 71, 1, '2000000003298298', '1000000970897311', '2022-03-03', 'expired', '0', 'ios', '2022-03-03 05:45:23', '2022-03-03 05:45:23', NULL);
INSERT INTO `user_subscriptions` (`id`, `user_id`, `subscription_package_id`, `gateway_transaction_id`, `gateway_original_transaction_id`, `subscription_expiry_date`, `status`, `is_trial_period`, `device_type`, `created_at`, `updated_at`, `deleted_at`) VALUES
(347, 71, 1, '2000000003294118', '1000000970897311', '2022-03-03', 'expired', '0', 'ios', '2022-03-03 05:45:25', '2022-03-03 05:45:25', NULL),
(348, 71, 1, '2000000003298298', '1000000970897311', '2022-03-03', 'expired', '0', 'ios', '2022-03-03 05:45:25', '2022-03-03 05:55:39', NULL),
(349, 71, 1, '2000000003298298', '1000000970897311', '2022-03-03', 'expired', '0', 'ios', '2022-03-03 05:45:25', '2022-03-03 05:45:25', NULL),
(350, 71, 1, '2000000003307504', '1000000970897311', '2022-03-03', 'expired', '0', 'ios', '2022-03-03 05:55:39', '2022-03-03 06:02:01', NULL),
(351, 71, 1, '2000000003307504', '1000000970897311', '2022-03-03', 'expired', '0', 'ios', '2022-03-03 05:55:39', '2022-03-03 05:55:39', NULL),
(352, 71, 1, '2000000003310892', '1000000970897311', '2022-03-03', 'expired', '0', 'ios', '2022-03-03 06:02:01', '2022-03-03 06:02:01', NULL),
(353, 71, 1, '2000000003312588', '1000000970897311', '2022-03-03', 'expired', '0', 'ios', '2022-03-03 06:06:02', '2022-03-03 06:06:02', NULL),
(354, 71, 1, '2000000003316256', '1000000970897311', '2022-03-03', 'expired', '0', 'ios', '2022-03-03 06:06:03', '2022-03-03 06:06:03', NULL),
(355, 71, 1, '2000000003312588', '1000000970897311', '2022-03-03', 'expired', '0', 'ios', '2022-03-03 06:06:07', '2022-03-03 06:06:07', NULL),
(356, 71, 1, '2000000003316256', '1000000970897311', '2022-03-03', 'expired', '0', 'ios', '2022-03-03 06:06:07', '2022-03-03 06:06:07', NULL),
(357, 71, 1, '2000000003316256', '1000000970897311', '2022-03-03', 'expired', '0', 'ios', '2022-03-03 06:06:07', '2022-03-03 06:06:07', NULL),
(358, 71, 1, '2000000003312588', '1000000970897311', '2022-03-03', 'expired', '0', 'ios', '2022-03-03 06:06:08', '2022-03-03 06:06:08', NULL),
(359, 71, 1, '2000000003316256', '1000000970897311', '2022-03-03', 'expired', '0', 'ios', '2022-03-03 06:06:08', '2022-03-03 06:06:08', NULL),
(360, 71, 1, '2000000003361380', '1000000970897311', '2022-03-03', 'expired', '0', 'ios', '2022-03-03 23:36:46', '2022-03-03 23:37:46', NULL),
(361, 71, 1, '2000000003846290', '1000000970897311', '2022-03-03', 'expired', '0', 'ios', '2022-03-03 23:37:46', '2022-03-03 23:40:30', NULL),
(362, 71, 1, '2000000003846722', '1000000970897311', '2022-03-03', 'expired', '0', 'ios', '2022-03-03 23:40:30', '2022-03-03 23:40:30', NULL),
(363, 71, 1, '2000000003850779', '1000000970897311', '2022-03-03', 'expired', '0', 'ios', '2022-03-03 23:43:42', '2022-03-03 23:43:42', NULL),
(364, 71, 1, '2000000003856318', '1000000970897311', '2022-03-03', 'expired', '0', 'ios', '2022-03-03 23:54:14', '2022-03-03 23:56:15', NULL),
(365, 71, 1, '2000000003856704', '1000000970897311', '2022-03-03', 'expired', '0', 'ios', '2022-03-03 23:56:15', '2022-03-04 00:11:23', NULL),
(366, 71, 1, '2000000003857205', '1000000970897311', '2022-03-03', 'expired', '0', 'ios', '2022-03-04 00:11:23', '2022-03-04 00:11:23', NULL),
(367, 71, 1, '2000000003861290', '1000000970897311', '2022-03-03', 'expired', '0', 'ios', '2022-03-04 00:12:11', '2022-03-04 00:12:11', NULL),
(368, 71, 1, '2000000003857205', '1000000970897311', '2022-03-03', 'expired', '0', 'ios', '2022-03-04 00:12:11', '2022-03-04 00:12:13', NULL),
(369, 71, 1, '2000000003857205', '1000000970897311', '2022-03-03', 'expired', '0', 'ios', '2022-03-04 00:12:12', '2022-03-04 00:12:13', NULL),
(370, 71, 1, '2000000003861290', '1000000970897311', '2022-03-03', 'expired', '0', 'ios', '2022-03-04 00:12:13', '2022-03-04 00:12:13', NULL),
(371, 71, 1, '2000000003857205', '1000000970897311', '2022-03-03', 'expired', '0', 'ios', '2022-03-04 00:12:14', '2022-03-04 00:20:18', NULL),
(372, 71, 1, '2000000003861290', '1000000970897311', '2022-03-03', 'expired', '0', 'ios', '2022-03-04 00:12:14', '2022-03-04 00:20:18', NULL),
(373, 71, 1, '2000000003861290', '1000000970897311', '2022-03-03', 'expired', '0', 'ios', '2022-03-04 00:12:14', '2022-03-04 00:12:14', NULL),
(374, 71, 1, '2000000003861617', '1000000970897311', '2022-03-03', 'expired', '0', 'ios', '2022-03-04 00:20:18', '2022-03-04 00:40:12', NULL),
(375, 71, 1, '2000000003872976', '1000000970897311', '2022-03-03', 'expired', '0', 'ios', '2022-03-04 00:40:12', '2022-03-04 00:49:18', NULL),
(376, 71, 1, '2000000003878370', '1000000970897311', '2022-03-03', 'expired', '0', 'ios', '2022-03-04 00:49:18', '2022-03-04 00:49:18', NULL),
(377, 71, 1, '2000000003879895', '1000000970897311', '2022-03-03', 'expired', '0', 'ios', '2022-03-04 00:50:34', '2022-03-04 00:50:34', NULL),
(378, 71, 1, '2000000003880163', '1000000970897311', '2022-03-03', 'expired', '0', 'ios', '2022-03-04 00:57:45', '2022-03-04 00:57:45', NULL),
(379, 71, 1, '2000000003884183', '1000000970897311', '2022-03-03', 'expired', '0', 'ios', '2022-03-04 00:58:02', '2022-03-04 00:58:02', NULL),
(380, 71, 1, '2000000003884375', '1000000970897311', '2022-03-03', 'expired', '0', 'ios', '2022-03-04 01:12:19', '2022-03-04 01:12:19', NULL),
(381, 71, 1, '2000000003890699', '1000000970897311', '2022-03-03', 'expired', '0', 'ios', '2022-03-04 01:12:20', '2022-03-04 01:12:20', NULL),
(382, 71, 1, '2000000003891116', '1000000970897311', '2022-03-03', 'expired', '0', 'ios', '2022-03-04 01:13:23', '2022-03-04 01:13:23', NULL),
(383, 71, 1, '2000000003891356', '1000000970897311', '2022-03-03', 'expired', '0', 'ios', '2022-03-04 01:14:07', '2022-03-04 01:14:07', NULL),
(384, 71, 1, '2000000003891116', '1000000970897311', '2022-03-03', 'expired', '0', 'ios', '2022-03-04 01:14:07', '2022-03-04 01:14:07', NULL),
(385, 71, 1, '2000000003891116', '1000000970897311', '2022-03-03', 'expired', '0', 'ios', '2022-03-04 01:14:07', '2022-03-04 01:14:08', NULL),
(386, 71, 1, '2000000003891116', '1000000970897311', '2022-03-03', 'expired', '0', 'ios', '2022-03-04 01:14:07', '2022-03-04 01:14:08', NULL),
(387, 71, 1, '2000000003891356', '1000000970897311', '2022-03-03', 'expired', '0', 'ios', '2022-03-04 01:14:08', '2022-03-04 01:14:08', NULL),
(388, 71, 2, '2000000003892444', '1000000970897311', '2022-03-04', 'expired', '0', 'ios', '2022-03-04 01:15:16', '2022-03-04 01:15:41', NULL),
(389, 71, 2, '2000000003892444', '1000000970897311', '2022-03-04', 'expired', '0', 'ios', '2022-03-04 01:15:16', '2022-03-04 01:15:41', NULL),
(390, 71, 2, '2000000003892445', '1000000970897311', '2022-03-04', 'expired', '0', 'ios', '2022-03-04 01:15:41', '2022-03-04 02:07:32', NULL),
(391, 71, 2, '2000000003911864', '1000000970897311', '2022-03-04', 'expired', '0', 'ios', '2022-03-04 02:07:33', '2022-03-04 02:07:33', NULL),
(392, 71, 2, '2000000003930311', '1000000970897311', '2022-03-04', 'expired', '0', 'ios', '2022-03-04 02:19:46', '2022-03-04 02:19:46', NULL),
(393, 71, 2, '2000000003935813', '1000000970897311', '2022-03-04', 'expired', '0', 'ios', '2022-03-04 02:20:55', '2022-03-04 02:20:55', NULL),
(394, 71, 2, '2000000003937106', '1000000970897311', '2022-03-04', 'expired', '0', 'ios', '2022-03-04 02:21:02', '2022-03-04 02:21:02', NULL),
(395, 71, 2, '2000000003935813', '1000000970897311', '2022-03-04', 'expired', '0', 'ios', '2022-03-04 02:21:03', '2022-03-04 02:21:03', NULL),
(396, 71, 2, '2000000003937106', '1000000970897311', '2022-03-04', 'expired', '0', 'ios', '2022-03-04 02:21:06', '2022-03-04 02:21:06', NULL),
(397, 71, 2, '2000000003935813', '1000000970897311', '2022-03-04', 'expired', '0', 'ios', '2022-03-04 02:21:06', '2022-03-04 02:21:06', NULL),
(398, 71, 2, '2000000003937106', '1000000970897311', '2022-03-04', 'expired', '0', 'ios', '2022-03-04 02:21:07', '2022-03-04 02:21:07', NULL),
(399, 71, 2, '2000000004122879', '1000000970897311', '2022-03-04', 'expired', '0', 'ios', '2022-03-04 06:00:25', '2022-03-04 06:01:19', NULL),
(400, 71, 2, '2000000004124222', '1000000970897311', '2022-03-04', 'expired', '0', 'ios', '2022-03-04 06:01:19', '2022-03-04 06:01:19', NULL),
(401, 71, 2, '2000000004128750', '1000000970897311', '2022-03-04', 'expired', '0', 'ios', '2022-03-04 06:04:55', '2022-03-04 06:04:55', NULL),
(402, 71, 2, '2000000004130052', '1000000970897311', '2022-03-04', 'expired', '0', 'ios', '2022-03-04 06:05:54', '2022-03-04 06:05:54', NULL),
(403, 71, 2, '2000000004137920', '1000000970897311', '2022-03-04', 'expired', '0', 'ios', '2022-03-04 06:20:14', '2022-03-04 06:20:14', NULL),
(404, 71, 2, '2000000004143763', '1000000970897311', '2022-03-04', 'expired', '0', 'ios', '2022-03-04 06:21:49', '2022-03-04 06:21:49', NULL),
(405, 71, 2, '2000000004144532', '1000000970897311', '2022-03-04', 'expired', '0', 'ios', '2022-03-04 06:25:05', '2022-03-04 06:25:05', NULL),
(406, 71, 2, '2000000004146773', '1000000970897311', '2022-03-04', 'expired', '0', 'ios', '2022-03-04 06:26:40', '2022-03-04 06:26:40', NULL),
(407, 71, 2, '2000000004148106', '1000000970897311', '2022-03-04', 'expired', '0', 'ios', '2022-03-04 06:29:29', '2022-03-04 06:30:46', NULL),
(408, 71, 2, '2000000004150661', '1000000970897311', '2022-03-04', 'expired', '0', 'ios', '2022-03-04 06:30:46', '2022-03-04 06:31:13', NULL),
(409, 71, 2, '2000000004151517', '1000000970897311', '2022-03-04', 'expired', '0', 'ios', '2022-03-04 06:31:13', '2022-03-04 06:31:13', NULL),
(410, 71, 2, '2000000004152814', '1000000970897311', '2022-03-04', 'expired', '0', 'ios', '2022-03-04 06:32:14', '2022-03-04 06:32:14', NULL),
(411, 71, 2, '2000000004156051', '1000000970897311', '2022-03-04', 'expired', '0', 'ios', '2022-03-04 06:39:30', '2022-03-04 06:40:10', NULL),
(412, 71, 2, '2000000004158381', '1000000970897311', '2022-03-04', 'expired', '0', 'ios', '2022-03-04 06:40:10', '2022-03-04 06:40:10', NULL),
(413, 71, 2, '2000000004158981', '1000000970897311', '2022-03-04', 'expired', '0', 'ios', '2022-03-04 06:40:37', '2022-03-04 06:40:37', NULL),
(414, 71, 2, '2000000004159412', '1000000970897311', '2022-03-04', 'expired', '0', 'ios', '2022-03-04 06:41:23', '2022-03-04 06:41:23', NULL),
(415, 71, 2, '2000000004160417', '1000000970897311', '2022-03-04', 'expired', '0', 'ios', '2022-03-04 06:42:38', '2022-03-04 06:43:01', NULL),
(416, 71, 2, '2000000004160854', '1000000970897311', '2022-03-04', 'expired', '0', 'ios', '2022-03-04 06:43:01', '2022-03-04 06:43:26', NULL),
(417, 71, 2, '2000000004162696', '1000000970897311', '2022-03-04', 'expired', '0', 'ios', '2022-03-04 06:43:26', '2022-03-04 06:43:53', NULL),
(418, 71, 2, '2000000004163791', '1000000970897311', '2022-03-04', 'expired', '0', 'ios', '2022-03-04 06:43:53', '2022-03-04 06:43:53', NULL),
(419, 71, 2, '2000000004163972', '1000000970897311', '2022-03-04', 'expired', '0', 'ios', '2022-03-04 06:45:29', '2022-03-04 06:47:55', NULL),
(420, 71, 2, '2000000004165258', '1000000970897311', '2022-03-04', 'expired', '0', 'ios', '2022-03-04 06:47:55', '2022-03-04 06:47:55', NULL),
(421, 71, 2, '2000000004166930', '1000000970897311', '2022-03-04', 'expired', '0', 'ios', '2022-03-04 06:50:25', '2022-03-04 06:52:05', NULL),
(422, 71, 2, '2000000004167829', '1000000970897311', '2022-03-04', 'expired', '0', 'ios', '2022-03-04 06:52:05', '2022-03-04 07:39:12', NULL),
(423, 71, 2, '2000000004191716', '1000000970897311', '2022-03-04', 'expired', '0', 'ios', '2022-03-04 07:39:12', '2022-03-04 07:40:08', NULL),
(424, 71, 2, '2000000004212591', '1000000970897311', '2022-03-04', 'expired', '0', 'ios', '2022-03-04 07:40:08', '2022-03-07 09:23:11', NULL),
(425, 71, 2, '2000000005135550', '1000000970897311', '2022-03-04', 'expired', '0', 'ios', '2022-03-07 09:23:11', '2022-03-07 09:41:52', NULL),
(426, 71, 2, '2000000005324510', '1000000970897311', '2022-03-04', 'expired', '0', 'ios', '2022-03-07 09:41:52', '2022-03-07 11:58:10', NULL),
(427, 71, 2, '2000000005340326', '1000000970897311', '2022-03-04', 'expired', '0', 'ios', '2022-03-07 11:58:10', '2022-03-08 04:52:16', NULL),
(428, 71, 2, '2000000005437730', '1000000970897311', '2022-03-04', 'expired', '0', 'ios', '2022-03-08 04:52:16', '2022-03-08 04:53:41', NULL),
(429, 71, 2, '2000000005864605', '1000000970897311', '2022-03-08', 'expired', '0', 'ios', '2022-03-08 04:53:41', '2022-03-08 05:27:45', NULL),
(430, 71, 2, '2000000005864606', '1000000970897311', '2022-03-08', 'expired', '0', 'ios', '2022-03-08 05:27:45', '2022-03-16 04:43:37', NULL),
(431, 91, 2, '2000000009384888', '2000000009384888', '2022-03-13', 'active', '1', 'ios', '2022-03-13 11:18:47', '2022-03-13 11:18:47', NULL),
(432, 71, 2, '2000000006347722', '1000000970897311', '2022-03-08', 'expired', '0', 'ios', '2022-03-16 04:43:37', '2022-03-16 06:03:58', NULL),
(433, 71, 2, '2000000011516775', '1000000970897311', '2022-03-08', 'expired', '0', 'ios', '2022-03-16 06:03:58', '2022-03-16 06:03:58', NULL),
(434, 92, 1, 'GPA.3391-9290-1738-46879', 'ljkbmlkngconoalmelelgkkf.AO-J1OzUn8imJF3tNfmdSkWqORUHQnnPK0k-BPktQtBYkZWgHLccqfwAzyo6ZmFbZ64ZuzBp83bPobIhCAd6jDlK28QGhnUwzQ', '2022-05-15', 'expired', '1', 'android', '2022-03-16 10:39:40', '2022-03-16 10:51:54', NULL),
(435, 92, 1, 'GPA.3335-9331-5888-66738', 'cfplogbgknbmpglinhpkgalh.AO-J1OwfQTkSZ5pvKctZAE0zn9uqsXz-mIW_Im2c_yUCmc1aOz_Ae3aPTP0mpnwMqonkD4BpfxoYA5b3SVqdq77nnNyL7hCAww', '2022-04-16', 'active', '0', 'android', '2022-03-16 10:51:54', '2022-03-16 10:51:54', NULL),
(436, 71, 2, '2000000011518427', '1000000970897311', '2022-03-08', 'expired', '0', 'ios', '2022-03-16 11:01:50', '2022-03-16 11:02:39', NULL),
(437, 71, 2, '2000000011818659', '1000000970897311', '2022-03-08', 'expired', '0', 'ios', '2022-03-16 11:02:39', '2022-03-16 11:02:39', NULL),
(438, 71, 2, '2000000013389118', '1000000970897311', '2022-03-08', 'expired', '0', 'ios', '2022-03-18 06:12:49', '2022-03-18 06:12:49', NULL),
(439, 71, 1, '2000000013389986', '1000000970897311', '2022-03-18', 'expired', '0', 'ios', '2022-03-18 06:15:19', '2022-03-18 06:17:35', NULL),
(440, 71, 1, '2000000013389987', '1000000970897311', '2022-03-18', 'expired', '0', 'ios', '2022-03-18 06:17:35', '2022-07-08 11:26:54', NULL),
(441, 31, 2, '1000000940329389', '1000000937504504', '2021-12-30', 'expired', '0', 'ios', '2022-03-18 08:40:48', '2022-03-18 08:40:48', NULL),
(442, 31, 1, '2000000013524052', '1000000937504504', '2022-03-18', 'active', '1', 'ios', '2022-03-18 08:44:25', '2022-03-18 08:44:25', NULL),
(443, 94, 1, '2000000013624829', '2000000013624829', '2022-03-18', 'expired', '1', 'ios', '2022-03-18 10:24:29', '2022-03-18 10:51:14', NULL),
(444, 94, 2, '2000000013643204', '2000000013624829', '2022-03-18', 'expired', '1', 'ios', '2022-03-18 10:51:14', '2022-03-18 10:51:14', NULL),
(445, 97, 2, '2000000014393371', '2000000014393371', '2022-03-20', 'active', '1', 'ios', '2022-03-20 18:12:15', '2022-03-20 18:12:15', NULL),
(446, 98, 2, '2000000014802293', '2000000014802293', '2022-03-21', 'expired', '1', 'ios', '2022-03-21 10:27:28', '2022-03-21 14:09:49', NULL),
(447, 98, 2, '2000000014972206', '2000000014802293', '2022-03-21', 'expired', '0', 'ios', '2022-03-21 14:09:49', '2022-03-22 05:52:57', NULL),
(448, 94, 2, '2000000013869144', '2000000013624829', '2022-03-18', 'expired', '0', 'ios', '2022-03-22 04:43:35', '2022-03-22 04:44:23', NULL),
(449, 94, 1, '2000000015281510', '2000000013624829', '2022-03-22', 'expired', '0', 'ios', '2022-03-22 04:44:23', '2022-03-22 05:00:20', NULL),
(450, 94, 1, '2000000015290282', '2000000013624829', '2022-03-22', 'expired', '0', 'ios', '2022-03-22 05:00:20', '2022-03-22 05:00:20', NULL),
(451, 94, 1, '2000000015292075', '2000000013624829', '2022-03-22', 'expired', '0', 'ios', '2022-03-22 05:04:23', '2022-03-22 05:04:23', NULL),
(452, 94, 1, '2000000015300924', '2000000013624829', '2022-03-22', 'expired', '0', 'ios', '2022-03-22 05:24:37', '2022-03-23 07:00:38', NULL),
(453, 98, 2, '2000000015142573', '2000000014802293', '2022-03-21', 'active', '0', 'ios', '2022-03-22 05:52:57', '2022-03-22 05:52:57', NULL),
(454, 94, 1, '2000000015313672', '2000000013624829', '2022-03-22', 'expired', '0', 'ios', '2022-03-23 07:00:38', '2022-03-23 07:00:38', NULL),
(455, 94, 1, '2000000016281175', '2000000013624829', '2022-03-23', 'expired', '0', 'ios', '2022-03-23 07:03:55', '2022-03-23 07:04:47', NULL),
(456, 94, 1, '2000000016281176', '2000000013624829', '2022-03-23', 'expired', '0', 'ios', '2022-03-23 07:04:47', '2022-06-13 05:09:20', NULL),
(457, 102, 1, '2000000016418169', '2000000016418169', '2022-03-23', 'expired', '1', 'ios', '2022-03-23 08:48:34', '2022-03-23 10:52:25', NULL),
(458, 102, 1, '2000000016493192', '2000000016418169', '2022-03-23', 'expired', '0', 'ios', '2022-03-23 10:52:25', '2022-03-23 10:52:25', NULL),
(459, 105, 2, '2000000016663201', '2000000016663201', '2022-03-23', 'expired', '1', 'ios', '2022-03-23 12:52:35', '2022-03-23 12:52:35', NULL),
(460, 105, 2, '2000000016760798', '2000000016663201', '2022-03-23', 'expired', '0', 'ios', '2022-03-23 15:42:18', '2022-03-24 15:32:18', NULL),
(461, 102, 1, '2000000016562009', '2000000016418169', '2022-03-23', 'expired', '0', 'ios', '2022-03-24 10:20:12', '2022-03-24 10:20:22', NULL),
(462, 102, 1, '2000000017106177', '2000000016418169', '2022-03-23', 'expired', '0', 'ios', '2022-03-24 10:20:22', '2022-03-24 10:20:35', NULL),
(463, 102, 1, '2000000017306460', '2000000016418169', '2022-03-23', 'expired', '0', 'ios', '2022-03-24 10:20:35', '2022-03-25 03:42:03', NULL),
(464, 105, 2, '2000000016979363', '2000000016663201', '2022-03-23', 'expired', '0', 'ios', '2022-03-24 15:32:18', '2022-03-24 15:32:18', NULL),
(465, 102, 1, '2000000017368873', '2000000016418169', '2022-03-23', 'expired', '0', 'ios', '2022-03-25 03:42:03', '2022-03-25 03:42:03', NULL),
(466, 102, 1, '2000000017370266', '2000000016418169', '2022-03-23', 'expired', '0', 'ios', '2022-03-25 03:54:54', '2022-03-25 03:54:54', NULL),
(467, 102, 1, '2000000017370742', '2000000016418169', '2022-03-23', 'expired', '0', 'ios', '2022-03-25 04:14:00', '2022-03-25 04:22:04', NULL),
(468, 102, 1, '2000000017374802', '2000000016418169', '2022-03-23', 'expired', '0', 'ios', '2022-03-25 04:22:04', '2022-03-25 04:22:04', NULL),
(469, 102, 1, '2000000017379659', '2000000016418169', '2022-03-23', 'expired', '0', 'ios', '2022-03-25 06:24:35', '2022-03-25 06:25:32', NULL),
(470, 102, 2, '2000000018126290', '2000000016418169', '2022-03-25', 'expired', '1', 'ios', '2022-03-25 06:25:32', '2022-03-25 10:57:53', NULL),
(471, 102, 2, '2000000018380243', '2000000016418169', '2022-03-25', 'expired', '0', 'ios', '2022-03-25 10:57:53', '2022-04-12 03:56:26', NULL),
(472, 105, 2, '2000000018423011', '2000000016663201', '2022-03-25', 'expired', '0', 'ios', '2022-03-25 10:58:58', '2022-03-25 10:58:58', NULL),
(473, 111, 2, '2000000021430003', '2000000021430003', '2022-03-29', 'expired', '1', 'ios', '2022-03-29 21:01:00', '2022-03-29 23:54:21', NULL),
(474, 111, 2, '2000000021473881', '2000000021430003', '2022-03-29', 'expired', '0', 'ios', '2022-03-29 23:54:21', '2022-03-30 00:53:14', NULL),
(475, 111, 2, '2000000021494398', '2000000021430003', '2022-03-29', 'expired', '0', 'ios', '2022-03-30 00:53:14', '2022-03-30 02:03:07', NULL),
(476, 111, 2, '2000000021554382', '2000000021430003', '2022-03-29', 'expired', '0', 'ios', '2022-03-30 02:03:07', '2022-03-31 12:05:52', NULL),
(477, 111, 2, '2000000021880359', '2000000021430003', '2022-03-30', 'expired', '0', 'ios', '2022-03-31 12:05:52', '2022-03-31 12:08:21', NULL),
(478, 111, 2, '2000000023272734', '2000000021430003', '2022-03-31', 'expired', '0', 'ios', '2022-03-31 12:08:21', '2022-04-20 21:34:34', NULL),
(479, 102, 2, '2000000018698137', '2000000016418169', '2022-03-25', 'expired', '0', 'ios', '2022-04-12 03:56:26', '2022-04-12 03:56:26', NULL),
(480, 102, 1, '2000000030775603', '2000000016418169', '2022-04-12', 'expired', '0', 'ios', '2022-04-12 03:57:58', '2022-04-12 04:04:22', NULL),
(481, 102, 1, '2000000030777056', '2000000016418169', '2022-04-12', 'expired', '0', 'ios', '2022-04-12 04:04:22', '2022-04-12 04:07:59', NULL),
(482, 102, 1, '2000000030780891', '2000000016418169', '2022-04-12', 'expired', '0', 'ios', '2022-04-12 04:07:59', '2022-04-12 04:07:59', NULL),
(483, 102, 1, '2000000030782469', '2000000016418169', '2022-04-12', 'expired', '0', 'ios', '2022-04-12 04:12:48', '2022-04-12 04:20:30', NULL),
(484, 102, 1, '2000000030784601', '2000000016418169', '2022-04-12', 'expired', '0', 'ios', '2022-04-12 04:20:30', '2022-04-12 04:28:50', NULL),
(485, 102, 1, '2000000030790958', '2000000016418169', '2022-04-12', 'expired', '0', 'ios', '2022-04-12 04:28:50', '2022-04-12 04:28:50', NULL),
(486, 102, 1, '2000000030794380', '2000000016418169', '2022-04-12', 'expired', '0', 'ios', '2022-04-12 04:33:49', '2022-04-12 04:52:43', NULL),
(487, 102, 1, '2000000030804536', '2000000016418169', '2022-04-12', 'expired', '0', 'ios', '2022-04-12 04:52:43', '2022-04-12 04:52:43', NULL),
(488, 102, 1, '2000000030812011', '2000000016418169', '2022-04-12', 'expired', '0', 'ios', '2022-04-12 05:05:42', '2022-04-12 05:05:42', NULL),
(489, 102, 1, '2000000030848401', '2000000016418169', '2022-04-12', 'expired', '0', 'ios', '2022-04-12 08:49:39', '2022-04-19 05:01:30', NULL),
(490, 102, 1, '2000000030864519', '2000000016418169', '2022-04-12', 'expired', '0', 'ios', '2022-04-19 05:01:30', '2022-04-19 05:02:22', NULL),
(491, 102, 1, '2000000035612459', '2000000016418169', '2022-04-19', 'expired', '0', 'ios', '2022-04-19 05:02:22', '2022-04-19 05:02:22', NULL),
(492, 102, 1, '2000000035616108', '2000000016418169', '2022-04-19', 'expired', '0', 'ios', '2022-04-19 05:09:21', '2022-04-19 05:09:21', NULL),
(493, 102, 1, '2000000035627475', '2000000016418169', '2022-04-19', 'expired', '0', 'ios', '2022-04-19 05:24:47', '2022-04-19 06:35:05', NULL),
(494, 102, 1, '2000000035666862', '2000000016418169', '2022-04-19', 'expired', '0', 'ios', '2022-04-19 06:35:05', '2022-04-19 06:35:05', NULL),
(495, 102, 1, '2000000035698402', '2000000016418169', '2022-04-19', 'expired', '0', 'ios', '2022-04-19 06:55:16', '2022-04-19 06:57:12', NULL),
(496, 102, 1, '2000000035698864', '2000000016418169', '2022-04-19', 'expired', '0', 'ios', '2022-04-19 06:57:12', '2022-04-19 06:57:12', NULL),
(497, 102, 1, '2000000035701003', '2000000016418169', '2022-04-19', 'expired', '0', 'ios', '2022-04-19 06:59:39', '2022-04-19 07:02:47', NULL),
(498, 102, 1, '2000000035721190', '2000000016418169', '2022-04-19', 'expired', '0', 'ios', '2022-04-19 07:02:47', '2022-04-19 07:03:48', NULL),
(499, 102, 1, '2000000035723244', '2000000016418169', '2022-04-19', 'expired', '0', 'ios', '2022-04-19 07:03:48', '2022-04-19 07:08:18', NULL),
(500, 102, 1, '2000000035723446', '2000000016418169', '2022-04-19', 'expired', '0', 'ios', '2022-04-19 07:08:18', '2022-04-19 08:22:48', NULL),
(501, 102, 1, '2000000035726872', '2000000016418169', '2022-04-19', 'expired', '0', 'ios', '2022-04-19 08:22:48', '2022-04-19 08:36:54', NULL),
(502, 102, 1, '2000000035727338', '2000000016418169', '2022-04-19', 'expired', '0', 'ios', '2022-04-19 08:36:54', '2022-04-19 08:57:50', NULL),
(503, 102, 1, '2000000035732020', '2000000016418169', '2022-04-19', 'expired', '0', 'ios', '2022-04-19 08:57:50', '2022-04-19 09:00:37', NULL),
(504, 102, 1, '2000000035829757', '2000000016418169', '2022-04-19', 'expired', '0', 'ios', '2022-04-19 09:00:37', '2022-04-19 09:16:31', NULL),
(505, 102, 1, '2000000035856600', '2000000016418169', '2022-04-19', 'expired', '0', 'ios', '2022-04-19 09:16:31', '2022-04-19 09:17:33', NULL),
(506, 102, 1, '2000000035857451', '2000000016418169', '2022-04-19', 'expired', '0', 'ios', '2022-04-19 09:17:33', '2022-04-19 09:19:40', NULL),
(507, 102, 1, '2000000035859114', '2000000016418169', '2022-04-19', 'expired', '0', 'ios', '2022-04-19 09:19:40', '2022-04-19 09:20:31', NULL),
(508, 102, 1, '2000000035874799', '2000000016418169', '2022-04-19', 'expired', '0', 'ios', '2022-04-19 09:20:31', '2022-04-19 09:25:25', NULL),
(509, 102, 1, '2000000035876173', '2000000016418169', '2022-04-19', 'expired', '0', 'ios', '2022-04-19 09:25:25', '2022-04-19 09:36:23', NULL),
(510, 102, 1, '2000000035877778', '2000000016418169', '2022-04-19', 'expired', '0', 'ios', '2022-04-19 09:36:23', '2022-04-19 09:37:56', NULL),
(511, 102, 1, '2000000035878698', '2000000016418169', '2022-04-19', 'expired', '0', 'ios', '2022-04-19 09:37:56', '2022-04-19 09:37:56', NULL),
(512, 102, 1, '2000000035909239', '2000000016418169', '2022-04-19', 'expired', '0', 'ios', '2022-04-19 09:54:35', '2022-04-19 09:54:35', NULL),
(513, 102, 1, '2000000036492613', '2000000016418169', '2022-04-20', 'expired', '0', 'ios', '2022-04-20 04:20:29', '2022-04-20 04:20:29', NULL),
(514, 102, 1, '2000000036495255', '2000000016418169', '2022-04-20', 'expired', '0', 'ios', '2022-04-20 04:25:54', '2022-04-20 04:25:54', NULL),
(515, 102, 1, '2000000036499561', '2000000016418169', '2022-04-20', 'expired', '0', 'ios', '2022-04-20 04:34:50', '2022-04-20 04:34:50', NULL),
(516, 102, 1, '2000000036533225', '2000000016418169', '2022-04-20', 'expired', '0', 'ios', '2022-04-20 05:18:46', '2022-04-20 05:18:46', NULL),
(517, 102, 1, '2000000036551840', '2000000016418169', '2022-04-20', 'expired', '0', 'ios', '2022-04-20 05:54:49', '2022-04-20 05:54:49', NULL),
(518, 102, 1, '2000000036566923', '2000000016418169', '2022-04-20', 'expired', '0', 'ios', '2022-04-20 05:57:37', '2022-04-20 08:25:35', NULL),
(519, 102, 1, '2000000036569538', '2000000016418169', '2022-04-20', 'expired', '0', 'ios', '2022-04-20 08:25:35', '2022-04-20 08:31:43', NULL),
(520, 102, 1, '2000000036570845', '2000000016418169', '2022-04-20', 'expired', '0', 'ios', '2022-04-20 08:31:43', '2022-04-20 08:31:43', NULL),
(521, 102, 1, '2000000036747077', '2000000016418169', '2022-04-20', 'active', '0', 'ios', '2022-04-20 08:49:25', '2022-04-20 08:49:25', NULL),
(522, 111, 2, '2000000023684451', '2000000021430003', '2022-03-31', 'expired', '0', 'ios', '2022-04-20 21:34:34', '2022-04-20 21:34:34', NULL),
(523, 111, 2, '2000000042500388', '2000000021430003', '2022-04-27', 'expired', '0', 'ios', '2022-04-27 15:35:02', '2022-05-23 17:46:41', NULL),
(524, 111, 2, '2000000048805874', '2000000021430003', '2022-04-27', 'expired', '0', 'ios', '2022-05-23 17:46:41', '2022-05-23 17:46:41', NULL),
(525, 111, 2, '2000000049277444', '2000000021430003', '2022-04-27', 'expired', '0', 'ios', '2022-06-05 02:00:12', '2022-06-05 02:17:08', NULL),
(526, 111, 2, '2000000071831062', '2000000021430003', '2022-06-04', 'expired', '0', 'ios', '2022-06-05 02:17:08', '2022-06-08 18:07:35', NULL),
(527, 111, 2, '2000000071912005', '2000000021430003', '2022-06-05', 'expired', '0', 'ios', '2022-06-08 18:07:35', '2022-06-08 18:07:35', NULL),
(528, 111, 2, '2000000074999198', '2000000021430003', '2022-06-08', 'expired', '0', 'ios', '2022-06-08 18:21:01', '2022-06-08 18:21:01', NULL),
(529, 111, 2, '2000000075286209', '2000000021430003', '2022-06-09', 'expired', '0', 'ios', '2022-06-09 20:58:36', '2022-06-09 20:58:36', NULL),
(530, 111, 2, '2000000076225473', '2000000021430003', '2022-06-09', 'expired', '0', 'ios', '2022-06-09 22:38:54', '2022-06-12 18:44:11', NULL),
(531, 111, 2, '2000000076230235', '2000000021430003', '2022-06-09', 'expired', '0', 'ios', '2022-06-12 18:44:11', '2022-06-13 20:41:38', NULL),
(532, 94, 1, '2000000016348669', '2000000013624829', '2022-03-23', 'expired', '0', 'ios', '2022-06-13 05:09:20', '2022-06-13 05:09:20', NULL),
(533, 94, 1, '2000000077847337', '2000000013624829', '2022-06-13', 'expired', '0', 'ios', '2022-06-13 05:13:00', '2022-06-13 05:15:35', NULL),
(534, 94, 1, '2000000077847338', '2000000013624829', '2022-06-13', 'expired', '0', 'ios', '2022-06-13 05:15:35', '2022-06-13 05:19:38', NULL),
(535, 94, 1, '2000000077850293', '2000000013624829', '2022-06-13', 'expired', '0', 'ios', '2022-06-13 05:19:38', '2022-06-13 05:19:38', NULL),
(536, 94, 1, '2000000077853129', '2000000013624829', '2022-06-13', 'expired', '0', 'ios', '2022-06-13 05:25:03', '2022-06-13 05:25:03', NULL),
(537, 94, 1, '2000000077854002', '2000000013624829', '2022-06-13', 'expired', '0', 'ios', '2022-06-13 05:25:28', '2022-06-13 05:25:41', NULL),
(538, 94, 1, '2000000077854272', '2000000013624829', '2022-06-13', 'expired', '0', 'ios', '2022-06-13 05:25:41', '2022-06-13 05:25:41', NULL),
(539, 94, 1, '2000000077856102', '2000000013624829', '2022-06-13', 'expired', '0', 'ios', '2022-06-13 05:26:11', '2022-06-13 05:26:11', NULL),
(540, 94, 1, '2000000077856231', '2000000013624829', '2022-06-13', 'expired', '0', 'ios', '2022-06-13 05:31:32', '2022-06-13 05:32:04', NULL),
(541, 94, 1, '2000000077857507', '2000000013624829', '2022-06-13', 'expired', '0', 'ios', '2022-06-13 05:32:04', '2022-06-13 05:32:27', NULL),
(542, 94, 1, '2000000077857621', '2000000013624829', '2022-06-13', 'expired', '0', 'ios', '2022-06-13 05:32:27', '2022-06-13 05:35:27', NULL),
(543, 94, 1, '2000000077865114', '2000000013624829', '2022-06-13', 'expired', '0', 'ios', '2022-06-13 05:35:27', '2022-06-13 05:35:27', NULL),
(544, 94, 1, '2000000077871427', '2000000013624829', '2022-06-13', 'expired', '0', 'ios', '2022-06-13 05:43:23', '2022-06-13 05:43:23', NULL),
(545, 94, 1, '2000000077871428', '2000000013624829', '2022-06-13', 'expired', '0', 'ios', '2022-06-13 05:47:47', '2022-06-13 05:48:04', NULL),
(546, 94, 1, '2000000077876638', '2000000013624829', '2022-06-13', 'expired', '0', 'ios', '2022-06-13 05:48:04', '2022-06-13 05:48:59', NULL),
(547, 94, 1, '2000000077876895', '2000000013624829', '2022-06-13', 'expired', '0', 'ios', '2022-06-13 05:48:59', '2022-06-13 05:49:47', NULL),
(548, 94, 1, '2000000077879845', '2000000013624829', '2022-06-13', 'expired', '0', 'ios', '2022-06-13 05:49:47', '2022-06-13 06:27:03', NULL),
(549, 94, 1, '2000000077915321', '2000000013624829', '2022-06-13', 'active', '0', 'ios', '2022-06-13 06:27:03', '2022-06-13 06:27:03', NULL),
(550, 111, 2, '2000000078117041', '2000000021430003', '2022-06-13', 'expired', '0', 'ios', '2022-06-13 20:41:38', '2022-06-13 20:41:38', NULL),
(551, 71, 1, '2000000013437893', '1000000970897311', '2022-03-18', 'expired', '0', 'ios', '2022-07-08 11:26:54', '2022-07-08 11:26:54', NULL),
(552, 71, 1, '2000000104586313', '1000000970897311', '2022-07-13', 'active', '0', 'ios', '2022-07-13 10:51:09', '2022-07-13 10:51:09', NULL);

--
-- Indexes for dumped tables
--

--
-- Indexes for table `application_setting`
--
ALTER TABLE `application_setting`
  ADD PRIMARY KEY (`id`),
  ADD KEY `identifier` (`identifier`),
  ADD KEY `meta_key` (`meta_key`);

--
-- Indexes for table `appointments`
--
ALTER TABLE `appointments`
  ADD PRIMARY KEY (`id`),
  ADD UNIQUE KEY `appointments_slug_unique` (`slug`),
  ADD KEY `appointments_buyer_id_foreign` (`buyer_id`),
  ADD KEY `appointments_agent_id_index` (`agent_id`),
  ADD KEY `appointments_customer_id_index` (`customer_id`),
  ADD KEY `appointments_property_id_index` (`property_id`),
  ADD KEY `appointments_appointment_date_index` (`appointment_date`),
  ADD KEY `appointments_status_index` (`status`);

--
-- Indexes for table `app_content`
--
ALTER TABLE `app_content`
  ADD PRIMARY KEY (`id`);

--
-- Indexes for table `app_faqs`
--
ALTER TABLE `app_faqs`
  ADD PRIMARY KEY (`id`);

--
-- Indexes for table `buyers`
--
ALTER TABLE `buyers`
  ADD PRIMARY KEY (`id`),
  ADD UNIQUE KEY `buyers_slug_unique` (`slug`),
  ADD KEY `buyers_creator_id_foreign` (`creator_id`),
  ADD KEY `buyers_agent_id_index` (`agent_id`),
  ADD KEY `buyers_customer_id_index` (`customer_id`),
  ADD KEY `buyers_status_index` (`status`);

--
-- Indexes for table `buyer_properties`
--
ALTER TABLE `buyer_properties`
  ADD PRIMARY KEY (`id`),
  ADD UNIQUE KEY `buyer_properties_slug_unique` (`slug`),
  ADD KEY `buyer_properties_agent_id_index` (`agent_id`),
  ADD KEY `buyer_properties_customer_id_index` (`customer_id`),
  ADD KEY `buyer_properties_buyer_id_index` (`buyer_id`),
  ADD KEY `buyer_properties_property_id_index` (`property_id`);

--
-- Indexes for table `cms_modules`
--
ALTER TABLE `cms_modules`
  ADD PRIMARY KEY (`id`),
  ADD UNIQUE KEY `cms_modules_name_unique` (`name`),
  ADD UNIQUE KEY `cms_modules_route_name_unique` (`route_name`);

--
-- Indexes for table `cms_module_permissions`
--
ALTER TABLE `cms_module_permissions`
  ADD PRIMARY KEY (`id`),
  ADD KEY `cms_module_permissions_cms_role_id_foreign` (`cms_role_id`),
  ADD KEY `cms_module_permissions_cms_module_id_foreign` (`cms_module_id`);

--
-- Indexes for table `cms_roles`
--
ALTER TABLE `cms_roles`
  ADD PRIMARY KEY (`id`);

--
-- Indexes for table `cms_users`
--
ALTER TABLE `cms_users`
  ADD PRIMARY KEY (`id`),
  ADD UNIQUE KEY `cms_users_username_unique` (`username`),
  ADD UNIQUE KEY `cms_users_slug_unique` (`slug`),
  ADD UNIQUE KEY `cms_users_email_unique` (`email`),
  ADD UNIQUE KEY `cms_users_mobile_no_unique` (`mobile_no`),
  ADD KEY `cms_users_cms_role_id_foreign` (`cms_role_id`);

--
-- Indexes for table `cms_widgets`
--
ALTER TABLE `cms_widgets`
  ADD PRIMARY KEY (`id`),
  ADD KEY `cms_widgets_widget_type_index` (`widget_type`);

--
-- Indexes for table `cms_widget_role`
--
ALTER TABLE `cms_widget_role`
  ADD PRIMARY KEY (`id`),
  ADD KEY `cms_widget_role_cms_widget_id_foreign` (`cms_widget_id`),
  ADD KEY `cms_widget_role_cms_role_id_foreign` (`cms_role_id`);

--
-- Indexes for table `failed_jobs`
--
ALTER TABLE `failed_jobs`
  ADD PRIMARY KEY (`id`),
  ADD UNIQUE KEY `failed_jobs_uuid_unique` (`uuid`);

--
-- Indexes for table `lenders_state_disclosure`
--
ALTER TABLE `lenders_state_disclosure`
  ADD PRIMARY KEY (`id`),
  ADD KEY `lenders_state_disclosure_user_id_foreign` (`user_id`);

--
-- Indexes for table `mail_templates`
--
ALTER TABLE `mail_templates`
  ADD PRIMARY KEY (`id`),
  ADD UNIQUE KEY `mail_templates_identifier_unique` (`identifier`);

--
-- Indexes for table `media`
--
ALTER TABLE `media`
  ADD PRIMARY KEY (`id`);

--
-- Indexes for table `migrations`
--
ALTER TABLE `migrations`
  ADD PRIMARY KEY (`id`);

--
-- Indexes for table `notification`
--
ALTER TABLE `notification`
  ADD PRIMARY KEY (`id`);

--
-- Indexes for table `notification_setting`
--
ALTER TABLE `notification_setting`
  ADD PRIMARY KEY (`id`),
  ADD KEY `notification_setting_user_id_index` (`user_id`);

--
-- Indexes for table `properties`
--
ALTER TABLE `properties`
  ADD PRIMARY KEY (`id`),
  ADD UNIQUE KEY `properties_slug_unique` (`slug`),
  ADD KEY `properties_creator_id_foreign` (`creator_id`),
  ADD KEY `properties_agent_id_index` (`agent_id`),
  ADD KEY `properties_customer_id_index` (`customer_id`),
  ADD KEY `properties_address_index` (`address`(768)),
  ADD KEY `properties_city_index` (`city`),
  ADD KEY `properties_state_index` (`state`),
  ADD KEY `properties_zipcode_index` (`zipcode`),
  ADD KEY `properties_property_status_index` (`property_status`),
  ADD KEY `properties_initiate_contract_index` (`initiate_contract`),
  ADD KEY `properties_status_index` (`status`);

--
-- Indexes for table `property_contract_status`
--
ALTER TABLE `property_contract_status`
  ADD PRIMARY KEY (`id`),
  ADD UNIQUE KEY `property_contract_status_slug_unique` (`slug`),
  ADD KEY `property_contract_status_property_id_foreign` (`property_id`);

--
-- Indexes for table `property_contract_status_history`
--
ALTER TABLE `property_contract_status_history`
  ADD PRIMARY KEY (`id`),
  ADD KEY `property_contract_status_history_contract_id_foreign` (`contract_id`),
  ADD KEY `property_contract_status_history_property_id_foreign` (`property_id`);

--
-- Indexes for table `property_loan_info`
--
ALTER TABLE `property_loan_info`
  ADD PRIMARY KEY (`id`),
  ADD UNIQUE KEY `property_loan_info_slug_unique` (`slug`),
  ADD KEY `property_loan_info_property_id_foreign` (`property_id`);

--
-- Indexes for table `reset_password`
--
ALTER TABLE `reset_password`
  ADD PRIMARY KEY (`id`);

--
-- Indexes for table `subscription_packages`
--
ALTER TABLE `subscription_packages`
  ADD PRIMARY KEY (`id`),
  ADD UNIQUE KEY `subscription_packages_slug_unique` (`slug`);

--
-- Indexes for table `transactions`
--
ALTER TABLE `transactions`
  ADD PRIMARY KEY (`id`),
  ADD KEY `transactions_user_id_foreign` (`user_id`),
  ADD KEY `transactions_module_module_id_index` (`module`,`module_id`);

--
-- Indexes for table `users`
--
ALTER TABLE `users`
  ADD PRIMARY KEY (`id`),
  ADD UNIQUE KEY `users_username_unique` (`username`),
  ADD UNIQUE KEY `users_slug_unique` (`slug`),
  ADD UNIQUE KEY `users_email_unique` (`email`),
  ADD UNIQUE KEY `users_mobile_no_unique` (`mobile_no`),
  ADD KEY `users_user_group_id_index` (`user_group_id`),
  ADD KEY `users_parent_id_index` (`parent_id`),
  ADD KEY `users_state_index` (`state`),
  ADD KEY `users_name_index` (`name`),
  ADD KEY `users_email_index` (`email`),
  ADD KEY `users_licence_state_index` (`licence_state`),
  ADD KEY `users_status_index` (`status`);

--
-- Indexes for table `user_api_token`
--
ALTER TABLE `user_api_token`
  ADD PRIMARY KEY (`id`),
  ADD UNIQUE KEY `user_api_token_api_token_unique` (`api_token`),
  ADD UNIQUE KEY `user_api_token_refresh_token_unique` (`refresh_token`),
  ADD KEY `user_api_token_user_id_foreign` (`user_id`);

--
-- Indexes for table `user_groups`
--
ALTER TABLE `user_groups`
  ADD PRIMARY KEY (`id`);

--
-- Indexes for table `user_review`
--
ALTER TABLE `user_review`
  ADD PRIMARY KEY (`id`),
  ADD KEY `user_review_user_id_foreign` (`user_id`),
  ADD KEY `user_review_buyer_id_foreign` (`buyer_id`),
  ADD KEY `user_review_buyer_property_id_foreign` (`buyer_property_id`);

--
-- Indexes for table `user_subscriptions`
--
ALTER TABLE `user_subscriptions`
  ADD PRIMARY KEY (`id`),
  ADD KEY `user_subscriptions_user_id_foreign` (`user_id`),
  ADD KEY `user_subscriptions_subscription_package_id_foreign` (`subscription_package_id`);

--
-- AUTO_INCREMENT for dumped tables
--

--
-- AUTO_INCREMENT for table `application_setting`
--
ALTER TABLE `application_setting`
  MODIFY `id` bigint(20) UNSIGNED NOT NULL AUTO_INCREMENT, AUTO_INCREMENT=4;

--
-- AUTO_INCREMENT for table `appointments`
--
ALTER TABLE `appointments`
  MODIFY `id` bigint(20) UNSIGNED NOT NULL AUTO_INCREMENT, AUTO_INCREMENT=77;

--
-- AUTO_INCREMENT for table `app_content`
--
ALTER TABLE `app_content`
  MODIFY `id` bigint(20) UNSIGNED NOT NULL AUTO_INCREMENT, AUTO_INCREMENT=3;

--
-- AUTO_INCREMENT for table `app_faqs`
--
ALTER TABLE `app_faqs`
  MODIFY `id` bigint(20) UNSIGNED NOT NULL AUTO_INCREMENT, AUTO_INCREMENT=5;

--
-- AUTO_INCREMENT for table `buyers`
--
ALTER TABLE `buyers`
  MODIFY `id` bigint(20) UNSIGNED NOT NULL AUTO_INCREMENT, AUTO_INCREMENT=88;

--
-- AUTO_INCREMENT for table `buyer_properties`
--
ALTER TABLE `buyer_properties`
  MODIFY `id` bigint(20) UNSIGNED NOT NULL AUTO_INCREMENT, AUTO_INCREMENT=124;

--
-- AUTO_INCREMENT for table `cms_modules`
--
ALTER TABLE `cms_modules`
  MODIFY `id` bigint(20) UNSIGNED NOT NULL AUTO_INCREMENT, AUTO_INCREMENT=9;

--
-- AUTO_INCREMENT for table `cms_module_permissions`
--
ALTER TABLE `cms_module_permissions`
  MODIFY `id` bigint(20) UNSIGNED NOT NULL AUTO_INCREMENT, AUTO_INCREMENT=49;

--
-- AUTO_INCREMENT for table `cms_roles`
--
ALTER TABLE `cms_roles`
  MODIFY `id` bigint(20) UNSIGNED NOT NULL AUTO_INCREMENT, AUTO_INCREMENT=4;

--
-- AUTO_INCREMENT for table `cms_users`
--
ALTER TABLE `cms_users`
  MODIFY `id` bigint(20) UNSIGNED NOT NULL AUTO_INCREMENT, AUTO_INCREMENT=77;

--
-- AUTO_INCREMENT for table `cms_widgets`
--
ALTER TABLE `cms_widgets`
  MODIFY `id` bigint(20) UNSIGNED NOT NULL AUTO_INCREMENT, AUTO_INCREMENT=6;

--
-- AUTO_INCREMENT for table `cms_widget_role`
--
ALTER TABLE `cms_widget_role`
  MODIFY `id` bigint(20) UNSIGNED NOT NULL AUTO_INCREMENT, AUTO_INCREMENT=7;

--
-- AUTO_INCREMENT for table `failed_jobs`
--
ALTER TABLE `failed_jobs`
  MODIFY `id` bigint(20) UNSIGNED NOT NULL AUTO_INCREMENT;

--
-- AUTO_INCREMENT for table `lenders_state_disclosure`
--
ALTER TABLE `lenders_state_disclosure`
  MODIFY `id` bigint(20) UNSIGNED NOT NULL AUTO_INCREMENT, AUTO_INCREMENT=6;

--
-- AUTO_INCREMENT for table `mail_templates`
--
ALTER TABLE `mail_templates`
  MODIFY `id` bigint(20) UNSIGNED NOT NULL AUTO_INCREMENT, AUTO_INCREMENT=4;

--
-- AUTO_INCREMENT for table `media`
--
ALTER TABLE `media`
  MODIFY `id` bigint(20) UNSIGNED NOT NULL AUTO_INCREMENT, AUTO_INCREMENT=12;

--
-- AUTO_INCREMENT for table `migrations`
--
ALTER TABLE `migrations`
  MODIFY `id` int(10) UNSIGNED NOT NULL AUTO_INCREMENT, AUTO_INCREMENT=29;

--
-- AUTO_INCREMENT for table `notification`
--
ALTER TABLE `notification`
  MODIFY `id` bigint(20) UNSIGNED NOT NULL AUTO_INCREMENT, AUTO_INCREMENT=258;

--
-- AUTO_INCREMENT for table `notification_setting`
--
ALTER TABLE `notification_setting`
  MODIFY `id` bigint(20) UNSIGNED NOT NULL AUTO_INCREMENT, AUTO_INCREMENT=76;

--
-- AUTO_INCREMENT for table `properties`
--
ALTER TABLE `properties`
  MODIFY `id` bigint(20) UNSIGNED NOT NULL AUTO_INCREMENT, AUTO_INCREMENT=76;

--
-- AUTO_INCREMENT for table `property_contract_status`
--
ALTER TABLE `property_contract_status`
  MODIFY `id` bigint(20) UNSIGNED NOT NULL AUTO_INCREMENT, AUTO_INCREMENT=30;

--
-- AUTO_INCREMENT for table `property_contract_status_history`
--
ALTER TABLE `property_contract_status_history`
  MODIFY `id` bigint(20) UNSIGNED NOT NULL AUTO_INCREMENT, AUTO_INCREMENT=30;

--
-- AUTO_INCREMENT for table `property_loan_info`
--
ALTER TABLE `property_loan_info`
  MODIFY `id` bigint(20) UNSIGNED NOT NULL AUTO_INCREMENT, AUTO_INCREMENT=3;

--
-- AUTO_INCREMENT for table `reset_password`
--
ALTER TABLE `reset_password`
  MODIFY `id` bigint(20) UNSIGNED NOT NULL AUTO_INCREMENT, AUTO_INCREMENT=16;

--
-- AUTO_INCREMENT for table `subscription_packages`
--
ALTER TABLE `subscription_packages`
  MODIFY `id` bigint(20) UNSIGNED NOT NULL AUTO_INCREMENT, AUTO_INCREMENT=3;

--
-- AUTO_INCREMENT for table `transactions`
--
ALTER TABLE `transactions`
  MODIFY `id` bigint(20) UNSIGNED NOT NULL AUTO_INCREMENT;

--
-- AUTO_INCREMENT for table `users`
--
ALTER TABLE `users`
  MODIFY `id` bigint(20) UNSIGNED NOT NULL AUTO_INCREMENT, AUTO_INCREMENT=130;

--
-- AUTO_INCREMENT for table `user_api_token`
--
ALTER TABLE `user_api_token`
  MODIFY `id` bigint(20) UNSIGNED NOT NULL AUTO_INCREMENT, AUTO_INCREMENT=341;

--
-- AUTO_INCREMENT for table `user_groups`
--
ALTER TABLE `user_groups`
  MODIFY `id` bigint(20) UNSIGNED NOT NULL AUTO_INCREMENT, AUTO_INCREMENT=3;

--
-- AUTO_INCREMENT for table `user_review`
--
ALTER TABLE `user_review`
  MODIFY `id` bigint(20) UNSIGNED NOT NULL AUTO_INCREMENT, AUTO_INCREMENT=9;

--
-- AUTO_INCREMENT for table `user_subscriptions`
--
ALTER TABLE `user_subscriptions`
  MODIFY `id` bigint(20) UNSIGNED NOT NULL AUTO_INCREMENT, AUTO_INCREMENT=553;

--
-- Constraints for dumped tables
--

--
-- Constraints for table `appointments`
--
ALTER TABLE `appointments`
  ADD CONSTRAINT `appointments_agent_id_foreign` FOREIGN KEY (`agent_id`) REFERENCES `users` (`id`) ON DELETE CASCADE,
  ADD CONSTRAINT `appointments_buyer_id_foreign` FOREIGN KEY (`buyer_id`) REFERENCES `buyers` (`id`) ON DELETE CASCADE,
  ADD CONSTRAINT `appointments_customer_id_foreign` FOREIGN KEY (`customer_id`) REFERENCES `users` (`id`) ON DELETE CASCADE,
  ADD CONSTRAINT `appointments_property_id_foreign` FOREIGN KEY (`property_id`) REFERENCES `properties` (`id`) ON DELETE CASCADE;

--
-- Constraints for table `buyers`
--
ALTER TABLE `buyers`
  ADD CONSTRAINT `buyers_agent_id_foreign` FOREIGN KEY (`agent_id`) REFERENCES `users` (`id`) ON DELETE CASCADE,
  ADD CONSTRAINT `buyers_creator_id_foreign` FOREIGN KEY (`creator_id`) REFERENCES `users` (`id`) ON DELETE CASCADE,
  ADD CONSTRAINT `buyers_customer_id_foreign` FOREIGN KEY (`customer_id`) REFERENCES `users` (`id`) ON DELETE CASCADE;

--
-- Constraints for table `buyer_properties`
--
ALTER TABLE `buyer_properties`
  ADD CONSTRAINT `buyer_properties_agent_id_foreign` FOREIGN KEY (`agent_id`) REFERENCES `users` (`id`) ON DELETE CASCADE,
  ADD CONSTRAINT `buyer_properties_buyer_id_foreign` FOREIGN KEY (`buyer_id`) REFERENCES `buyers` (`id`) ON DELETE CASCADE,
  ADD CONSTRAINT `buyer_properties_customer_id_foreign` FOREIGN KEY (`customer_id`) REFERENCES `users` (`id`) ON DELETE CASCADE,
  ADD CONSTRAINT `buyer_properties_property_id_foreign` FOREIGN KEY (`property_id`) REFERENCES `properties` (`id`) ON DELETE CASCADE;

--
-- Constraints for table `cms_module_permissions`
--
ALTER TABLE `cms_module_permissions`
  ADD CONSTRAINT `cms_module_permissions_cms_module_id_foreign` FOREIGN KEY (`cms_module_id`) REFERENCES `cms_modules` (`id`) ON DELETE CASCADE,
  ADD CONSTRAINT `cms_module_permissions_cms_role_id_foreign` FOREIGN KEY (`cms_role_id`) REFERENCES `cms_roles` (`id`) ON DELETE CASCADE;

--
-- Constraints for table `cms_users`
--
ALTER TABLE `cms_users`
  ADD CONSTRAINT `cms_users_cms_role_id_foreign` FOREIGN KEY (`cms_role_id`) REFERENCES `cms_roles` (`id`) ON DELETE CASCADE;

--
-- Constraints for table `cms_widget_role`
--
ALTER TABLE `cms_widget_role`
  ADD CONSTRAINT `cms_widget_role_cms_role_id_foreign` FOREIGN KEY (`cms_role_id`) REFERENCES `cms_roles` (`id`) ON DELETE CASCADE,
  ADD CONSTRAINT `cms_widget_role_cms_widget_id_foreign` FOREIGN KEY (`cms_widget_id`) REFERENCES `cms_widgets` (`id`) ON DELETE CASCADE;

--
-- Constraints for table `lenders_state_disclosure`
--
ALTER TABLE `lenders_state_disclosure`
  ADD CONSTRAINT `lenders_state_disclosure_user_id_foreign` FOREIGN KEY (`user_id`) REFERENCES `users` (`id`) ON DELETE CASCADE;

--
-- Constraints for table `notification_setting`
--
ALTER TABLE `notification_setting`
  ADD CONSTRAINT `notification_setting_user_id_foreign` FOREIGN KEY (`user_id`) REFERENCES `users` (`id`) ON DELETE CASCADE;

--
-- Constraints for table `properties`
--
ALTER TABLE `properties`
  ADD CONSTRAINT `properties_agent_id_foreign` FOREIGN KEY (`agent_id`) REFERENCES `users` (`id`) ON DELETE CASCADE,
  ADD CONSTRAINT `properties_creator_id_foreign` FOREIGN KEY (`creator_id`) REFERENCES `users` (`id`) ON DELETE CASCADE,
  ADD CONSTRAINT `properties_customer_id_foreign` FOREIGN KEY (`customer_id`) REFERENCES `users` (`id`) ON DELETE CASCADE;

--
-- Constraints for table `property_contract_status`
--
ALTER TABLE `property_contract_status`
  ADD CONSTRAINT `property_contract_status_property_id_foreign` FOREIGN KEY (`property_id`) REFERENCES `properties` (`id`) ON DELETE CASCADE;

--
-- Constraints for table `property_contract_status_history`
--
ALTER TABLE `property_contract_status_history`
  ADD CONSTRAINT `property_contract_status_history_contract_id_foreign` FOREIGN KEY (`contract_id`) REFERENCES `property_contract_status` (`id`) ON DELETE CASCADE,
  ADD CONSTRAINT `property_contract_status_history_property_id_foreign` FOREIGN KEY (`property_id`) REFERENCES `properties` (`id`) ON DELETE CASCADE;

--
-- Constraints for table `property_loan_info`
--
ALTER TABLE `property_loan_info`
  ADD CONSTRAINT `property_loan_info_property_id_foreign` FOREIGN KEY (`property_id`) REFERENCES `properties` (`id`) ON DELETE CASCADE;

--
-- Constraints for table `transactions`
--
ALTER TABLE `transactions`
  ADD CONSTRAINT `transactions_user_id_foreign` FOREIGN KEY (`user_id`) REFERENCES `users` (`id`) ON DELETE CASCADE;

--
-- Constraints for table `users`
--
ALTER TABLE `users`
  ADD CONSTRAINT `users_user_group_id_foreign` FOREIGN KEY (`user_group_id`) REFERENCES `user_groups` (`id`) ON DELETE CASCADE;

--
-- Constraints for table `user_api_token`
--
ALTER TABLE `user_api_token`
  ADD CONSTRAINT `user_api_token_user_id_foreign` FOREIGN KEY (`user_id`) REFERENCES `users` (`id`) ON DELETE CASCADE;

--
-- Constraints for table `user_review`
--
ALTER TABLE `user_review`
  ADD CONSTRAINT `user_review_buyer_id_foreign` FOREIGN KEY (`buyer_id`) REFERENCES `buyers` (`id`) ON DELETE CASCADE,
  ADD CONSTRAINT `user_review_buyer_property_id_foreign` FOREIGN KEY (`buyer_property_id`) REFERENCES `buyer_properties` (`id`) ON DELETE CASCADE,
  ADD CONSTRAINT `user_review_user_id_foreign` FOREIGN KEY (`user_id`) REFERENCES `users` (`id`) ON DELETE CASCADE;

--
-- Constraints for table `user_subscriptions`
--
ALTER TABLE `user_subscriptions`
  ADD CONSTRAINT `user_subscriptions_subscription_package_id_foreign` FOREIGN KEY (`subscription_package_id`) REFERENCES `subscription_packages` (`id`) ON DELETE CASCADE,
  ADD CONSTRAINT `user_subscriptions_user_id_foreign` FOREIGN KEY (`user_id`) REFERENCES `users` (`id`) ON DELETE CASCADE;
COMMIT;

/*!40101 SET CHARACTER_SET_CLIENT=@OLD_CHARACTER_SET_CLIENT */;
/*!40101 SET CHARACTER_SET_RESULTS=@OLD_CHARACTER_SET_RESULTS */;
/*!40101 SET COLLATION_CONNECTION=@OLD_COLLATION_CONNECTION */;
